Timestamp,Signal
12:32:19,665.8
12:32:19,665.88
12:32:19,665.93
12:32:19,665.96
12:32:19,665.17
12:32:19,664.3
12:32:19,665.38
12:32:19,666.03
12:32:20,664.82
12:32:20,665.69
12:32:20,663.81
12:32:20,665.09
12:32:20,664.25
12:32:20,665.35
12:32:20,666.01
12:32:20,664.81
12:32:20,665.68
12:32:20,665.81
12:32:20,666.29
12:32:20,666.17
12:32:20,663.7
12:32:20,664.62
12:32:20,665.17
12:32:20,665.9
12:32:20,664.74
12:32:20,663.25
12:32:20,664.75
12:32:20,665.65
12:32:20,666.19
12:32:20,666.51
12:32:20,665.51
12:32:20,664.9
12:32:20,665.34
12:32:20,666.01
12:32:20,665.6
12:32:20,664.16
12:32:20,664.1
12:32:20,664.06
12:32:20,664.44
12:32:20,663.86
12:32:20,666.72
12:32:20,666.83
12:32:20,666.5
12:32:20,666.3
12:32:20,666.18
12:32:20,667.71
12:32:20,666.22
12:32:20,665.33
12:32:20,664.8
12:32:20,664.48
12:32:20,666.29
12:32:20,666.97
12:32:20,667.38
12:32:20,667.23
12:32:20,667.54
12:32:20,667.32
12:32:20,665.99
12:32:21,666.0
12:32:21,664.8
12:32:21,664.48
12:32:21,664.29
12:32:21,665.37
12:32:21,666.02
12:32:21,665.61
12:32:21,666.17
12:32:21,666.5
12:32:21,665.5
12:32:21,665.7
12:32:21,665.82
12:32:21,665.89
12:32:21,665.14
12:32:21,663.88
12:32:21,664.73
12:32:21,665.64
12:32:21,666.18
12:32:21,666.51
12:32:21,665.11
12:32:21,664.26
12:32:21,664.96
12:32:21,664.57
12:32:21,665.54
12:32:21,663.33
12:32:21,664.8
12:32:21,666.08
12:32:21,666.05
12:32:21,666.03
12:32:21,664.82
12:32:21,666.09
12:32:21,665.25
12:32:21,665.55
12:32:21,666.13
12:32:21,665.28
12:32:21,665.97
12:32:21,666.38
12:32:21,666.23
12:32:21,666.54
12:32:21,665.52
12:32:21,666.11
12:32:21,665.67
12:32:21,665.8
12:32:21,664.68
12:32:21,664.41
12:32:21,664.25
12:32:21,664.95
12:32:21,664.57
12:32:22,665.94
12:32:22,665.16
12:32:22,664.7
12:32:22,666.02
12:32:22,665.61
12:32:22,665.77
12:32:22,663.86
12:32:22,665.52
12:32:22,666.11
12:32:22,665.27
12:32:22,665.96
12:32:22,665.18
12:32:22,665.91
12:32:22,665.94
12:32:22,665.17
12:32:22,665.9
12:32:22,664.34
12:32:22,665.4
12:32:22,665.64
12:32:22,665.79
12:32:22,665.07
12:32:22,664.64
12:32:22,665.59
12:32:22,665.75
12:32:22,666.25
12:32:22,666.55
12:32:22,665.13
12:32:22,664.68
12:32:22,665.21
12:32:22,664.72
12:32:22,665.63
12:32:22,665.38
12:32:22,666.43
12:32:22,666.26
12:32:22,666.95
12:32:22,666.57
12:32:22,665.54
12:32:22,666.13
12:32:22,665.28
12:32:22,665.97
12:32:22,665.18
12:32:22,663.51
12:32:22,663.7
12:32:22,665.42
12:32:22,666.05
12:32:22,666.03
12:32:22,664.42
12:32:22,665.45
12:32:23,666.47
12:32:23,666.68
12:32:23,665.61
12:32:23,665.37
12:32:23,666.02
12:32:23,665.61
12:32:23,664.97
12:32:23,665.38
12:32:23,664.83
12:32:23,665.7
12:32:23,666.62
12:32:23,666.77
12:32:23,666.86
12:32:23,664.92
12:32:23,665.75
12:32:23,666.65
12:32:23,666.79
12:32:23,665.67
12:32:23,666.2
12:32:23,666.52
12:32:23,665.51
12:32:23,664.91
12:32:23,665.75
12:32:23,666.65
12:32:23,667.19
12:32:23,667.11
12:32:23,666.27
12:32:23,666.56
12:32:23,667.14
12:32:23,665.88
12:32:23,666.33
12:32:23,665.4
12:32:23,665.64
12:32:23,665.78
12:32:23,665.87
12:32:23,665.92
12:32:23,666.35
12:32:23,666.21
12:32:23,666.13
12:32:23,665.28
12:32:23,666.37
12:32:23,666.62
12:32:23,667.17
12:32:23,667.1
12:32:23,667.06
12:32:23,666.24
12:32:23,666.54
12:32:23,667.13
12:32:23,666.68
12:32:24,666.81
12:32:24,666.88
12:32:24,666.53
12:32:24,666.72
12:32:24,666.83
12:32:24,667.3
12:32:24,667.18
12:32:24,667.11
12:32:24,665.86
12:32:24,665.92
12:32:24,664.75
12:32:24,666.05
12:32:24,665.63
12:32:24,666.58
12:32:24,666.35
12:32:24,665.81
12:32:24,665.88
12:32:24,665.93
12:32:24,665.96
12:32:24,665.18
12:32:24,665.11
12:32:24,665.06
12:32:24,665.04
12:32:24,665.42
12:32:24,666.45
12:32:24,665.87
12:32:24,666.72
12:32:24,665.63
12:32:24,666.18
12:32:24,666.51
12:32:24,664.71
12:32:24,664.42
12:32:24,665.45
12:32:24,666.07
12:32:24,665.24
12:32:24,664.75
12:32:24,665.65
12:32:24,666.19
12:32:24,666.51
12:32:24,666.71
12:32:24,665.62
12:32:24,665.77
12:32:24,666.27
12:32:24,666.56
12:32:24,666.74
12:32:24,664.04
12:32:24,663.62
12:32:24,663.77
12:32:25,665.46
12:32:25,666.48
12:32:25,664.69
12:32:25,665.61
12:32:25,664.97
12:32:25,665.38
12:32:25,665.63
12:32:25,663.78
12:32:25,664.67
12:32:25,665.6
12:32:25,665.76
12:32:25,666.26
12:32:25,664.15
12:32:25,664.09
12:32:25,664.06
12:32:25,664.43
12:32:25,665.46
12:32:25,664.88
12:32:25,665.33
12:32:25,664.8
12:32:25,665.68
12:32:25,665.01
12:32:25,664.2
12:32:25,665.32
12:32:25,664.79
12:32:25,665.28
12:32:25,665.57
12:32:25,664.94
12:32:25,665.36
12:32:25,666.02
12:32:25,665.61
12:32:25,666.17
12:32:25,663.7
12:32:25,664.62
12:32:25,665.57
12:32:25,666.14
12:32:25,666.49
12:32:25,664.69
12:32:25,665.61
12:32:25,664.97
12:32:25,665.78
12:32:25,665.07
12:32:25,663.84
12:32:25,664.3
12:32:25,665.38
12:32:25,666.03
12:32:25,665.22
12:32:25,667.53
12:32:26,667.32
12:32:26,665.99
12:32:26,665.99
12:32:26,665.2
12:32:26,665.92
12:32:26,666.35
12:32:26,666.61
12:32:26,665.57
12:32:26,665.74
12:32:26,666.64
12:32:26,666.39
12:32:26,666.63
12:32:26,666.78
12:32:26,666.47
12:32:26,666.28
12:32:26,666.97
12:32:26,666.98
12:32:26,666.59
12:32:26,665.55
12:32:26,666.53
12:32:26,666.32
12:32:26,665.39
12:32:26,666.43
12:32:26,666.66
12:32:26,666.8
12:32:26,667.28
12:32:26,667.17
12:32:26,665.9
12:32:26,665.14
12:32:26,665.88
12:32:26,665.13
12:32:26,664.68
12:32:26,666.01
12:32:26,665.6
12:32:26,664.56
12:32:26,664.34
12:32:26,665.4
12:32:26,665.24
12:32:26,666.34
12:32:26,667.01
12:32:26,665.0
12:32:26,664.6
12:32:26,665.96
12:32:26,665.18
12:32:26,665.91
12:32:26,665.14
12:32:26,664.69
12:32:26,664.81
12:32:26,665.69
12:32:27,665.81
12:32:27,665.09
12:32:27,664.65
12:32:27,665.59
12:32:27,665.75
12:32:27,666.65
12:32:27,665.59
12:32:27,666.16
12:32:27,665.29
12:32:27,666.38
12:32:27,666.23
12:32:27,664.54
12:32:27,665.92
12:32:27,666.35
12:32:27,666.61
12:32:27,666.77
12:32:27,665.66
12:32:27,666.2
12:32:27,665.32
12:32:27,665.99
12:32:27,665.19
12:32:27,663.52
12:32:27,664.91
12:32:27,665.75
12:32:27,666.65
12:32:27,667.19
12:32:27,664.71
12:32:27,664.83
12:32:27,665.7
12:32:27,666.62
12:32:27,666.77
12:32:27,664.46
12:32:27,665.48
12:32:27,666.09
12:32:27,665.25
12:32:27,666.35
12:32:27,664.21
12:32:27,664.13
12:32:27,664.08
12:32:27,664.05
12:32:27,664.83
12:32:27,664.5
12:32:27,665.9
12:32:27,665.94
12:32:27,665.96
12:32:27,665.18
12:32:27,663.51
12:32:27,663.7
12:32:28,664.62
12:32:28,665.57
12:32:28,665.74
12:32:28,665.05
12:32:28,664.63
12:32:28,665.58
12:32:28,665.75
12:32:28,666.65
12:32:28,665.99
12:32:28,665.99
12:32:28,666.4
12:32:28,666.64
12:32:28,667.18
12:32:28,664.71
12:32:28,664.43
12:32:28,665.46
12:32:28,666.47
12:32:28,666.28
12:32:28,664.57
12:32:28,665.54
12:32:28,666.53
12:32:28,665.52
12:32:28,666.51
12:32:28,668.31
12:32:28,666.58
12:32:28,666.75
12:32:28,666.85
12:32:28,666.91
12:32:28,666.95
12:32:28,667.37
12:32:28,666.02
12:32:28,665.61
12:32:28,665.77
12:32:28,667.46
12:32:28,667.28
12:32:28,667.57
12:32:28,667.34
12:32:28,667.2
12:32:28,668.32
12:32:28,666.59
12:32:28,667.16
12:32:28,665.89
12:32:28,665.14
12:32:28,665.88
12:32:28,665.93
12:32:28,666.36
12:32:28,666.61
12:32:28,666.37
12:32:29,666.62
12:32:29,666.77
12:32:29,666.86
12:32:29,666.92
12:32:29,666.95
12:32:29,665.77
12:32:29,666.26
12:32:29,665.36
12:32:29,666.01
12:32:29,665.61
12:32:29,665.77
12:32:29,665.06
12:32:29,665.04
12:32:29,664.62
12:32:29,665.57
12:32:29,666.14
12:32:29,664.09
12:32:29,664.05
12:32:29,664.03
12:32:29,664.42
12:32:29,665.45
12:32:29,664.87
12:32:29,665.32
12:32:29,664.79
12:32:29,664.48
12:32:29,664.29
12:32:29,664.17
12:32:29,664.1
12:32:29,665.26
12:32:29,665.96
12:32:29,665.17
12:32:29,664.7
12:32:29,666.02
12:32:29,665.21
12:32:29,665.53
12:32:29,666.12
12:32:29,665.27
12:32:29,664.76
12:32:29,665.66
12:32:29,665.79
12:32:29,665.08
12:32:29,664.65
12:32:29,665.59
12:32:29,666.55
12:32:29,666.33
12:32:29,666.6
12:32:29,664.36
12:32:29,665.42
12:32:29,666.05
12:32:30,665.23
12:32:30,665.94
12:32:30,665.16
12:32:30,664.3
12:32:30,665.78
12:32:30,665.87
12:32:30,665.12
12:32:30,664.67
12:32:30,665.6
12:32:30,665.76
12:32:30,666.26
12:32:30,666.15
12:32:30,663.69
12:32:30,664.62
12:32:30,665.57
12:32:30,665.74
12:32:30,665.84
12:32:30,664.31
12:32:30,664.18
12:32:30,665.31
12:32:30,664.79
12:32:30,665.27
12:32:30,663.56
12:32:30,664.94
12:32:30,665.36
12:32:30,666.02
12:32:30,665.21
12:32:30,664.73
12:32:30,664.44
12:32:30,665.46
12:32:30,666.48
12:32:30,666.29
12:32:30,665.37
12:32:30,666.02
12:32:30,665.61
12:32:30,664.97
12:32:30,665.38
12:32:30,664.83
12:32:30,665.7
12:32:30,666.22
12:32:30,665.33
12:32:30,665.6
12:32:30,664.16
12:32:30,664.1
12:32:30,664.06
12:32:30,663.63
12:32:30,664.98
12:32:30,666.59
12:32:31,666.35
12:32:31,666.61
12:32:31,665.57
12:32:31,665.74
12:32:31,666.64
12:32:31,667.19
12:32:31,667.51
12:32:31,666.11
12:32:31,665.26
12:32:31,666.36
12:32:31,666.22
12:32:31,665.73
12:32:31,665.84
12:32:31,665.9
12:32:31,665.14
12:32:31,664.68
12:32:31,665.21
12:32:31,664.73
12:32:31,665.64
12:32:31,666.18
12:32:31,666.51
12:32:31,665.51
12:32:31,664.9
12:32:31,664.54
12:32:31,665.93
12:32:31,666.36
12:32:31,666.61
12:32:31,665.57
12:32:31,665.74
12:32:31,665.84
12:32:31,665.11
12:32:31,665.06
12:32:31,664.64
12:32:31,665.18
12:32:31,666.31
12:32:31,664.99
12:32:31,665.39
12:32:31,666.04
12:32:31,665.22
12:32:31,665.53
12:32:31,664.92
12:32:31,665.75
12:32:31,666.25
12:32:31,666.95
12:32:31,665.77
12:32:31,665.06
12:32:31,664.64
12:32:31,665.58
12:32:32,664.95
12:32:32,664.57
12:32:32,662.74
12:32:32,664.85
12:32:32,665.31
12:32:32,665.98
12:32:32,665.19
12:32:32,663.11
12:32:32,663.87
12:32:32,664.72
12:32:32,665.63
12:32:32,666.18
12:32:32,664.11
12:32:32,663.66
12:32:32,665.0
12:32:32,664.6
12:32:32,665.96
12:32:32,664.38
12:32:32,665.43
12:32:32,666.06
12:32:32,665.63
12:32:32,666.18
12:32:32,663.71
12:32:32,664.22
12:32:32,664.13
12:32:32,664.08
12:32:32,664.85
12:32:32,663.71
12:32:32,663.83
12:32:32,665.1
12:32:32,664.66
12:32:32,665.19
12:32:32,663.52
12:32:32,664.91
12:32:32,664.55
12:32:32,665.53
12:32:32,666.12
12:32:32,668.07
12:32:32,666.44
12:32:32,667.07
12:32:32,666.24
12:32:32,666.94
12:32:32,668.17
12:32:32,666.5
12:32:32,667.1
12:32:32,667.06
12:32:32,666.64
12:32:32,666.38
12:32:32,666.23
12:32:33,665.34
12:32:33,665.6
12:32:33,664.96
12:32:33,665.38
12:32:33,666.03
12:32:33,665.62
12:32:33,666.17
12:32:33,666.5
12:32:33,665.1
12:32:33,666.26
12:32:33,666.16
12:32:33,665.29
12:32:33,665.58
12:32:33,664.95
12:32:33,664.17
12:32:33,664.1
12:32:33,665.26
12:32:33,665.96
12:32:33,665.97
12:32:33,663.98
12:32:33,665.19
12:32:33,665.91
12:32:33,666.35
12:32:33,666.61
12:32:33,665.17
12:32:33,664.7
12:32:33,666.02
12:32:33,665.21
12:32:33,665.53
12:32:33,664.92
12:32:33,665.75
12:32:33,666.25
12:32:33,666.55
12:32:33,666.73
12:32:33,666.04
12:32:33,665.22
12:32:33,664.73
12:32:33,665.64
12:32:33,666.58
12:32:33,665.95
12:32:33,665.97
12:32:33,665.98
12:32:33,665.59
12:32:33,665.75
12:32:33,665.05
12:32:33,665.03
12:32:33,665.02
12:32:33,665.41
12:32:34,666.05
12:32:34,665.23
12:32:34,664.74
12:32:34,665.64
12:32:34,666.19
12:32:34,666.51
12:32:34,665.51
12:32:34,664.9
12:32:34,665.34
12:32:34,666.01
12:32:34,665.6
12:32:34,664.16
12:32:34,664.1
12:32:34,664.06
12:32:34,664.04
12:32:34,664.82
12:32:34,664.49
12:32:34,665.1
12:32:34,664.66
12:32:34,665.59
12:32:34,665.76
12:32:34,665.05
12:32:34,665.03
12:32:34,665.02
12:32:34,665.01
12:32:34,665.01
12:32:34,667.0
12:32:34,665.8
12:32:34,665.88
12:32:34,665.93
12:32:34,665.96
12:32:34,665.17
12:32:34,664.7
12:32:34,665.22
12:32:34,664.73
12:32:34,665.64
12:32:34,666.58
12:32:34,666.75
12:32:34,666.85
12:32:34,667.31
12:32:34,665.99
12:32:34,665.19
12:32:34,665.92
12:32:34,666.75
12:32:34,666.85
12:32:34,666.51
12:32:34,666.71
12:32:34,665.62
12:32:34,666.17
12:32:35,665.3
12:32:35,665.58
12:32:35,664.95
12:32:35,662.97
12:32:35,664.18
12:32:35,665.31
12:32:35,664.79
12:32:35,665.27
12:32:35,664.76
12:32:35,665.66
12:32:35,666.19
12:32:35,666.52
12:32:35,667.11
12:32:35,665.47
12:32:35,666.08
12:32:35,665.25
12:32:35,665.95
12:32:35,665.97
12:32:35,663.98
12:32:35,664.79
12:32:35,665.27
12:32:35,665.96
12:32:35,665.18
12:32:35,664.71
12:32:35,664.42
12:32:35,664.25
12:32:35,664.95
12:32:35,664.57
12:32:35,664.74
12:32:35,665.65
12:32:35,666.59
12:32:35,666.35
12:32:35,667.01
12:32:35,665.81
12:32:35,666.28
12:32:35,666.97
12:32:35,665.78
12:32:35,665.87
12:32:35,664.32
12:32:35,664.19
12:32:35,665.32
12:32:35,665.99
12:32:35,665.59
12:32:35,664.96
12:32:35,666.17
12:32:35,665.3
12:32:35,665.58
12:32:35,664.95
12:32:36,664.57
12:32:36,665.54
12:32:36,666.13
12:32:36,666.08
12:32:36,666.45
12:32:36,665.47
12:32:36,666.08
12:32:36,665.25
12:32:36,665.95
12:32:36,666.37
12:32:36,664.22
12:32:36,664.13
12:32:36,664.08
12:32:36,664.05
12:32:36,664.83
12:32:36,664.5
12:32:36,665.5
12:32:36,666.1
12:32:36,665.26
12:32:36,666.36
12:32:36,663.81
12:32:36,665.09
12:32:36,664.65
12:32:36,665.99
12:32:36,665.2
12:32:36,663.92
12:32:36,665.15
12:32:36,664.69
12:32:36,666.01
12:32:36,665.61
12:32:36,665.37
12:32:36,666.02
12:32:36,665.61
12:32:36,664.97
12:32:36,665.38
12:32:36,667.23
12:32:36,666.74
12:32:36,667.24
12:32:36,667.15
12:32:36,666.69
12:32:36,667.21
12:32:36,665.53
12:32:36,666.12
12:32:36,665.27
12:32:36,665.96
12:32:36,667.98
12:32:36,667.59
12:32:36,666.95
12:32:37,666.57
12:32:37,666.34
12:32:37,667.01
12:32:37,666.2
12:32:37,666.92
12:32:37,666.95
12:32:37,666.57
12:32:37,666.74
12:32:37,667.25
12:32:37,667.15
12:32:37,665.89
12:32:37,665.13
12:32:37,665.88
12:32:37,666.33
12:32:37,665.4
12:32:37,666.04
12:32:37,666.02
12:32:37,665.21
12:32:37,664.73
12:32:37,665.24
12:32:37,666.34
12:32:37,667.01
12:32:37,666.2
12:32:37,663.72
12:32:37,665.03
12:32:37,665.02
12:32:37,664.21
12:32:37,665.33
12:32:37,663.6
12:32:37,664.96
12:32:37,666.17
12:32:37,666.5
12:32:37,666.3
12:32:37,665.78
12:32:37,665.87
12:32:37,665.92
12:32:37,665.95
12:32:37,665.17
12:32:37,663.9
12:32:37,665.14
12:32:37,664.69
12:32:37,664.41
12:32:37,665.05
12:32:37,664.63
12:32:37,665.58
12:32:37,666.55
12:32:37,666.73
12:32:37,666.84
12:32:37,664.9
12:32:38,665.74
12:32:38,666.24
12:32:38,666.55
12:32:38,667.13
12:32:38,666.28
12:32:38,666.17
12:32:38,665.3
12:32:38,666.38
12:32:38,667.03
12:32:38,665.42
12:32:38,666.05
12:32:38,665.23
12:32:38,664.74
12:32:38,666.04
12:32:38,665.23
12:32:38,664.74
12:32:38,666.04
12:32:38,665.22
12:32:38,665.93
12:32:38,665.16
12:32:38,664.7
12:32:38,665.62
12:32:38,666.17
12:32:38,666.5
12:32:38,664.7
12:32:38,666.02
12:32:38,665.21
12:32:38,664.73
12:32:38,665.64
12:32:38,664.98
12:32:38,665.39
12:32:38,666.43
12:32:38,665.86
12:32:38,665.12
12:32:38,665.07
12:32:38,665.04
12:32:38,665.43
12:32:38,666.06
12:32:38,665.23
12:32:38,665.94
12:32:38,665.96
12:32:38,665.98
12:32:38,666.39
12:32:38,666.23
12:32:38,668.54
12:32:38,667.92
12:32:38,667.55
12:32:38,667.33
12:32:39,667.2
12:32:39,667.52
12:32:39,667.71
12:32:39,666.23
12:32:39,665.34
12:32:39,666.4
12:32:39,668.24
12:32:39,667.74
12:32:39,667.45
12:32:39,667.27
12:32:39,667.56
12:32:39,667.34
12:32:39,667.2
12:32:39,667.12
12:32:39,665.87
12:32:39,665.12
12:32:39,665.47
12:32:39,665.68
12:32:39,665.81
12:32:39,665.89
12:32:39,665.53
12:32:39,666.12
12:32:39,665.27
12:32:39,665.56
12:32:39,666.54
12:32:39,667.12
12:32:39,666.67
12:32:39,667.2
12:32:39,667.12
12:32:39,665.87
12:32:39,665.92
12:32:39,665.95
12:32:39,665.17
12:32:39,664.7
12:32:39,665.62
12:32:39,666.17
12:32:39,666.5
12:32:39,665.5
12:32:39,666.5
12:32:39,667.1
12:32:39,667.06
12:32:39,665.84
12:32:39,665.5
12:32:39,665.7
12:32:39,665.82
12:32:39,665.89
12:32:39,665.14
12:32:39,663.88
12:32:40,664.73
12:32:40,665.64
12:32:40,665.78
12:32:40,665.07
12:32:40,664.24
12:32:40,665.35
12:32:40,664.41
12:32:40,665.44
12:32:40,666.07
12:32:40,664.84
12:32:40,665.3
12:32:40,665.98
12:32:40,665.19
12:32:40,665.91
12:32:40,663.95
12:32:40,665.57
12:32:40,666.14
12:32:40,666.08
12:32:40,666.45
12:32:40,665.47
12:32:40,666.48
12:32:40,667.09
12:32:40,665.85
12:32:40,665.11
12:32:40,663.87
12:32:40,664.72
12:32:40,665.63
12:32:40,665.78
12:32:40,665.07
12:32:40,664.64
12:32:40,665.98
12:32:40,665.99
12:32:40,665.99
12:32:40,665.2
12:32:40,663.52
12:32:40,664.91
12:32:40,665.75
12:32:40,666.25
12:32:40,666.55
12:32:40,664.33
12:32:40,664.2
12:32:40,665.72
12:32:40,666.23
12:32:40,666.54
12:32:40,664.32
12:32:40,664.19
12:32:40,665.32
12:32:40,664.79
12:32:40,664.47
12:32:41,666.68
12:32:41,666.41
12:32:41,665.85
12:32:41,666.31
12:32:41,666.18
12:32:41,667.71
12:32:41,666.23
12:32:41,665.34
12:32:41,666.0
12:32:41,666.4
12:32:41,667.04
12:32:41,665.42
12:32:41,665.65
12:32:41,666.19
12:32:41,666.52
12:32:41,666.71
12:32:41,665.63
12:32:41,665.38
12:32:41,665.63
12:32:41,666.18
12:32:41,666.51
12:32:41,665.5
12:32:41,666.1
12:32:41,666.46
12:32:41,666.28
12:32:41,666.17
12:32:41,666.1
12:32:41,666.46
12:32:41,666.28
12:32:41,665.77
12:32:41,665.86
12:32:41,665.52
12:32:41,665.71
12:32:41,665.03
12:32:41,665.02
12:32:41,664.21
12:32:41,664.93
12:32:41,665.76
12:32:41,666.25
12:32:41,666.15
12:32:41,666.49
12:32:41,665.49
12:32:41,666.1
12:32:41,665.26
12:32:41,665.95
12:32:41,665.57
12:32:41,664.94
12:32:41,665.37
12:32:42,666.02
12:32:42,665.21
12:32:42,665.53
12:32:42,664.92
12:32:42,665.75
12:32:42,666.25
12:32:42,666.55
12:32:42,666.33
12:32:42,664.2
12:32:42,665.32
12:32:42,664.79
12:32:42,664.47
12:32:42,665.48
12:32:42,663.29
12:32:42,664.77
12:32:42,665.66
12:32:42,665.8
12:32:42,665.08
12:32:42,663.85
12:32:42,665.11
12:32:42,665.07
12:32:42,665.44
12:32:42,665.66
12:32:42,665.0
12:32:42,664.2
12:32:42,665.32
12:32:42,665.99
12:32:42,665.2
12:32:42,664.32
12:32:42,664.19
12:32:42,665.31
12:32:42,665.59
12:32:42,664.95
12:32:42,664.57
12:32:42,665.54
12:32:42,666.13
12:32:42,666.08
12:32:42,666.45
12:32:42,665.47
12:32:42,665.68
12:32:42,665.81
12:32:42,666.28
12:32:42,666.57
12:32:42,665.54
12:32:42,666.13
12:32:42,664.88
12:32:42,664.53
12:32:42,665.52
12:32:42,663.71
12:32:43,663.83
12:32:43,665.1
12:32:43,665.46
12:32:43,666.07
12:32:43,664.44
12:32:43,665.47
12:32:43,666.08
12:32:43,664.85
12:32:43,664.51
12:32:43,664.31
12:32:43,664.18
12:32:43,665.31
12:32:43,399.19
12:32:43,239.51
12:32:43,143.71
12:32:43,86.22
12:32:43,51.73
12:32:43,31.04
12:32:43,18.62
12:32:43,0
12:32:43,0
12:32:43,0
12:32:43,0
12:32:43,0
12:32:43,0
12:32:43,0
12:32:43,0
12:32:43,0
12:32:43,0
12:32:43,0
12:32:43,0
12:32:43,0
12:32:43,0
12:32:43,0
12:32:43,0
12:32:43,0
12:32:43,0
12:32:43,0
12:32:43,0
12:32:43,0
12:32:43,0
12:32:43,0
12:32:43,0
12:32:43,0
12:32:43,0
12:32:43,0
12:32:43,0
12:32:43,0
12:32:44,0
12:32:44,0
12:32:44,0
12:32:44,0
12:32:44,0
12:32:44,0
12:32:44,0
12:32:44,0
12:32:44,0
12:32:44,0
12:32:44,0
12:32:44,0
12:32:44,265.6
12:32:44,426.16
12:32:44,522.5
12:32:44,579.1
12:32:44,614.26
12:32:44,634.16
12:32:44,647.29
12:32:44,654.78
12:32:44,659.27
12:32:44,662.36
12:32:44,663.42
12:32:44,665.25
12:32:44,665.95
12:32:44,666.37
12:32:44,666.62
12:32:44,666.77
12:32:44,666.46
12:32:44,666.28
12:32:44,666.97
12:32:44,667.38
12:32:44,667.63
12:32:44,667.38
12:32:44,666.83
12:32:44,665.3
12:32:44,664.78
12:32:44,665.67
12:32:44,665.8
12:32:44,665.08
12:32:44,664.25
12:32:44,664.15
12:32:44,664.09
12:32:44,664.85
12:32:44,664.11
12:32:44,662.87
12:32:44,664.12
12:32:44,664.07
12:32:45,663.64
12:32:45,664.99
12:32:45,664.59
12:32:45,664.76
12:32:45,665.65
12:32:45,666.19
12:32:45,666.52
12:32:45,665.51
12:32:45,664.91
12:32:45,664.54
12:32:45,665.53
12:32:45,665.72
12:32:45,665.03
12:32:45,665.02
12:32:45,664.61
12:32:45,665.57
12:32:45,666.14
12:32:45,663.68
12:32:45,664.61
12:32:45,664.37
12:32:45,665.42
12:32:45,666.05
12:32:45,665.23
12:32:45,664.74
12:32:45,665.64
12:32:45,666.19
12:32:45,666.91
12:32:45,664.15
12:32:45,664.09
12:32:45,664.05
12:32:45,663.63
12:32:45,664.98
12:32:45,663.79
12:32:45,665.07
12:32:45,664.24
12:32:45,665.35
12:32:45,666.01
12:32:45,664.8
12:32:45,664.88
12:32:45,665.33
12:32:45,664.8
12:32:45,664.48
12:32:45,663.09
12:32:45,663.45
12:32:45,664.87
12:32:45,665.32
12:32:45,665.59
12:32:45,664.16
12:32:45,664.09
12:32:46,663.66
12:32:46,664.99
12:32:46,664.2
12:32:46,666.52
12:32:46,666.31
12:32:46,664.99
12:32:46,664.99
12:32:46,664.6
12:32:46,665.16
12:32:46,664.69
12:32:46,665.22
12:32:46,664.73
12:32:46,665.24
12:32:46,665.94
12:32:46,665.57
12:32:46,666.14
12:32:46,665.28
12:32:46,665.17
12:32:46,665.9
12:32:46,665.94
12:32:46,665.96
12:32:46,665.58
12:32:46,664.95
12:32:46,664.17
12:32:46,664.9
12:32:46,665.34
12:32:46,666.0
12:32:46,666.0
12:32:46,666.4
12:32:46,663.44
12:32:46,664.06
12:32:46,663.64
12:32:46,664.58
12:32:46,664.35
12:32:46,664.21
12:32:46,663.73
12:32:46,663.84
12:32:46,663.9
12:32:46,663.94
12:32:46,662.36
12:32:46,664.22
12:32:46,664.13
12:32:46,664.88
12:32:46,664.93
12:32:46,664.56
12:32:46,665.53
12:32:46,665.72
12:32:46,666.23
12:32:47,666.14
12:32:47,664.08
12:32:47,664.05
12:32:47,663.63
12:32:47,664.58
12:32:47,663.95
12:32:47,662.77
12:32:47,664.46
12:32:47,665.48
12:32:47,665.69
12:32:47,665.01
12:32:47,664.21
12:32:47,663.72
12:32:47,665.03
12:32:47,664.62
12:32:47,665.57
12:32:47,663.34
12:32:47,664.81
12:32:47,665.28
12:32:47,665.97
12:32:47,665.98
12:32:47,664.39
12:32:47,665.03
12:32:47,665.02
12:32:47,665.01
12:32:47,665.01
12:32:47,665.0
12:32:47,664.6
12:32:47,665.56
12:32:47,666.14
12:32:47,666.48
12:32:47,665.49
12:32:47,665.69
12:32:47,665.82
12:32:47,665.89
12:32:47,665.13
12:32:47,665.48
12:32:47,664.89
12:32:47,665.33
12:32:47,665.6
12:32:47,665.76
12:32:47,665.46
12:32:47,665.27
12:32:47,665.56
12:32:47,666.14
12:32:47,666.48
12:32:47,665.49
12:32:47,663.29
12:32:47,664.78
12:32:48,664.87
12:32:48,664.52
12:32:48,665.51
12:32:48,663.71
12:32:48,664.62
12:32:48,664.37
12:32:48,665.42
12:32:48,666.05
12:32:48,664.83
12:32:48,665.7
12:32:48,665.82
12:32:48,666.29
12:32:48,666.18
12:32:48,665.31
12:32:48,664.38
12:32:48,665.43
12:32:48,666.06
12:32:48,665.23
12:32:48,663.94
12:32:48,665.16
12:32:48,664.7
12:32:48,665.62
12:32:48,666.17
12:32:48,664.9
12:32:48,665.34
12:32:48,665.61
12:32:48,666.16
12:32:48,666.5
12:32:48,663.5
12:32:48,664.9
12:32:48,665.34
12:32:48,666.0
12:32:48,666.0
12:32:48,665.2
12:32:48,665.92
12:32:48,666.35
12:32:48,666.21
12:32:48,666.13
12:32:48,665.28
12:32:48,665.97
12:32:48,665.58
12:32:48,665.75
12:32:48,665.85
12:32:48,664.31
12:32:48,663.79
12:32:48,665.07
12:32:48,665.04
12:32:48,665.43
12:32:49,663.26
12:32:49,664.35
12:32:49,665.01
12:32:49,665.01
12:32:49,665.0
12:32:49,663.0
12:32:49,663.4
12:32:49,664.44
12:32:49,665.46
12:32:49,665.68
12:32:49,666.61
12:32:49,665.16
12:32:49,664.7
12:32:49,665.62
12:32:49,666.17
12:32:49,666.5
12:32:49,666.7
12:32:49,666.82
12:32:49,666.89
12:32:49,665.74
12:32:49,665.44
12:32:49,665.66
12:32:49,666.2
12:32:49,666.52
12:32:49,666.71
12:32:49,666.43
12:32:49,666.66
12:32:49,666.79
12:32:49,666.88
12:32:49,665.73
12:32:49,666.24
12:32:49,666.54
12:32:49,666.72
12:32:49,666.43
12:32:49,666.66
12:32:49,666.8
12:32:49,665.68
12:32:49,666.61
12:32:49,665.56
12:32:49,666.14
12:32:49,666.08
12:32:49,664.85
12:32:49,665.71
12:32:49,664.63
12:32:49,665.58
12:32:49,665.35
12:32:49,664.81
12:32:49,665.28
12:32:50,665.97
12:32:50,664.78
12:32:50,664.47
12:32:50,664.28
12:32:50,665.37
12:32:50,665.62
12:32:50,666.17
12:32:50,666.1
12:32:50,665.66
12:32:50,666.2
12:32:50,666.12
12:32:50,666.47
12:32:50,666.68
12:32:50,664.01
12:32:50,664.01
12:32:50,664.0
12:32:50,664.8
12:32:50,664.48
12:32:50,663.89
12:32:50,664.73
12:32:50,665.64
12:32:50,666.18
12:32:50,666.51
12:32:50,665.51
12:32:50,664.9
12:32:50,665.34
12:32:50,666.01
12:32:50,665.6
12:32:50,663.76
12:32:50,665.06
12:32:50,665.03
12:32:50,664.62
12:32:50,665.57
12:32:50,664.94
12:32:50,665.77
12:32:50,666.26
12:32:50,666.16
12:32:50,666.49
12:32:50,664.3
12:32:50,664.98
12:32:50,665.39
12:32:50,665.23
12:32:50,665.94
12:32:50,665.16
12:32:50,664.7
12:32:50,665.62
12:32:50,665.77
12:32:50,666.26
12:32:51,664.16
12:32:51,664.09
12:32:51,664.06
12:32:51,663.63
12:32:51,664.98
12:32:51,666.59
12:32:51,666.75
12:32:51,666.85
12:32:51,666.51
12:32:51,666.31
12:32:51,668.18
12:32:51,667.71
12:32:51,666.23
12:32:51,665.34
12:32:51,666.0
12:32:51,668.0
12:32:51,666.4
12:32:51,665.84
12:32:51,665.9
12:32:51,665.14
12:32:51,665.89
12:32:51,665.93
12:32:51,666.36
12:32:51,666.22
12:32:51,666.53
12:32:51,666.72
12:32:51,666.83
12:32:51,666.9
12:32:51,666.54
12:32:51,666.32
12:32:51,666.19
12:32:51,666.52
12:32:51,666.31
12:32:51,664.99
12:32:51,664.59
12:32:51,663.95
12:32:51,663.57
12:32:51,664.94
12:32:51,665.37
12:32:51,666.02
12:32:51,664.81
12:32:51,664.49
12:32:51,665.09
12:32:51,664.66
12:32:51,665.59
12:32:51,664.96
12:32:51,662.97
12:32:51,664.18
12:32:51,665.31
12:32:52,665.59
12:32:52,664.95
12:32:52,662.97
12:32:52,664.58
12:32:52,664.75
12:32:52,665.65
12:32:52,666.19
12:32:52,663.71
12:32:52,663.83
12:32:52,665.1
12:32:52,665.86
12:32:52,665.91
12:32:52,663.55
12:32:52,664.93
12:32:52,665.36
12:32:52,665.21
12:32:52,665.53
12:32:52,663.32
12:32:52,663.59
12:32:52,664.55
12:32:52,665.53
12:32:52,666.12
12:32:52,665.27
12:32:52,665.96
12:32:52,666.38
12:32:52,665.83
12:32:52,665.5
12:32:52,664.9
12:32:52,665.34
12:32:52,666.0
12:32:52,666.0
12:32:52,666.0
12:32:52,665.2
12:32:52,665.12
12:32:52,664.67
12:32:52,665.6
12:32:52,665.76
12:32:52,665.06
12:32:52,665.03
12:32:52,664.22
12:32:52,664.93
12:32:52,665.76
12:32:52,664.66
12:32:52,665.59
12:32:52,665.76
12:32:52,666.25
12:32:52,666.55
12:32:52,663.93
12:32:53,665.16
12:32:53,664.7
12:32:53,665.22
12:32:53,665.93
12:32:53,665.16
12:32:53,664.69
12:32:53,665.22
12:32:53,665.53
12:32:53,666.12
12:32:53,665.27
12:32:53,665.56
12:32:53,665.74
12:32:53,666.24
12:32:53,666.55
12:32:53,665.53
12:32:53,664.92
12:32:53,665.75
12:32:53,666.25
12:32:53,666.55
12:32:53,664.33
12:32:53,664.2
12:32:53,665.32
12:32:53,664.79
12:32:53,664.47
12:32:53,662.68
12:32:53,664.01
12:32:53,664.01
12:32:53,663.6
12:32:53,663.76
12:32:53,665.06
12:32:53,664.63
12:32:53,665.18
12:32:53,665.51
12:32:53,665.71
12:32:53,665.82
12:32:53,666.29
12:32:53,666.58
12:32:53,666.35
12:32:53,666.61
12:32:53,666.36
12:32:53,666.62
12:32:53,665.57
12:32:53,666.14
12:32:53,666.49
12:32:53,665.49
12:32:53,665.29
12:32:53,665.98
12:32:53,665.99
12:32:54,665.19
12:32:54,665.92
12:32:54,666.35
12:32:54,666.21
12:32:54,665.33
12:32:54,665.6
12:32:54,665.76
12:32:54,666.25
12:32:54,666.15
12:32:54,665.29
12:32:54,665.17
12:32:54,665.91
12:32:54,666.34
12:32:54,666.61
12:32:54,665.56
12:32:54,666.14
12:32:54,666.48
12:32:54,665.09
12:32:54,664.65
12:32:54,665.19
12:32:54,665.92
12:32:54,665.55
12:32:54,664.93
12:32:54,665.36
12:32:54,666.01
12:32:54,665.21
12:32:54,665.13
12:32:54,663.88
12:32:54,664.73
12:32:54,665.64
12:32:54,665.38
12:32:54,665.63
12:32:54,664.98
12:32:54,665.39
12:32:54,666.03
12:32:54,665.62
12:32:54,666.17
12:32:54,664.5
12:32:54,665.1
12:32:54,665.86
12:32:54,664.72
12:32:54,665.63
12:32:54,664.98
12:32:54,665.39
12:32:54,665.23
12:32:54,665.94
12:32:54,664.76
12:32:54,664.46
12:32:54,665.07
12:32:55,664.25
12:32:55,665.35
12:32:55,666.01
12:32:55,665.21
12:32:55,664.72
12:32:55,665.23
12:32:55,665.94
12:32:55,665.56
12:32:55,662.94
12:32:55,664.16
12:32:55,664.1
12:32:55,665.26
12:32:55,665.96
12:32:55,665.17
12:32:55,664.7
12:32:55,665.62
12:32:55,666.17
12:32:55,666.5
12:32:55,663.9
12:32:55,664.74
12:32:55,665.64
12:32:55,666.19
12:32:55,666.51
12:32:55,665.51
12:32:55,664.9
12:32:55,665.34
12:32:55,665.21
12:32:55,665.52
12:32:55,664.91
12:32:55,665.35
12:32:55,665.61
12:32:55,666.17
12:32:55,666.5
12:32:55,663.9
12:32:55,664.74
12:32:55,665.64
12:32:55,666.19
12:32:55,666.51
12:32:55,665.51
12:32:55,664.9
12:32:55,665.34
12:32:55,666.01
12:32:55,665.2
12:32:55,664.72
12:32:55,665.23
12:32:55,664.74
12:32:55,665.64
12:32:55,665.79
12:32:56,663.47
12:32:56,664.88
12:32:56,665.33
12:32:56,666.0
12:32:56,665.6
12:32:56,664.96
12:32:56,665.78
12:32:56,665.87
12:32:56,665.12
12:32:56,665.87
12:32:56,663.92
12:32:56,665.15
12:32:56,664.69
12:32:56,665.22
12:32:56,665.93
12:32:56,665.16
12:32:56,664.69
12:32:56,665.62
12:32:56,664.97
12:32:56,665.38
12:32:56,664.83
12:32:56,665.7
12:32:56,666.22
12:32:56,665.33
12:32:56,665.6
12:32:56,663.76
12:32:56,665.06
12:32:56,665.03
12:32:56,665.02
12:32:56,665.01
12:32:56,663.41
12:32:56,663.64
12:32:56,664.99
12:32:56,665.39
12:32:56,665.24
12:32:56,663.54
12:32:56,664.92
12:32:56,665.75
12:32:56,666.25
12:32:56,666.55
12:32:56,665.53
12:32:56,665.72
12:32:56,665.83
12:32:56,666.3
12:32:56,666.58
12:32:56,664.35
12:32:56,665.41
12:32:56,664.85
12:32:56,665.31
12:32:57,665.98
12:32:57,664.39
12:32:57,665.43
12:32:57,664.86
12:32:57,666.12
12:32:57,666.07
12:32:57,668.04
12:32:57,666.43
12:32:57,666.26
12:32:57,666.55
12:32:57,666.33
12:32:57,666.6
12:32:57,666.76
12:32:57,666.86
12:32:57,666.91
12:32:57,666.55
12:32:57,665.93
12:32:57,666.36
12:32:57,666.21
12:32:57,664.93
12:32:57,665.36
12:32:57,666.01
12:32:57,664.81
12:32:57,665.29
12:32:57,665.57
12:32:57,665.34
12:32:57,666.01
12:32:57,665.2
12:32:57,665.92
12:32:57,666.35
12:32:57,666.21
12:32:57,666.13
12:32:57,665.28
12:32:57,665.97
12:32:57,666.38
12:32:57,666.23
12:32:57,666.54
12:32:57,664.72
12:32:57,664.43
12:32:57,663.86
12:32:57,664.32
12:32:57,664.99
12:32:57,664.19
12:32:57,664.92
12:32:57,665.35
12:32:57,666.01
12:32:57,665.21
12:32:57,664.32
12:32:58,663.79
12:32:58,664.28
12:32:58,664.57
12:32:58,664.74
12:32:58,662.44
12:32:58,664.27
12:32:58,664.96
12:32:58,664.18
12:32:58,664.91
12:32:58,664.54
12:32:58,665.13
12:32:58,664.28
12:32:58,664.57
12:32:58,665.14
12:32:58,664.28
12:32:58,665.37
12:32:58,665.22
12:32:58,665.53
12:32:58,666.12
12:32:58,664.47
12:32:58,665.08
12:32:58,664.25
12:32:58,664.95
12:32:58,664.17
12:32:58,662.5
12:32:58,663.9
12:32:58,664.74
12:32:58,664.84
12:32:58,664.11
12:32:58,662.86
12:32:58,663.72
12:32:58,664.63
12:32:58,665.58
12:32:58,665.75
12:32:58,663.05
12:32:58,662.63
12:32:58,663.98
12:32:58,664.79
12:32:58,664.07
12:32:58,662.44
12:32:58,664.27
12:32:58,664.96
12:32:58,664.98
12:32:58,664.19
12:32:58,662.51
12:32:58,662.71
12:32:58,662.82
12:32:58,664.49
12:32:58,663.9
12:32:59,662.34
12:32:59,664.2
12:32:59,665.32
12:32:59,664.39
12:32:59,665.44
12:32:59,663.26
12:32:59,664.36
12:32:59,665.01
12:32:59,664.61
12:32:59,665.17
12:32:59,665.9
12:32:59,666.34
12:32:59,666.2
12:32:59,666.52
12:32:59,666.71
12:32:59,668.03
12:32:59,666.42
12:32:59,666.25
12:32:59,666.15
12:32:59,666.09
12:32:59,666.05
12:32:59,664.83
12:32:59,665.7
12:32:59,666.22
12:32:59,666.13
12:32:59,666.08
12:32:59,664.85
12:32:59,665.71
12:32:59,664.63
12:32:59,665.18
12:32:59,665.91
12:32:59,665.94
12:32:59,665.97
12:32:59,665.98
12:32:59,665.19
12:32:59,665.91
12:32:59,664.75
12:32:59,665.25
12:32:59,665.55
12:32:59,665.33
12:32:59,665.6
12:32:59,664.56
12:32:59,665.14
12:32:59,665.48
12:32:59,664.49
12:32:59,664.29
12:32:59,664.18
12:32:59,664.91
12:33:00,665.34
12:33:00,666.01
12:33:00,665.2
12:33:00,663.12
12:33:00,663.07
12:33:00,663.44
12:33:00,664.07
12:33:00,664.44
12:33:00,664.26
12:33:00,664.96
12:33:00,664.98
12:33:00,664.59
12:33:00,665.55
12:33:00,663.33
12:33:00,663.2
12:33:00,664.32
12:33:00,665.39
12:33:00,665.63
12:33:00,663.38
12:33:00,664.83
12:33:00,665.7
12:33:00,666.22
12:33:00,666.13
12:33:00,665.28
12:33:00,665.97
12:33:00,666.38
12:33:00,666.23
12:33:00,666.14
12:33:00,665.28
12:33:00,665.97
12:33:00,665.18
12:33:00,665.51
12:33:00,665.71
12:33:00,663.42
12:33:00,664.45
12:33:00,665.07
12:33:00,665.44
12:33:00,666.07
12:33:00,664.04
12:33:00,663.62
12:33:00,664.57
12:33:00,665.54
12:33:00,666.13
12:33:00,664.88
12:33:00,664.93
12:33:00,665.36
12:33:00,665.61
12:33:00,665.77
12:33:01,664.66
12:33:01,665.2
12:33:01,665.52
12:33:01,666.11
12:33:01,664.47
12:33:01,664.28
12:33:01,665.37
12:33:01,665.22
12:33:01,664.33
12:33:01,665.4
12:33:01,664.84
12:33:01,665.7
12:33:01,665.42
12:33:01,665.65
12:33:01,666.19
12:33:01,663.72
12:33:01,664.63
12:33:01,665.58
12:33:01,666.15
12:33:01,666.09
12:33:01,665.25
12:33:01,665.55
12:33:01,665.73
12:33:01,665.84
12:33:01,664.7
12:33:01,664.02
12:33:01,664.01
12:33:01,664.81
12:33:01,665.28
12:33:01,665.57
12:33:01,663.34
12:33:01,664.81
12:33:01,665.28
12:33:01,665.17
12:33:01,665.5
12:33:01,664.9
12:33:01,665.34
12:33:01,666.0
12:33:01,665.2
12:33:01,665.92
12:33:01,665.15
12:33:01,664.29
12:33:01,665.38
12:33:01,665.63
12:33:01,666.18
12:33:01,663.71
12:33:01,664.62
12:33:01,665.57
12:33:02,666.14
12:33:02,666.09
12:33:02,666.45
12:33:02,666.67
12:33:02,666.8
12:33:02,666.48
12:33:02,665.09
12:33:02,665.45
12:33:02,665.27
12:33:02,665.56
12:33:02,666.14
12:33:02,666.48
12:33:02,665.49
12:33:02,665.69
12:33:02,665.42
12:33:02,665.65
12:33:02,665.39
12:33:02,665.23
12:33:02,665.54
12:33:02,665.72
12:33:02,666.23
12:33:02,666.14
12:33:02,666.48
12:33:02,665.89
12:33:02,665.53
12:33:02,665.72
12:33:02,666.23
12:33:02,666.14
12:33:02,666.48
12:33:02,666.29
12:33:02,665.77
12:33:02,665.86
12:33:02,664.72
12:33:02,665.63
12:33:02,665.78
12:33:02,665.47
12:33:02,666.08
12:33:02,666.05
12:33:02,664.83
12:33:02,665.7
12:33:02,665.82
12:33:02,666.29
12:33:02,665.77
12:33:02,663.06
12:33:02,663.44
12:33:02,664.86
12:33:02,665.32
12:33:02,665.99
12:33:02,663.59
12:33:03,664.56
12:33:03,665.53
12:33:03,666.12
12:33:03,666.07
12:33:03,664.84
12:33:03,665.31
12:33:03,664.38
12:33:03,665.03
12:33:03,664.22
12:33:03,662.13
12:33:03,662.08
12:33:03,662.85
12:33:03,664.51
12:33:03,665.1
12:33:03,664.26
12:33:03,664.16
12:33:03,663.69
12:33:03,664.22
12:33:03,665.33
12:33:03,664.8
12:33:03,664.88
12:33:03,665.33
12:33:03,664.4
12:33:03,665.44
12:33:03,663.26
12:33:03,664.36
12:33:03,665.41
12:33:03,664.85
12:33:03,664.51
12:33:03,662.71
12:33:03,662.82
12:33:03,664.49
12:33:03,665.1
12:33:03,665.86
12:33:03,665.11
12:33:03,665.07
12:33:03,664.64
12:33:03,665.58
12:33:03,664.95
12:33:03,664.17
12:33:03,664.1
12:33:03,664.86
12:33:03,665.32
12:33:03,665.59
12:33:03,663.75
12:33:03,665.05
12:33:03,664.23
12:33:03,663.74
12:33:04,665.04
12:33:04,667.03
12:33:04,666.22
12:33:04,666.13
12:33:04,664.88
12:33:04,664.53
12:33:04,665.52
12:33:04,665.71
12:33:04,665.03
12:33:04,664.62
12:33:04,665.17
12:33:04,665.5
12:33:04,665.3
12:33:04,665.98
12:33:04,665.59
12:33:04,664.55
12:33:04,665.13
12:33:04,664.28
12:33:04,665.37
12:33:04,665.62
12:33:04,665.77
12:33:04,665.46
12:33:04,664.08
12:33:04,663.65
12:33:04,664.59
12:33:04,663.95
12:33:04,664.37
12:33:04,663.82
12:33:04,664.69
12:33:04,664.82
12:33:04,664.89
12:33:04,664.13
12:33:04,663.28
12:33:04,664.77
12:33:04,665.26
12:33:04,665.16
12:33:04,665.49
12:33:04,663.3
12:33:04,664.38
12:33:04,665.43
12:33:04,665.66
12:33:04,665.39
12:33:04,664.84
12:33:04,664.9
12:33:04,664.94
12:33:04,664.16
12:33:04,664.9
12:33:04,664.14
12:33:04,663.68
12:33:05,664.21
12:33:05,664.53
12:33:05,665.12
12:33:05,663.87
12:33:05,665.12
12:33:05,663.87
12:33:05,663.52
12:33:05,664.51
12:33:05,662.71
12:33:05,662.83
12:33:05,664.1
12:33:05,663.66
12:33:05,664.59
12:33:05,662.76
12:33:05,664.05
12:33:05,663.63
12:33:05,663.38
12:33:05,664.03
12:33:05,663.22
12:33:05,663.53
12:33:05,664.52
12:33:05,665.11
12:33:05,665.07
12:33:05,664.24
12:33:05,664.94
12:33:05,664.57
12:33:05,665.14
12:33:05,665.48
12:33:05,663.29
12:33:05,663.97
12:33:05,664.38
12:33:05,665.43
12:33:05,665.66
12:33:05,664.6
12:33:05,663.96
12:33:05,665.17
12:33:05,664.3
12:33:05,664.58
12:33:05,663.15
12:33:05,664.29
12:33:05,665.37
12:33:05,665.22
12:33:05,665.93
12:33:05,663.56
12:33:05,664.94
12:33:05,665.76
12:33:05,665.86
12:33:05,664.71
12:33:06,662.03
12:33:06,662.42
12:33:06,663.85
12:33:06,664.31
12:33:06,664.59
12:33:06,665.95
12:33:06,665.57
12:33:06,665.74
12:33:06,665.85
12:33:06,664.71
12:33:06,665.22
12:33:06,664.33
12:33:06,663.8
12:33:06,664.28
12:33:06,664.57
12:33:06,665.14
12:33:06,665.48
12:33:06,665.29
12:33:06,665.57
12:33:06,665.34
12:33:06,665.61
12:33:06,664.56
12:33:06,665.54
12:33:06,665.72
12:33:06,665.83
12:33:06,665.5
12:33:06,665.3
12:33:06,665.18
12:33:06,665.51
12:33:06,665.7
12:33:06,664.62
12:33:06,665.17
12:33:06,664.3
12:33:06,664.98
12:33:06,664.19
12:33:06,665.31
12:33:06,665.59
12:33:06,665.35
12:33:06,665.61
12:33:06,665.77
12:33:06,665.46
12:33:06,664.48
12:33:06,665.49
12:33:06,664.89
12:33:06,664.13
12:33:06,664.48
12:33:06,662.69
12:33:06,663.61
12:33:07,663.37
12:33:07,664.42
12:33:07,665.05
12:33:07,663.83
12:33:07,664.7
12:33:07,665.62
12:33:07,666.17
12:33:07,666.1
12:33:07,664.86
12:33:07,664.92
12:33:07,665.75
12:33:07,666.25
12:33:07,666.55
12:33:07,665.13
12:33:07,664.28
12:33:07,665.37
12:33:07,666.02
12:33:07,665.21
12:33:07,663.13
12:33:07,662.68
12:33:07,663.61
12:33:07,664.56
12:33:07,664.74
12:33:07,662.44
12:33:07,663.47
12:33:07,664.48
12:33:07,663.89
12:33:07,663.53
12:33:07,661.72
12:33:07,663.43
12:33:07,664.86
12:33:07,665.32
12:33:07,665.59
12:33:07,663.75
12:33:07,664.65
12:33:07,665.59
12:33:07,665.75
12:33:07,665.45
12:33:07,664.47
12:33:07,665.08
12:33:07,664.25
12:33:07,663.75
12:33:07,664.65
12:33:07,663.99
12:33:07,664.39
12:33:07,665.44
12:33:07,666.06
12:33:07,664.84
12:33:08,663.3
12:33:08,663.98
12:33:08,663.99
12:33:08,664.39
12:33:08,664.64
12:33:08,663.98
12:33:08,664.79
12:33:08,665.27
12:33:08,665.56
12:33:08,665.34
12:33:08,662.8
12:33:08,663.68
12:33:08,664.21
12:33:08,663.73
12:33:08,664.64
12:33:08,663.58
12:33:08,664.15
12:33:08,663.69
12:33:08,665.01
12:33:08,664.61
12:33:08,664.36
12:33:08,665.02
12:33:08,664.61
12:33:08,663.97
12:33:08,664.38
12:33:08,663.83
12:33:08,665.1
12:33:08,664.26
12:33:08,664.95
12:33:08,664.97
12:33:08,664.18
12:33:08,664.91
12:33:08,665.35
12:33:08,665.21
12:33:08,665.12
12:33:08,664.67
12:33:08,665.2
12:33:08,665.92
12:33:08,665.95
12:33:08,664.77
12:33:08,665.66
12:33:08,665.8
12:33:08,665.48
12:33:08,664.89
12:33:08,664.13
12:33:08,666.48
12:33:08,666.29
12:33:08,666.17
12:33:08,665.3
12:33:09,665.18
12:33:09,667.11
12:33:09,665.87
12:33:09,666.32
12:33:09,664.99
12:33:09,663.8
12:33:09,664.68
12:33:09,664.81
12:33:09,665.28
12:33:09,665.97
12:33:09,664.78
12:33:09,664.87
12:33:09,665.72
12:33:09,664.63
12:33:09,664.38
12:33:09,665.43
12:33:09,665.66
12:33:09,666.19
12:33:09,666.12
12:33:09,664.87
12:33:09,664.92
12:33:09,664.95
12:33:09,664.97
12:33:09,664.98
12:33:09,664.99
12:33:09,664.59
12:33:09,663.96
12:33:09,661.97
12:33:09,663.18
12:33:09,664.31
12:33:09,664.59
12:33:09,664.75
12:33:09,662.45
12:33:09,664.27
12:33:09,664.96
12:33:09,664.18
12:33:09,664.91
12:33:09,664.14
12:33:09,664.89
12:33:09,665.33
12:33:09,665.6
12:33:09,665.36
12:33:09,664.82
12:33:09,665.29
12:33:09,665.97
12:33:09,664.78
12:33:09,664.47
12:33:09,662.28
12:33:10,663.77
12:33:10,665.06
12:33:10,664.64
12:33:10,665.58
12:33:10,664.55
12:33:10,665.13
12:33:10,664.28
12:33:10,664.97
12:33:10,664.18
12:33:10,662.51
12:33:10,662.7
12:33:10,664.42
12:33:10,664.25
12:33:10,665.35
12:33:10,663.21
12:33:10,663.13
12:33:10,663.08
12:33:10,663.05
12:33:10,663.03
12:33:10,662.62
12:33:10,663.97
12:33:10,664.38
12:33:10,664.63
12:33:10,665.58
12:33:10,663.75
12:33:10,664.65
12:33:10,665.19
12:33:10,665.51
12:33:10,665.71
12:33:10,665.02
12:33:10,664.61
12:33:10,663.97
12:33:10,664.38
12:33:10,663.83
12:33:10,665.1
12:33:10,664.26
12:33:10,664.16
12:33:10,664.09
12:33:10,664.86
12:33:10,665.31
12:33:10,664.39
12:33:10,665.03
12:33:10,665.02
12:33:10,664.21
12:33:10,664.53
12:33:10,665.12
12:33:10,664.27
12:33:10,664.56
12:33:11,665.54
12:33:11,665.72
12:33:11,665.83
12:33:11,666.3
12:33:11,666.58
12:33:11,665.55
12:33:11,666.13
12:33:11,666.08
12:33:11,664.85
12:33:11,665.31
12:33:11,665.58
12:33:11,664.55
12:33:11,664.33
12:33:11,663.4
12:33:11,664.84
12:33:11,664.1
12:33:11,665.26
12:33:11,664.36
12:33:11,665.01
12:33:11,664.21
12:33:11,664.53
12:33:11,665.12
12:33:11,663.47
12:33:11,664.88
12:33:11,664.93
12:33:11,664.56
12:33:11,665.53
12:33:11,664.92
12:33:11,665.35
12:33:11,665.61
12:33:11,665.77
12:33:11,665.46
12:33:11,664.48
12:33:11,664.69
12:33:11,665.61
12:33:11,665.77
12:33:11,665.46
12:33:11,662.88
12:33:11,664.13
12:33:11,663.68
12:33:11,664.21
12:33:11,664.92
12:33:11,662.55
12:33:11,663.53
12:33:11,664.52
12:33:11,664.71
12:33:11,665.23
12:33:11,663.14
12:33:11,663.08
12:33:12,663.05
12:33:12,662.63
12:33:12,663.98
12:33:12,663.19
12:33:12,663.91
12:33:12,664.75
12:33:12,665.65
12:33:12,664.99
12:33:12,663.39
12:33:12,664.84
12:33:12,665.3
12:33:12,665.18
12:33:12,665.51
12:33:12,664.91
12:33:12,665.34
12:33:12,665.61
12:33:12,664.56
12:33:12,665.54
12:33:12,663.32
12:33:12,664.39
12:33:12,665.04
12:33:12,664.22
12:33:12,664.13
12:33:12,663.68
12:33:12,664.61
12:33:12,663.96
12:33:12,665.18
12:33:12,665.91
12:33:12,663.14
12:33:12,663.09
12:33:12,663.05
12:33:12,663.83
12:33:12,664.3
12:33:12,662.58
12:33:12,663.55
12:33:12,664.53
12:33:12,665.12
12:33:12,665.07
12:33:12,666.24
12:33:12,665.75
12:33:12,665.85
12:33:12,666.31
12:33:12,665.79
12:33:12,666.67
12:33:12,666.4
12:33:12,666.64
12:33:12,666.39
12:33:12,665.83
12:33:13,667.5
12:33:13,666.9
12:33:13,666.14
12:33:13,665.68
12:33:13,664.61
12:33:13,665.17
12:33:13,665.5
12:33:13,665.7
12:33:13,665.42
12:33:13,666.05
12:33:13,665.63
12:33:13,665.78
12:33:13,665.47
12:33:13,665.68
12:33:13,665.41
12:33:13,665.64
12:33:13,666.19
12:33:13,666.11
12:33:13,664.47
12:33:13,664.68
12:33:13,664.01
12:33:13,664.01
12:33:13,663.6
12:33:13,664.16
12:33:13,664.9
12:33:13,664.14
12:33:13,662.88
12:33:13,664.13
12:33:13,663.68
12:33:13,663.41
12:33:13,664.44
12:33:13,662.27
12:33:13,663.76
12:33:13,664.26
12:33:13,665.35
12:33:13,666.01
12:33:13,664.01
12:33:13,664.0
12:33:13,663.6
12:33:13,663.36
12:33:13,664.42
12:33:13,663.85
12:33:13,665.11
12:33:13,664.67
12:33:13,665.6
12:33:13,665.36
12:33:13,663.22
12:33:13,664.33
12:33:13,664.2
12:33:14,665.32
12:33:14,665.19
12:33:14,663.11
12:33:14,663.07
12:33:14,663.44
12:33:14,664.46
12:33:14,664.68
12:33:14,663.21
12:33:14,663.12
12:33:14,662.67
12:33:14,664.0
12:33:14,664.8
12:33:14,663.28
12:33:14,663.97
12:33:14,664.38
12:33:14,665.03
12:33:14,664.62
12:33:14,662.77
12:33:14,664.46
12:33:14,665.08
12:33:14,664.25
12:33:14,665.35
12:33:14,663.21
12:33:14,663.13
12:33:14,663.48
12:33:14,664.09
12:33:14,664.85
12:33:14,666.11
12:33:14,665.27
12:33:14,665.56
12:33:14,666.14
12:33:14,666.08
12:33:14,666.05
12:33:14,664.43
12:33:14,664.26
12:33:14,664.95
12:33:14,664.17
12:33:14,664.9
12:33:14,665.34
12:33:14,665.61
12:33:14,664.96
12:33:14,664.98
12:33:14,664.59
12:33:14,664.75
12:33:14,665.25
12:33:14,665.55
12:33:14,665.73
12:33:14,666.24
12:33:15,666.54
12:33:15,666.33
12:33:15,665.0
12:33:15,664.6
12:33:15,665.56
12:33:15,666.14
12:33:15,664.88
12:33:15,664.93
12:33:15,664.96
12:33:15,664.97
12:33:15,664.18
12:33:15,664.51
12:33:15,663.91
12:33:15,665.14
12:33:15,665.49
12:33:15,664.49
12:33:15,665.5
12:33:15,664.5
12:33:15,665.1
12:33:15,665.46
12:33:15,662.48
12:33:15,663.49
12:33:15,664.49
12:33:15,663.89
12:33:15,663.54
12:33:15,663.72
12:33:15,664.63
12:33:15,665.18
12:33:15,665.91
12:33:15,666.34
12:33:15,665.01
12:33:15,664.6
12:33:15,665.56
12:33:15,665.34
12:33:15,665.6
12:33:15,663.36
12:33:15,664.42
12:33:15,665.05
12:33:15,665.43
12:33:15,666.06
12:33:15,664.03
12:33:15,664.02
12:33:15,664.01
12:33:15,663.61
12:33:15,664.56
12:33:15,664.34
12:33:15,664.6
12:33:15,665.56
12:33:16,665.74
12:33:16,665.44
12:33:16,663.67
12:33:16,665.0
12:33:16,664.6
12:33:16,665.16
12:33:16,665.5
12:33:16,663.3
12:33:16,664.38
12:33:16,665.03
12:33:16,665.02
12:33:16,664.21
12:33:16,664.13
12:33:16,663.28
12:33:16,664.37
12:33:16,665.02
12:33:16,664.21
12:33:16,666.53
12:33:16,666.32
12:33:16,664.99
12:33:16,665.39
12:33:16,665.64
12:33:16,666.98
12:33:16,666.19
12:33:16,666.11
12:33:16,664.47
12:33:16,665.48
12:33:16,667.29
12:33:16,667.17
12:33:16,665.5
12:33:16,665.3
12:33:16,665.58
12:33:16,666.55
12:33:16,666.33
12:33:16,665.0
12:33:16,663.8
12:33:16,663.48
12:33:16,664.49
12:33:16,665.09
12:33:16,664.26
12:33:16,664.95
12:33:16,664.17
12:33:16,664.9
12:33:16,665.34
12:33:16,665.61
12:33:16,664.96
12:33:16,664.98
12:33:16,664.59
12:33:17,663.55
12:33:17,664.93
12:33:17,665.36
12:33:17,665.22
12:33:17,665.93
12:33:17,666.36
12:33:17,666.21
12:33:17,664.93
12:33:17,665.76
12:33:17,666.25
12:33:17,666.15
12:33:17,666.09
12:33:17,664.85
12:33:17,665.31
12:33:17,665.19
12:33:17,662.71
12:33:17,662.83
12:33:17,664.5
12:33:17,664.7
12:33:17,664.82
12:33:17,664.49
12:33:17,664.69
12:33:17,664.82
12:33:17,665.69
12:33:17,664.61
12:33:17,663.17
12:33:17,663.5
12:33:17,664.1
12:33:17,665.26
12:33:17,665.56
12:33:17,662.93
12:33:17,664.56
12:33:17,665.14
12:33:17,665.08
12:33:17,665.45
12:33:17,662.87
12:33:17,664.52
12:33:17,665.11
12:33:17,665.47
12:33:17,665.28
12:33:17,662.77
12:33:17,664.06
12:33:17,663.24
12:33:17,664.34
12:33:17,665.41
12:33:17,662.84
12:33:17,663.71
12:33:17,664.62
12:33:17,665.17
12:33:18,665.5
12:33:18,664.9
12:33:18,664.94
12:33:18,664.96
12:33:18,664.98
12:33:18,664.19
12:33:18,662.51
12:33:18,662.71
12:33:18,662.82
12:33:18,664.09
12:33:18,664.86
12:33:18,663.31
12:33:18,663.19
12:33:18,664.31
12:33:18,663.79
12:33:18,663.47
12:33:18,663.28
12:33:18,664.77
12:33:18,665.66
12:33:18,665.8
12:33:18,664.68
12:33:18,663.21
12:33:18,663.12
12:33:18,662.67
12:33:18,664.0
12:33:18,664.8
12:33:18,666.48
12:33:18,665.89
12:33:18,665.93
12:33:18,665.96
12:33:18,664.78
12:33:18,665.27
12:33:18,665.96
12:33:18,666.38
12:33:18,666.23
12:33:18,666.54
12:33:18,665.92
12:33:18,665.95
12:33:18,665.57
12:33:18,665.74
12:33:18,665.45
12:33:18,665.27
12:33:18,665.56
12:33:18,666.14
12:33:18,664.88
12:33:18,664.53
12:33:18,665.12
12:33:18,664.27
12:33:19,664.16
12:33:19,663.7
12:33:19,665.02
12:33:19,664.21
12:33:19,664.53
12:33:19,663.92
12:33:19,665.15
12:33:19,665.49
12:33:19,664.49
12:33:19,662.7
12:33:19,664.42
12:33:19,665.05
12:33:19,665.03
12:33:19,663.82
12:33:19,663.89
12:33:19,664.73
12:33:19,665.24
12:33:19,665.94
12:33:19,664.77
12:33:19,664.46
12:33:19,665.48
12:33:19,665.29
12:33:19,665.57
12:33:19,666.14
12:33:19,664.09
12:33:19,663.65
12:33:19,664.59
12:33:19,663.95
12:33:19,663.57
12:33:19,662.14
12:33:19,663.69
12:33:19,664.21
12:33:19,663.73
12:33:19,664.64
12:33:19,664.38
12:33:19,665.03
12:33:19,665.02
12:33:19,664.61
12:33:19,664.77
12:33:19,664.06
12:33:19,663.24
12:33:19,664.34
12:33:19,665.4
12:33:19,664.04
12:33:19,663.63
12:33:19,664.18
12:33:19,664.91
12:33:19,665.34
12:33:20,665.21
12:33:20,664.32
12:33:20,663.79
12:33:20,663.88
12:33:20,664.33
12:33:20,665.0
12:33:20,663.8
12:33:20,664.28
12:33:20,665.37
12:33:20,665.62
12:33:20,666.17
12:33:20,663.3
12:33:20,664.38
12:33:20,665.03
12:33:20,664.62
12:33:20,665.17
12:33:20,665.9
12:33:20,665.94
12:33:20,665.56
12:33:20,665.74
12:33:20,665.44
12:33:20,667.27
12:33:20,666.76
12:33:20,666.46
12:33:20,666.27
12:33:20,665.76
12:33:20,665.86
12:33:20,665.52
12:33:20,665.71
12:33:20,664.63
12:33:20,665.58
12:33:20,664.55
12:33:20,665.13
12:33:20,664.68
12:33:20,664.81
12:33:20,665.28
12:33:20,665.17
12:33:20,665.1
12:33:20,665.46
12:33:20,665.68
12:33:20,664.61
12:33:20,665.16
12:33:20,664.7
12:33:20,665.22
12:33:20,664.73
12:33:20,665.24
12:33:20,665.94
12:33:20,665.57
12:33:20,666.14
12:33:21,665.68
12:33:21,664.61
12:33:21,664.77
12:33:21,663.66
12:33:21,664.6
12:33:21,665.56
12:33:21,666.13
12:33:21,666.08
12:33:21,663.65
12:33:21,664.59
12:33:21,665.55
12:33:21,665.33
12:33:21,665.6
12:33:21,662.96
12:33:21,664.18
12:33:21,665.31
12:33:21,665.18
12:33:21,665.91
12:33:21,664.75
12:33:21,665.25
12:33:21,665.55
12:33:21,665.33
12:33:21,666.0
12:33:21,664.4
12:33:21,664.64
12:33:21,665.58
12:33:21,664.55
12:33:21,665.13
12:33:21,663.88
12:33:21,664.73
12:33:21,665.24
12:33:21,665.94
12:33:21,664.77
12:33:21,662.86
12:33:21,664.12
12:33:21,663.67
12:33:21,664.6
12:33:21,663.96
12:33:21,663.58
12:33:21,664.55
12:33:21,664.73
12:33:21,665.24
12:33:21,665.14
12:33:21,662.69
12:33:21,664.41
12:33:21,664.25
12:33:21,665.35
12:33:21,666.01
12:33:22,664.41
12:33:22,665.04
12:33:22,663.83
12:33:22,664.7
12:33:22,665.22
12:33:22,662.73
12:33:22,662.84
12:33:22,663.7
12:33:22,664.22
12:33:22,664.93
12:33:22,664.16
12:33:22,663.7
12:33:22,664.62
12:33:22,665.57
12:33:22,665.74
12:33:22,665.05
12:33:22,664.63
12:33:22,665.18
12:33:22,665.51
12:33:22,665.7
12:33:22,663.82
12:33:22,665.09
12:33:22,664.26
12:33:22,664.95
12:33:22,664.17
12:33:22,664.1
12:33:22,664.86
12:33:22,664.92
12:33:22,665.35
12:33:22,665.21
12:33:22,664.73
12:33:22,665.24
12:33:22,665.94
12:33:22,665.56
12:33:22,666.14
12:33:22,665.28
12:33:22,665.57
12:33:22,666.14
12:33:22,665.29
12:33:22,665.17
12:33:22,662.7
12:33:22,663.62
12:33:22,664.57
12:33:22,665.14
12:33:22,665.89
12:33:22,663.93
12:33:22,664.76
12:33:22,665.66
12:33:23,665.79
12:33:23,664.68
12:33:23,666.01
12:33:23,664.8
12:33:23,664.88
12:33:23,664.93
12:33:23,664.96
12:33:23,664.17
12:33:23,663.7
12:33:23,665.02
12:33:23,664.61
12:33:23,665.17
12:33:23,665.9
12:33:23,665.54
12:33:23,665.72
12:33:23,665.83
12:33:23,665.5
12:33:23,664.5
12:33:23,664.7
12:33:23,664.82
12:33:23,665.29
12:33:23,663.98
12:33:23,663.59
12:33:23,661.75
12:33:23,663.45
12:33:23,664.47
12:33:23,665.48
12:33:23,664.49
12:33:23,662.29
12:33:23,664.18
12:33:23,664.91
12:33:23,665.34
12:33:23,666.01
12:33:23,664.0
12:33:23,663.6
12:33:23,664.16
12:33:23,664.9
12:33:23,664.14
12:33:23,664.08
12:33:23,663.65
12:33:23,664.59
12:33:23,663.95
12:33:23,664.37
12:33:23,662.62
12:33:23,663.97
12:33:23,664.38
12:33:23,665.03
12:33:23,663.82
12:33:23,662.29
12:33:24,663.77
12:33:24,664.66
12:33:24,665.6
12:33:24,665.36
12:33:24,663.22
12:33:24,663.93
12:33:24,664.76
12:33:24,665.65
12:33:24,666.19
12:33:24,663.32
12:33:24,663.19
12:33:24,664.31
12:33:24,663.39
12:33:24,664.43
12:33:24,662.66
12:33:24,664.0
12:33:24,664.0
12:33:24,663.6
12:33:24,664.16
12:33:24,662.1
12:33:24,662.46
12:33:24,664.27
12:33:24,664.56
12:33:24,665.54
12:33:24,667.32
12:33:24,666.79
12:33:24,666.08
12:33:24,664.85
12:33:24,664.91
12:33:24,665.34
12:33:24,665.61
12:33:24,664.56
12:33:24,665.14
12:33:24,665.88
12:33:24,664.73
12:33:24,665.24
12:33:24,665.54
12:33:24,666.13
12:33:24,666.08
12:33:24,666.05
12:33:24,664.83
12:33:24,665.3
12:33:24,665.98
12:33:24,664.79
12:33:24,664.07
12:33:24,663.24
12:33:24,664.35
12:33:24,665.01
12:33:25,664.2
12:33:25,664.52
12:33:25,664.31
12:33:25,664.19
12:33:25,664.91
12:33:25,665.75
12:33:25,665.45
12:33:25,664.87
12:33:25,664.92
12:33:25,665.75
12:33:25,665.45
12:33:25,665.27
12:33:25,664.76
12:33:25,665.26
12:33:25,665.55
12:33:25,666.13
12:33:25,665.68
12:33:25,663.01
12:33:25,664.2
12:33:25,665.32
12:33:25,665.59
12:33:25,664.56
12:33:25,662.33
12:33:25,662.6
12:33:25,664.36
12:33:25,665.02
12:33:25,663.81
12:33:25,663.89
12:33:25,664.33
12:33:25,664.2
12:33:25,664.92
12:33:25,665.75
12:33:25,665.05
12:33:25,663.83
12:33:25,664.7
12:33:25,665.22
12:33:25,665.53
12:33:25,663.32
12:33:25,663.19
12:33:25,664.31
12:33:25,664.59
12:33:25,663.95
12:33:25,663.57
12:33:25,664.54
12:33:25,665.13
12:33:25,665.48
12:33:25,664.49
12:33:25,664.29
12:33:26,664.97
12:33:26,664.98
12:33:26,664.99
12:33:26,664.19
12:33:26,662.12
12:33:26,662.47
12:33:26,664.28
12:33:26,665.37
12:33:26,665.62
12:33:26,662.97
12:33:26,663.78
12:33:26,665.07
12:33:26,664.24
12:33:26,664.95
12:33:26,663.37
12:33:26,664.42
12:33:26,665.05
12:33:26,664.63
12:33:26,664.78
12:33:26,663.27
12:33:26,664.36
12:33:26,665.02
12:33:26,664.61
12:33:26,664.77
12:33:26,662.86
12:33:26,663.72
12:33:26,664.63
12:33:26,665.18
12:33:26,665.91
12:33:26,665.94
12:33:26,665.57
12:33:26,665.74
12:33:26,665.84
12:33:26,664.71
12:33:26,666.82
12:33:26,666.49
12:33:26,665.9
12:33:26,665.54
12:33:26,665.32
12:33:26,665.59
12:33:26,665.36
12:33:26,665.61
12:33:26,664.57
12:33:26,664.74
12:33:26,665.64
12:33:26,665.79
12:33:26,665.47
12:33:26,666.08
12:33:26,666.05
12:33:27,666.03
12:33:27,665.22
12:33:27,664.33
12:33:27,663.8
12:33:27,663.48
12:33:27,663.29
12:33:27,661.57
12:33:27,663.34
12:33:27,664.41
12:33:27,665.04
12:33:27,665.03
12:33:27,663.42
12:33:27,664.45
12:33:27,665.07
12:33:27,665.04
12:33:27,665.03
12:33:27,663.82
12:33:27,665.09
12:33:27,664.25
12:33:27,663.75
12:33:27,664.65
12:33:27,662.79
12:33:27,663.67
12:33:27,664.6
12:33:27,664.76
12:33:27,664.86
12:33:27,663.31
12:33:27,663.19
12:33:27,664.31
12:33:27,663.79
12:33:27,663.47
12:33:27,662.08
12:33:27,663.25
12:33:27,664.35
12:33:27,665.01
12:33:27,664.61
12:33:27,663.96
12:33:27,665.18
12:33:27,665.51
12:33:27,664.5
12:33:27,664.7
12:33:27,663.22
12:33:27,663.13
12:33:27,663.48
12:33:27,664.89
12:33:27,664.13
12:33:27,666.08
12:33:27,664.85
12:33:28,665.31
12:33:28,664.39
12:33:28,664.63
12:33:28,665.58
12:33:28,666.15
12:33:28,664.89
12:33:28,664.93
12:33:28,665.76
12:33:28,667.46
12:33:28,666.87
12:33:28,666.12
12:33:28,664.87
12:33:28,664.12
12:33:28,664.47
12:33:28,665.08
12:33:28,664.25
12:33:28,664.95
12:33:28,664.17
12:33:28,664.9
12:33:28,665.34
12:33:28,666.0
12:33:28,664.8
12:33:28,664.48
12:33:28,664.69
12:33:28,664.01
12:33:28,663.61
12:33:28,663.36
12:33:28,664.42
12:33:28,665.05
12:33:28,663.83
12:33:28,665.1
12:33:28,665.46
12:33:28,665.28
12:33:28,664.37
12:33:28,664.22
12:33:28,663.73
12:33:28,664.64
12:33:28,664.78
12:33:28,664.07
12:33:28,663.24
12:33:28,664.35
12:33:28,665.01
12:33:28,664.6
12:33:28,663.96
12:33:28,663.18
12:33:28,664.31
12:33:28,663.78
12:33:28,663.47
12:33:28,664.88
12:33:29,663.33
12:33:29,663.2
12:33:29,664.72
12:33:29,665.23
12:33:29,665.54
12:33:29,664.52
12:33:29,663.91
12:33:29,664.35
12:33:29,665.01
12:33:29,664.21
12:33:29,664.12
12:33:29,663.27
12:33:29,663.56
12:33:29,664.54
12:33:29,664.72
12:33:29,662.43
12:33:29,663.86
12:33:29,665.12
12:33:29,664.27
12:33:29,665.36
12:33:29,662.82
12:33:29,664.09
12:33:29,663.65
12:33:29,664.59
12:33:29,663.96
12:33:29,663.57
12:33:29,664.94
12:33:29,665.77
12:33:29,666.26
12:33:29,666.16
12:33:29,663.29
12:33:29,664.78
12:33:29,665.27
12:33:29,665.56
12:33:29,665.34
12:33:29,663.2
12:33:29,664.32
12:33:29,663.79
12:33:29,664.28
12:33:29,664.57
12:33:29,662.74
12:33:29,663.64
12:33:29,664.59
12:33:29,664.75
12:33:29,665.65
12:33:29,667.39
12:33:29,667.23
12:33:29,665.54
12:33:30,665.72
12:33:30,666.23
12:33:30,666.14
12:33:30,666.08
12:33:30,664.85
12:33:30,664.91
12:33:30,665.35
12:33:30,666.01
12:33:30,664.8
12:33:30,664.88
12:33:30,664.93
12:33:30,664.96
12:33:30,664.17
12:33:30,663.7
12:33:30,664.22
12:33:30,663.73
12:33:30,664.64
12:33:30,664.78
12:33:30,664.87
12:33:30,664.92
12:33:30,665.35
12:33:30,665.61
12:33:30,665.77
12:33:30,666.26
12:33:30,666.16
12:33:30,666.09
12:33:30,666.06
12:33:30,665.63
12:33:30,664.98
12:33:30,665.39
12:33:30,666.03
12:33:30,665.22
12:33:30,665.93
12:33:30,664.76
12:33:30,665.66
12:33:30,666.19
12:33:30,665.72
12:33:30,665.83
12:33:30,663.1
12:33:30,664.26
12:33:30,664.96
12:33:30,663.77
12:33:30,665.06
12:33:30,663.44
12:33:30,664.86
12:33:30,664.92
12:33:30,664.95
12:33:30,664.17
12:33:31,663.3
12:33:31,664.38
12:33:31,665.43
12:33:31,665.66
12:33:31,665.79
12:33:31,663.48
12:33:31,664.09
12:33:31,663.65
12:33:31,664.59
12:33:31,663.95
12:33:31,662.37
12:33:31,663.82
12:33:31,664.69
12:33:31,664.82
12:33:31,665.69
12:33:31,663.81
12:33:31,664.69
12:33:31,665.21
12:33:31,664.33
12:33:31,665.0
12:33:31,664.6
12:33:31,665.16
12:33:31,665.5
12:33:31,664.5
12:33:31,665.1
12:33:31,663.06
12:33:31,663.44
12:33:31,664.86
12:33:31,665.32
12:33:31,665.59
12:33:31,663.75
12:33:31,665.05
12:33:31,663.83
12:33:31,664.7
12:33:31,664.82
12:33:31,666.49
12:33:31,665.9
12:33:31,664.74
12:33:31,665.64
12:33:31,666.19
12:33:31,666.51
12:33:31,665.11
12:33:31,663.86
12:33:31,664.72
12:33:31,665.63
12:33:31,665.78
12:33:31,665.47
12:33:31,665.68
12:33:31,665.41
12:33:32,665.64
12:33:32,667.39
12:33:32,666.83
12:33:32,666.5
12:33:32,666.7
12:33:32,666.02
12:33:32,665.21
12:33:32,664.33
12:33:32,663.8
12:33:32,664.28
12:33:32,664.57
12:33:32,664.74
12:33:32,665.24
12:33:32,665.95
12:33:32,665.57
12:33:32,665.34
12:33:32,666.0
12:33:32,664.8
12:33:32,665.28
12:33:32,665.57
12:33:32,665.34
12:33:32,665.6
12:33:32,665.36
12:33:32,665.22
12:33:32,665.53
12:33:32,665.72
12:33:32,665.43
12:33:32,665.66
12:33:32,666.2
12:33:32,664.92
12:33:32,665.35
12:33:32,665.61
12:33:32,666.17
12:33:32,664.5
12:33:32,665.1
12:33:32,665.46
12:33:32,665.28
12:33:32,663.97
12:33:32,665.18
12:33:32,665.51
12:33:32,665.7
12:33:32,664.62
12:33:32,663.17
12:33:32,664.3
12:33:32,664.58
12:33:32,663.95
12:33:32,664.37
12:33:32,664.22
12:33:33,663.73
12:33:33,664.64
12:33:33,664.78
12:33:33,664.07
12:33:33,662.84
12:33:33,663.71
12:33:33,664.22
12:33:33,664.93
12:33:33,664.96
12:33:33,662.98
12:33:33,663.79
12:33:33,664.27
12:33:33,664.96
12:33:33,664.18
12:33:33,663.71
12:33:33,663.42
12:33:33,663.25
12:33:33,664.35
12:33:33,665.01
12:33:33,663.41
12:33:33,663.24
12:33:33,664.35
12:33:33,665.41
12:33:33,665.64
12:33:33,664.99
12:33:33,665.39
12:33:33,665.24
12:33:33,665.54
12:33:33,666.12
12:33:33,664.07
12:33:33,663.64
12:33:33,664.59
12:33:33,663.95
12:33:33,664.37
12:33:33,662.62
12:33:33,663.97
12:33:33,664.38
12:33:33,665.03
12:33:33,664.22
12:33:33,662.13
12:33:33,662.48
12:33:33,663.89
12:33:33,664.73
12:33:33,665.24
12:33:33,664.34
12:33:33,664.61
12:33:33,663.96
12:33:33,665.18
12:33:34,665.51
12:33:34,664.9
12:33:34,664.94
12:33:34,665.37
12:33:34,665.62
12:33:34,665.77
12:33:34,664.66
12:33:34,665.2
12:33:34,665.92
12:33:34,665.95
12:33:34,664.77
12:33:34,662.86
12:33:34,663.72
12:33:34,664.63
12:33:34,665.18
12:33:34,665.91
12:33:34,663.14
12:33:34,663.09
12:33:34,663.05
12:33:34,662.63
12:33:34,664.38
12:33:34,662.63
12:33:34,662.78
12:33:34,663.67
12:33:34,664.6
12:33:34,664.76
12:33:34,666.86
12:33:34,666.11
12:33:34,664.47
12:33:34,665.48
12:33:34,665.29
12:33:34,667.17
12:33:34,666.3
12:33:34,666.58
12:33:34,665.95
12:33:34,664.77
12:33:34,665.66
12:33:34,666.2
12:33:34,666.12
12:33:34,665.27
12:33:34,665.56
12:33:34,667.34
12:33:34,666.8
12:33:34,666.08
12:33:34,666.05
12:33:34,665.63
12:33:34,665.78
12:33:34,665.47
12:33:34,666.08
12:33:35,664.85
12:33:35,664.91
12:33:35,665.35
12:33:35,665.61
12:33:35,664.56
12:33:35,665.54
12:33:35,665.72
12:33:35,666.23
12:33:35,664.94
12:33:35,665.76
12:33:35,665.86
12:33:35,664.72
12:33:35,665.23
12:33:35,665.94
12:33:35,665.56
12:33:35,666.14
12:33:35,665.68
12:33:35,664.61
12:33:35,663.17
12:33:35,663.5
12:33:35,664.5
12:33:35,664.7
12:33:35,664.82
12:33:35,662.49
12:33:35,663.5
12:33:35,663.3
12:33:35,664.78
12:33:35,664.87
12:33:35,662.92
12:33:35,664.15
12:33:35,663.69
12:33:35,663.41
12:33:35,664.45
12:33:35,662.27
12:33:35,663.36
12:33:35,664.42
12:33:35,665.45
12:33:35,665.67
12:33:35,665.0
12:33:35,664.2
12:33:35,664.92
12:33:35,664.95
12:33:35,664.97
12:33:35,662.58
12:33:35,663.55
12:33:35,664.53
12:33:35,665.52
12:33:35,665.71
12:33:36,665.03
12:33:36,664.62
12:33:36,665.17
12:33:36,665.5
12:33:36,664.5
12:33:36,663.9
12:33:36,664.74
12:33:36,665.64
12:33:36,664.99
12:33:36,664.19
12:33:36,662.52
12:33:36,663.51
12:33:36,663.31
12:33:36,663.18
12:33:36,664.71
12:33:36,664.03
12:33:36,664.02
12:33:36,664.01
12:33:36,663.61
12:33:36,664.56
12:33:36,662.74
12:33:36,663.64
12:33:36,664.99
12:33:36,664.99
12:33:36,664.19
12:33:36,662.52
12:33:36,663.91
12:33:36,664.75
12:33:36,665.65
12:33:36,665.79
12:33:36,663.87
12:33:36,663.92
12:33:36,664.75
12:33:36,665.25
12:33:36,665.55
12:33:36,663.33
12:33:36,663.2
12:33:36,664.32
12:33:36,663.79
12:33:36,663.47
12:33:36,664.48
12:33:36,664.69
12:33:36,665.61
12:33:36,664.17
12:33:36,664.5
12:33:36,666.7
12:33:36,666.82
12:33:36,666.49
12:33:37,665.9
12:33:37,665.94
12:33:37,664.76
12:33:37,665.66
12:33:37,665.79
12:33:37,665.48
12:33:37,664.49
12:33:37,664.69
12:33:37,664.82
12:33:37,665.29
12:33:37,665.17
12:33:37,665.5
12:33:37,664.5
12:33:37,665.1
12:33:37,665.46
12:33:37,665.68
12:33:37,664.61
12:33:37,664.76
12:33:37,663.66
12:33:37,664.59
12:33:37,664.76
12:33:37,664.85
12:33:37,664.11
12:33:37,663.27
12:33:37,664.36
12:33:37,664.62
12:33:37,664.77
12:33:37,664.86
12:33:37,662.92
12:33:37,664.15
12:33:37,664.89
12:33:37,664.13
12:33:37,664.88
12:33:37,664.13
12:33:37,663.28
12:33:37,664.77
12:33:37,665.66
12:33:37,666.2
12:33:37,663.72
12:33:37,664.63
12:33:37,665.18
12:33:37,665.51
12:33:37,665.3
12:33:37,662.78
12:33:37,663.67
12:33:37,664.6
12:33:37,663.96
12:33:37,664.38
12:33:37,662.23
12:33:38,662.54
12:33:38,663.92
12:33:38,664.35
12:33:38,665.41
12:33:38,662.45
12:33:38,663.87
12:33:38,664.32
12:33:38,664.99
12:33:38,664.6
12:33:38,662.36
12:33:38,663.81
12:33:38,664.69
12:33:38,664.81
12:33:38,665.29
12:33:38,664.77
12:33:38,665.26
12:33:38,665.56
12:33:38,666.14
12:33:38,665.68
12:33:38,663.41
12:33:38,663.25
12:33:38,663.55
12:33:38,664.53
12:33:38,665.52
12:33:38,662.91
12:33:38,662.95
12:33:38,664.17
12:33:38,663.7
12:33:38,663.02
12:33:38,662.21
12:33:38,662.53
12:33:38,663.92
12:33:38,664.75
12:33:38,664.85
12:33:38,664.51
12:33:38,663.91
12:33:38,663.54
12:33:38,664.93
12:33:38,665.76
12:33:38,663.45
12:33:38,664.47
12:33:38,665.48
12:33:38,666.09
12:33:38,666.05
12:33:38,665.23
12:33:38,664.34
12:33:38,665.0
12:33:38,664.2
12:33:38,665.32
12:33:39,665.99
12:33:39,665.6
12:33:39,665.76
12:33:39,666.25
12:33:39,666.15
12:33:39,666.49
12:33:39,666.3
12:33:39,665.38
12:33:39,665.63
12:33:39,665.78
12:33:39,664.67
12:33:39,665.2
12:33:39,665.52
12:33:39,665.31
12:33:39,665.59
12:33:39,664.55
12:33:39,665.13
12:33:39,664.28
12:33:39,665.37
12:33:39,666.02
12:33:39,664.41
12:33:39,663.85
12:33:39,664.71
12:33:39,664.03
12:33:39,663.22
12:33:39,664.33
12:33:39,664.2
12:33:39,664.92
12:33:39,665.35
12:33:39,666.01
12:33:39,665.21
12:33:39,663.92
12:33:39,664.75
12:33:39,665.65
12:33:39,666.19
12:33:39,666.11
12:33:39,664.47
12:33:39,665.48
12:33:39,665.29
12:33:39,665.17
12:33:39,665.5
12:33:39,662.9
12:33:39,663.74
12:33:39,664.64
12:33:39,664.79
12:33:39,664.07
12:33:39,662.84
12:33:40,664.11
12:33:40,663.26
12:33:40,664.36
12:33:40,665.01
12:33:40,663.41
12:33:40,663.65
12:33:40,664.59
12:33:40,664.75
12:33:40,664.85
12:33:40,662.51
12:33:40,662.71
12:33:40,662.82
12:33:40,664.49
12:33:40,663.9
12:33:40,663.54
12:33:40,664.92
12:33:40,665.35
12:33:40,666.01
12:33:40,665.21
12:33:40,664.72
12:33:40,665.23
12:33:40,664.34
12:33:40,665.4
12:33:40,664.44
12:33:40,664.27
12:33:40,664.96
12:33:40,665.38
12:33:40,665.23
12:33:40,665.54
12:33:40,662.92
12:33:40,664.15
12:33:40,663.69
12:33:40,663.42
12:33:40,664.85
12:33:40,664.51
12:33:40,663.91
12:33:40,664.74
12:33:40,665.65
12:33:40,666.19
12:33:40,663.71
12:33:40,663.43
12:33:40,664.46
12:33:40,664.67
12:33:40,665.6
12:33:40,663.76
12:33:40,665.06
12:33:40,663.83
12:33:40,664.7
12:33:40,664.02
12:33:41,662.81
12:33:41,664.09
12:33:41,663.65
12:33:41,664.99
12:33:41,664.59
12:33:41,663.96
12:33:41,664.37
12:33:41,664.62
12:33:41,665.17
12:33:41,665.5
12:33:41,663.7
12:33:41,665.02
12:33:41,665.01
12:33:41,664.21
12:33:41,664.52
12:33:41,662.31
12:33:41,662.59
12:33:41,664.35
12:33:41,665.01
12:33:41,664.21
12:33:41,666.52
12:33:41,666.31
12:33:41,664.59
12:33:41,665.55
12:33:41,665.33
12:33:41,667.2
12:33:41,666.72
12:33:41,666.03
12:33:41,665.22
12:33:41,665.93
12:33:41,667.56
12:33:41,667.34
12:33:41,667.2
12:33:41,667.12
12:33:41,665.47
12:33:41,667.28
12:33:41,667.17
12:33:41,665.9
12:33:41,665.54
12:33:41,665.32
12:33:41,665.99
12:33:41,666.0
12:33:41,664.4
12:33:41,664.64
12:33:41,664.78
12:33:41,664.07
12:33:41,664.04
12:33:41,663.63
12:33:42,663.38
12:33:42,664.03
12:33:42,664.02
12:33:42,662.81
12:33:42,664.09
12:33:42,664.05
12:33:42,664.43
12:33:42,665.06
12:33:42,663.84
12:33:42,664.3
12:33:42,665.38
12:33:42,665.23
12:33:42,665.54
12:33:42,662.92
12:33:42,664.55
12:33:42,665.53
12:33:42,665.72
12:33:42,666.23
12:33:42,663.74
12:33:42,663.84
12:33:42,665.11
12:33:42,665.06
12:33:42,665.44
12:33:42,664.86
12:33:42,664.92
12:33:42,665.35
12:33:42,665.21
12:33:42,665.13
12:33:42,663.08
12:33:42,663.05
12:33:42,663.03
12:33:42,663.42
12:33:42,664.45
12:33:42,662.67
12:33:42,664.4
12:33:42,665.44
12:33:42,666.06
12:33:42,665.64
12:33:42,664.58
12:33:42,665.55
12:33:42,666.13
12:33:42,664.48
12:33:42,663.89
12:33:42,662.73
12:33:42,664.04
12:33:42,664.02
12:33:42,664.01
12:33:42,664.01
12:33:42,666.01
12:33:43,664.8
12:33:43,665.28
12:33:43,665.57
12:33:43,665.34
12:33:43,666.0
12:33:43,665.2
12:33:43,665.12
12:33:43,664.27
12:33:43,665.36
12:33:43,665.62
12:33:43,665.77
12:33:43,665.86
12:33:43,665.52
12:33:43,665.31
12:33:43,665.59
12:33:43,665.75
12:33:43,666.25
12:33:43,666.15
12:33:43,666.09
12:33:43,665.65
12:33:43,665.79
12:33:43,665.48
12:33:43,665.29
12:33:43,665.17
12:33:43,665.5
12:33:43,664.5
12:33:43,665.1
12:33:43,665.86
12:33:43,665.52
12:33:43,665.71
12:33:43,665.03
12:33:43,664.62
12:33:43,665.17
12:33:43,665.5
12:33:43,664.5
12:33:43,662.7
12:33:43,663.62
12:33:43,664.57
12:33:43,664.74
12:33:43,665.65
12:33:43,664.59
12:33:43,664.75
12:33:43,665.25
12:33:43,665.55
12:33:43,666.13
12:33:43,664.48
12:33:43,664.69
12:33:43,664.81
12:33:44,665.29
12:33:44,664.37
12:33:44,663.82
12:33:44,664.29
12:33:44,665.38
12:33:44,665.63
12:33:44,666.18
12:33:44,665.31
12:33:44,664.38
12:33:44,665.03
12:33:44,663.82
12:33:44,665.09
12:33:44,663.05
12:33:44,663.03
12:33:44,663.42
12:33:44,664.45
12:33:44,664.67
12:33:44,664.0
12:33:44,663.6
12:33:44,664.96
12:33:44,665.38
12:33:44,665.23
12:33:44,662.74
12:33:44,664.44
12:33:44,665.06
12:33:44,664.24
12:33:44,665.34
12:33:44,662.81
12:33:44,664.08
12:33:44,664.05
12:33:44,663.23
12:33:44,664.34
12:33:44,663.8
12:33:44,664.28
12:33:44,665.37
12:33:44,665.22
12:33:44,665.93
12:33:44,663.56
12:33:44,664.94
12:33:44,664.96
12:33:44,664.98
12:33:44,664.19
12:33:44,664.91
12:33:44,664.55
12:33:44,665.13
12:33:44,664.28
12:33:44,664.57
12:33:44,665.54
12:33:45,666.12
12:33:45,664.47
12:33:45,665.08
12:33:45,665.45
12:33:45,666.07
12:33:45,665.24
12:33:45,665.55
12:33:45,665.73
12:33:45,665.84
12:33:45,664.7
12:33:45,665.62
12:33:45,664.57
12:33:45,665.14
12:33:45,665.49
12:33:45,664.49
12:33:45,663.9
12:33:45,664.34
12:33:45,665.0
12:33:45,665.0
12:33:45,665.4
12:33:45,663.24
12:33:45,664.34
12:33:45,665.01
12:33:45,664.6
12:33:45,663.96
12:33:45,661.98
12:33:45,663.59
12:33:45,664.15
12:33:45,664.89
12:33:45,664.53
12:33:45,662.32
12:33:45,662.59
12:33:45,663.56
12:33:45,664.13
12:33:45,664.48
12:33:45,663.09
12:33:45,663.05
12:33:45,663.03
12:33:45,663.42
12:33:45,664.45
12:33:45,663.87
12:33:45,665.12
12:33:45,664.27
12:33:45,664.96
12:33:45,664.18
12:33:45,662.11
12:33:45,662.06
12:33:45,662.84
12:33:46,663.7
12:33:46,663.42
12:33:46,662.05
12:33:46,663.23
12:33:46,663.14
12:33:46,663.08
12:33:46,664.25
12:33:46,665.35
12:33:46,665.61
12:33:46,664.57
12:33:46,665.14
12:33:46,665.48
12:33:46,664.49
12:33:46,664.69
12:33:46,665.22
12:33:46,665.13
12:33:46,665.48
12:33:46,664.49
12:33:46,664.69
12:33:46,665.22
12:33:46,664.73
12:33:46,665.24
12:33:46,665.14
12:33:46,664.29
12:33:46,664.97
12:33:46,664.98
12:33:46,664.19
12:33:46,664.91
12:33:46,665.35
12:33:46,665.61
12:33:46,664.57
12:33:46,665.14
12:33:46,665.48
12:33:46,664.49
12:33:46,664.69
12:33:46,664.82
12:33:46,664.89
12:33:46,664.53
12:33:46,663.12
12:33:46,663.07
12:33:46,663.44
12:33:46,664.07
12:33:46,664.44
12:33:46,662.26
12:33:46,663.76
12:33:46,664.66
12:33:46,665.19
12:33:46,665.92
12:33:46,665.15
12:33:47,664.29
12:33:47,664.97
12:33:47,664.18
12:33:47,664.91
12:33:47,664.15
12:33:47,663.69
12:33:47,665.01
12:33:47,664.61
12:33:47,665.16
12:33:47,663.5
12:33:47,664.9
12:33:47,664.94
12:33:47,664.16
12:33:47,664.9
12:33:47,663.34
12:33:47,664.8
12:33:47,664.88
12:33:47,664.13
12:33:47,664.88
12:33:47,663.73
12:33:47,664.64
12:33:47,665.58
12:33:47,666.15
12:33:47,666.09
12:33:47,665.25
12:33:47,665.15
12:33:47,664.29
12:33:47,665.37
12:33:47,665.62
12:33:47,663.38
12:33:47,664.43
12:33:47,665.06
12:33:47,664.23
12:33:47,664.94
12:33:47,663.36
12:33:47,664.42
12:33:47,665.05
12:33:47,664.23
12:33:47,664.94
12:33:47,663.36
12:33:47,664.42
12:33:47,665.05
12:33:47,664.23
12:33:47,664.94
12:33:47,663.36
12:33:47,664.82
12:33:47,665.29
12:33:47,665.57
12:33:48,665.74
12:33:48,667.45
12:33:48,666.87
12:33:48,666.12
12:33:48,664.87
12:33:48,665.32
12:33:48,665.59
12:33:48,665.36
12:33:48,665.61
12:33:48,664.57
12:33:48,664.74
12:33:48,666.84
12:33:48,666.11
12:33:48,665.26
12:33:48,665.56
12:33:48,665.34
12:33:48,666.0
12:33:48,664.8
12:33:48,665.28
12:33:48,665.97
12:33:48,664.78
12:33:48,663.67
12:33:48,665.0
12:33:48,664.2
12:33:48,665.32
12:33:48,665.59
12:33:48,664.16
12:33:48,664.89
12:33:48,664.94
12:33:48,664.96
12:33:48,665.38
12:33:48,665.63
12:33:48,666.18
12:33:48,666.11
12:33:48,664.86
12:33:48,665.32
12:33:48,665.59
12:33:48,664.55
12:33:48,665.13
12:33:48,664.28
12:33:48,665.37
12:33:48,666.02
12:33:48,664.01
12:33:48,664.01
12:33:48,664.0
12:33:48,664.8
12:33:48,664.08
12:33:48,662.85
12:33:49,664.11
12:33:49,663.27
12:33:49,664.76
12:33:49,664.86
12:33:49,662.91
12:33:49,664.15
12:33:49,664.89
12:33:49,664.13
12:33:49,664.48
12:33:49,663.09
12:33:49,663.05
12:33:49,662.63
12:33:49,663.98
12:33:49,663.59
12:33:49,663.35
12:33:49,664.41
12:33:49,663.85
12:33:49,664.31
12:33:49,664.98
12:33:49,663.39
12:33:49,664.03
12:33:49,664.02
12:33:49,664.01
12:33:49,664.01
12:33:49,666.0
12:33:49,664.8
12:33:49,665.28
12:33:49,665.57
12:33:49,665.34
12:33:49,666.0
12:33:49,664.8
12:33:49,664.48
12:33:49,664.69
12:33:49,664.01
12:33:49,664.01
12:33:49,664.0
12:33:49,664.0
12:33:49,663.6
12:33:49,664.56
12:33:49,664.74
12:33:49,663.64
12:33:49,664.59
12:33:49,664.75
12:33:49,665.65
12:33:49,666.19
12:33:49,665.31
12:33:49,663.99
12:33:49,664.39
12:33:49,664.64
12:33:50,663.98
12:33:50,662.39
12:33:50,664.23
12:33:50,663.74
12:33:50,665.04
12:33:50,665.43
12:33:50,664.86
12:33:50,665.71
12:33:50,664.63
12:33:50,665.58
12:33:50,664.55
12:33:50,663.93
12:33:50,665.16
12:33:50,664.29
12:33:50,665.38
12:33:50,666.03
12:33:50,664.02
12:33:50,664.01
12:33:50,664.01
12:33:50,663.6
12:33:50,663.36
12:33:50,662.02
12:33:50,662.81
12:33:50,664.09
12:33:50,663.65
12:33:50,664.99
12:33:50,663.39
12:33:50,664.04
12:33:50,663.62
12:33:50,664.57
12:33:50,664.74
12:33:50,664.45
12:33:50,665.47
12:33:50,665.68
12:33:50,666.21
12:33:50,666.13
12:33:50,665.28
12:33:50,665.97
12:33:50,666.38
12:33:50,666.63
12:33:50,666.38
12:33:50,665.03
12:33:50,664.62
12:33:50,665.17
12:33:50,664.3
12:33:50,665.38
12:33:50,667.23
12:33:50,665.54
12:33:51,665.72
12:33:51,665.83
12:33:51,665.5
12:33:51,666.5
12:33:51,666.7
12:33:51,666.02
12:33:51,665.21
12:33:51,665.13
12:33:51,667.08
12:33:51,665.85
12:33:51,666.31
12:33:51,664.58
12:33:51,663.95
12:33:51,664.37
12:33:51,665.02
12:33:51,664.61
12:33:51,663.97
12:33:51,664.38
12:33:51,665.03
12:33:51,664.62
12:33:51,665.17
12:33:51,665.5
12:33:51,664.5
12:33:51,663.9
12:33:51,661.94
12:33:51,663.16
12:33:51,664.3
12:33:51,665.38
12:33:51,665.63
12:33:51,664.98
12:33:51,665.39
12:33:51,665.63
12:33:51,665.38
12:33:51,664.03
12:33:51,662.82
12:33:51,664.09
12:33:51,663.65
12:33:51,664.19
12:33:51,665.32
12:33:51,663.59
12:33:51,664.15
12:33:51,663.69
12:33:51,664.22
12:33:51,664.93
12:33:51,662.96
12:33:51,663.77
12:33:51,664.66
12:33:51,664.8
12:33:52,664.08
12:33:52,664.05
12:33:52,664.03
12:33:52,664.02
12:33:52,664.01
12:33:52,664.01
12:33:52,663.2
12:33:52,664.32
12:33:52,663.79
12:33:52,664.28
12:33:52,664.57
12:33:52,663.94
12:33:52,665.16
12:33:52,665.1
12:33:52,665.46
12:33:52,665.28
12:33:52,663.17
12:33:52,663.5
12:33:52,664.9
12:33:52,664.94
12:33:52,664.16
12:33:52,662.1
12:33:52,663.66
12:33:52,664.6
12:33:52,665.16
12:33:52,665.49
12:33:52,663.7
12:33:52,664.62
12:33:52,665.17
12:33:52,664.3
12:33:52,664.58
12:33:52,666.75
12:33:52,666.85
12:33:52,666.11
12:33:52,665.27
12:33:52,665.96
12:33:52,667.58
12:33:52,666.55
12:33:52,666.73
12:33:52,665.24
12:33:52,665.94
12:33:52,666.77
12:33:52,666.46
12:33:52,666.68
12:33:52,666.81
12:33:52,666.48
12:33:52,667.09
12:33:52,665.45
12:33:52,666.07
12:33:53,664.44
12:33:53,664.67
12:33:53,665.2
12:33:53,665.92
12:33:53,665.95
12:33:53,665.57
12:33:53,665.74
12:33:53,665.45
12:33:53,666.07
12:33:53,665.24
12:33:53,665.54
12:33:53,665.33
12:33:53,666.0
12:33:53,666.4
12:33:53,666.64
12:33:53,666.38
12:33:53,665.83
12:33:53,666.3
12:33:53,664.58
12:33:53,665.55
12:33:53,665.73
12:33:53,665.84
12:33:53,664.7
12:33:53,662.42
12:33:53,663.85
12:33:53,664.31
12:33:53,664.59
12:33:53,663.95
12:33:53,661.97
12:33:53,662.78
12:33:53,663.67
12:33:53,664.2
12:33:53,664.92
12:33:53,664.55
12:33:53,665.13
12:33:53,664.28
12:33:53,664.57
12:33:53,665.54
12:33:53,662.92
12:33:53,664.15
12:33:53,664.89
12:33:53,664.54
12:33:53,664.72
12:33:53,664.03
12:33:53,664.02
12:33:53,664.01
12:33:53,663.61
12:33:53,664.56
12:33:53,662.74
12:33:54,664.04
12:33:54,663.23
12:33:54,663.14
12:33:54,664.28
12:33:54,662.97
12:33:54,664.58
12:33:54,664.75
12:33:54,665.25
12:33:54,665.55
12:33:54,664.53
12:33:54,664.32
12:33:54,663.79
12:33:54,664.27
12:33:54,665.36
12:33:54,662.82
12:33:54,664.49
12:33:54,665.09
12:33:54,664.26
12:33:54,665.35
12:33:54,664.41
12:33:54,663.85
12:33:54,665.11
12:33:54,663.87
12:33:54,663.52
12:33:54,661.71
12:33:54,662.23
12:33:54,662.54
12:33:54,663.92
12:33:54,664.35
12:33:54,665.41
12:33:54,664.45
12:33:54,665.47
12:33:54,666.08
12:33:54,665.65
12:33:54,666.19
12:33:54,666.11
12:33:54,664.47
12:33:54,665.08
12:33:54,665.05
12:33:54,665.03
12:33:54,664.62
12:33:54,665.17
12:33:54,665.5
12:33:54,664.5
12:33:54,664.7
12:33:54,664.02
12:33:54,663.61
12:33:54,663.37
12:33:55,664.42
12:33:55,665.45
12:33:55,664.87
12:33:55,664.92
12:33:55,665.75
12:33:55,666.25
12:33:55,666.15
12:33:55,664.09
12:33:55,664.05
12:33:55,663.63
12:33:55,664.58
12:33:55,663.95
12:33:55,663.97
12:33:55,664.78
12:33:55,664.87
12:33:55,664.12
12:33:55,664.47
12:33:55,662.28
12:33:55,664.17
12:33:55,663.7
12:33:55,663.42
12:33:55,664.45
12:33:55,663.87
12:33:55,665.12
12:33:55,663.87
12:33:55,663.52
12:33:55,664.51
12:33:55,662.31
12:33:55,662.19
12:33:55,663.71
12:33:55,664.63
12:33:55,665.18
12:33:55,664.71
12:33:55,664.42
12:33:55,665.05
12:33:55,665.03
12:33:55,664.22
12:33:55,664.13
12:33:55,663.68
12:33:55,663.81
12:33:55,664.68
12:33:55,663.61
12:33:55,663.77
12:33:55,665.06
12:33:55,664.24
12:33:55,664.94
12:33:55,664.16
12:33:55,662.1
12:33:56,663.66
12:33:56,665.0
12:33:56,664.6
12:33:56,664.76
12:33:56,662.86
12:33:56,664.11
12:33:56,663.27
12:33:56,664.36
12:33:56,665.02
12:33:56,663.01
12:33:56,663.01
12:33:56,663.4
12:33:56,664.84
12:33:56,665.31
12:33:56,664.78
12:33:56,664.87
12:33:56,664.92
12:33:56,665.75
12:33:56,666.25
12:33:56,663.75
12:33:56,664.65
12:33:56,665.59
12:33:56,665.35
12:33:56,665.61
12:33:56,665.77
12:33:56,665.86
12:33:56,666.32
12:33:56,664.99
12:33:56,664.59
12:33:56,663.96
12:33:56,665.17
12:33:56,664.3
12:33:56,664.98
12:33:56,664.59
12:33:56,664.75
12:33:56,665.25
12:33:56,665.55
12:33:56,666.13
12:33:56,666.08
12:33:56,666.05
12:33:56,664.83
12:33:56,665.3
12:33:56,665.98
12:33:56,664.79
12:33:56,664.07
12:33:56,663.24
12:33:56,664.35
12:33:56,665.01
12:33:56,664.6
12:33:57,665.16
12:33:57,664.7
12:33:57,665.62
12:33:57,665.77
12:33:57,666.26
12:33:57,666.16
12:33:57,663.69
12:33:57,664.62
12:33:57,665.17
12:33:57,665.9
12:33:57,664.74
12:33:57,664.04
12:33:57,664.03
12:33:57,664.02
12:33:57,664.01
12:33:57,664.01
12:33:57,663.2
12:33:57,664.72
12:33:57,664.43
12:33:57,665.06
12:33:57,664.24
12:33:57,662.54
12:33:57,664.33
12:33:57,663.8
12:33:57,663.48
12:33:57,663.29
12:33:57,663.17
12:33:57,663.1
12:33:57,664.26
12:33:57,664.96
12:33:57,664.97
12:33:57,663.38
12:33:57,664.03
12:33:57,664.02
12:33:57,664.01
12:33:57,664.01
12:33:57,666.0
12:33:57,664.4
12:33:57,664.64
12:33:57,665.18
12:33:57,665.91
12:33:57,666.35
12:33:57,665.01
12:33:57,664.2
12:33:57,664.92
12:33:57,665.35
12:33:57,665.61
12:33:57,664.57
12:33:58,665.54
12:33:58,665.72
12:33:58,666.23
12:33:58,666.14
12:33:58,666.08
12:33:58,664.85
12:33:58,664.91
12:33:58,665.75
12:33:58,666.25
12:33:58,666.55
12:33:58,666.73
12:33:58,666.44
12:33:58,665.86
12:33:58,664.72
12:33:58,664.43
12:33:58,665.06
12:33:58,663.84
12:33:58,664.7
12:33:58,664.42
12:33:58,664.25
12:33:58,664.95
12:33:58,665.37
12:33:58,665.62
12:33:58,665.77
12:33:58,665.06
12:33:58,664.24
12:33:58,664.94
12:33:58,664.17
12:33:58,664.9
12:33:58,664.14
12:33:58,664.08
12:33:58,663.65
12:33:58,664.99
12:33:58,664.59
12:33:58,662.76
12:33:58,664.05
12:33:58,663.63
12:33:58,663.38
12:33:58,664.03
12:33:58,662.82
12:33:58,664.49
12:33:58,664.69
12:33:58,664.82
12:33:58,664.89
12:33:58,663.33
12:33:58,662.8
12:33:58,664.08
12:33:58,663.65
12:33:59,664.99
12:33:59,663.39
12:33:59,664.04
12:33:59,663.22
12:33:59,663.13
12:33:59,663.88
12:33:59,662.73
12:33:59,664.04
12:33:59,663.62
12:33:59,664.17
12:33:59,664.9
12:33:59,663.74
12:33:59,664.65
12:33:59,665.19
12:33:59,665.91
12:33:59,665.95
12:33:59,666.37
12:33:59,666.22
12:33:59,664.93
12:33:59,665.36
12:33:59,666.02
12:33:59,666.81
12:33:59,666.49
12:33:59,665.89
12:33:59,665.53
12:33:59,666.12
12:33:59,667.67
12:33:59,667.4
12:33:59,667.24
12:33:59,666.75
12:33:59,666.85
12:33:59,668.11
12:33:59,666.87
12:33:59,666.12
12:33:59,664.87
12:33:59,665.32
12:33:59,665.59
12:33:59,665.36
12:33:59,665.61
12:33:59,664.57
12:33:59,665.54
12:33:59,666.12
12:33:59,664.87
12:33:59,665.72
12:33:59,665.83
12:33:59,665.5
12:33:59,664.1
12:33:59,665.26
12:34:00,665.16
12:34:00,664.69
12:34:00,663.62
12:34:00,664.97
12:34:00,665.78
12:34:00,666.27
12:34:00,666.16
12:34:00,666.1
12:34:00,666.06
12:34:00,666.03
12:34:00,665.22
12:34:00,664.33
12:34:00,665.0
12:34:00,665.0
12:34:00,663.8
12:34:00,665.08
12:34:00,664.65
12:34:00,665.19
12:34:00,665.91
12:34:00,664.75
12:34:00,665.25
12:34:00,665.55
12:34:00,665.33
12:34:00,665.6
12:34:00,663.36
12:34:00,664.42
12:34:00,665.45
12:34:00,666.07
12:34:00,665.64
12:34:00,664.99
12:34:00,665.39
12:34:00,666.03
12:34:00,664.82
12:34:00,665.69
12:34:00,663.82
12:34:00,665.09
12:34:00,664.25
12:34:00,664.95
12:34:00,664.17
12:34:00,664.1
12:34:00,664.86
12:34:00,664.92
12:34:00,665.75
12:34:00,665.45
12:34:00,663.27
12:34:00,664.76
12:34:00,665.66
12:34:00,666.19
12:34:00,666.52
12:34:01,663.91
12:34:01,664.35
12:34:01,665.01
12:34:01,664.6
12:34:01,665.16
12:34:01,662.7
12:34:01,664.42
12:34:01,665.05
12:34:01,664.23
12:34:01,664.94
12:34:01,663.36
12:34:01,664.42
12:34:01,665.05
12:34:01,664.23
12:34:01,665.34
12:34:01,665.6
12:34:01,665.36
12:34:01,665.62
12:34:01,665.77
12:34:01,665.46
12:34:01,666.08
12:34:01,665.25
12:34:01,664.35
12:34:01,665.01
12:34:01,664.61
12:34:01,665.16
12:34:01,664.3
12:34:01,665.38
12:34:01,666.03
12:34:01,665.22
12:34:01,665.53
12:34:01,665.72
12:34:01,665.83
12:34:01,666.3
12:34:01,666.18
12:34:01,666.11
12:34:01,664.46
12:34:01,665.08
12:34:01,664.65
12:34:01,664.79
12:34:01,664.07
12:34:01,663.24
12:34:01,664.35
12:34:01,665.01
12:34:01,664.6
12:34:01,665.16
12:34:01,664.7
12:34:01,665.62
12:34:02,665.77
12:34:02,665.46
12:34:02,665.28
12:34:02,662.77
12:34:02,664.06
12:34:02,663.64
12:34:02,664.58
12:34:02,663.95
12:34:02,661.97
12:34:02,663.58
12:34:02,664.55
12:34:02,665.53
12:34:02,665.72
12:34:02,663.43
12:34:02,664.86
12:34:02,665.72
12:34:02,666.23
12:34:02,665.74
12:34:02,664.64
12:34:02,665.19
12:34:02,665.91
12:34:02,665.95
12:34:02,664.77
12:34:02,662.86
12:34:02,663.72
12:34:02,664.63
12:34:02,665.58
12:34:02,664.55
12:34:02,662.73
12:34:02,664.04
12:34:02,663.62
12:34:02,663.37
12:34:02,664.42
12:34:02,662.65
12:34:02,664.39
12:34:02,665.04
12:34:02,664.22
12:34:02,664.93
12:34:02,664.16
12:34:02,663.7
12:34:02,664.62
12:34:02,665.17
12:34:02,665.5
12:34:02,664.1
12:34:02,664.86
12:34:02,664.92
12:34:02,665.35
12:34:02,665.61
12:34:02,662.97
12:34:03,663.78
12:34:03,665.07
12:34:03,665.04
12:34:03,665.02
12:34:03,667.01
12:34:03,665.81
12:34:03,666.29
12:34:03,666.17
12:34:03,666.1
12:34:03,667.66
12:34:03,667.0
12:34:03,665.0
12:34:03,664.6
12:34:03,665.56
12:34:03,665.34
12:34:03,665.6
12:34:03,665.36
12:34:03,665.62
12:34:03,665.77
12:34:03,665.46
12:34:03,665.28
12:34:03,665.17
12:34:03,664.7
12:34:03,664.82
12:34:03,665.69
12:34:03,665.42
12:34:03,665.65
12:34:03,666.19
12:34:03,666.51
12:34:03,666.31
12:34:03,664.98
12:34:03,665.39
12:34:03,666.03
12:34:03,665.22
12:34:03,665.53
12:34:03,665.72
12:34:03,665.83
12:34:03,666.3
12:34:03,666.18
12:34:03,665.71
12:34:03,665.82
12:34:03,666.29
12:34:03,666.18
12:34:03,665.71
12:34:03,665.82
12:34:03,664.29
12:34:03,664.98
12:34:03,665.39
12:34:04,665.63
12:34:04,666.18
12:34:04,666.51
12:34:04,665.1
12:34:04,665.46
12:34:04,665.28
12:34:04,665.17
12:34:04,664.7
12:34:04,664.82
12:34:04,665.29
12:34:04,665.58
12:34:04,664.55
12:34:04,664.33
12:34:04,663.8
12:34:04,664.28
12:34:04,664.57
12:34:04,664.74
12:34:04,664.44
12:34:04,665.47
12:34:04,665.68
12:34:04,664.61
12:34:04,665.16
12:34:04,663.5
12:34:04,664.9
12:34:04,665.74
12:34:04,665.84
12:34:04,664.71
12:34:04,664.02
12:34:04,664.01
12:34:04,664.81
12:34:04,665.29
12:34:04,663.97
12:34:04,662.38
12:34:04,664.23
12:34:04,663.74
12:34:04,664.24
12:34:04,665.35
12:34:04,664.01
12:34:04,664.0
12:34:04,663.6
12:34:04,664.96
12:34:04,664.18
12:34:04,662.11
12:34:04,662.86
12:34:04,664.12
12:34:04,663.67
12:34:04,665.0
12:34:04,664.6
12:34:05,664.76
12:34:05,665.66
12:34:05,665.79
12:34:05,664.28
12:34:05,662.57
12:34:05,664.34
12:34:05,665.0
12:34:05,664.2
12:34:05,664.92
12:34:05,664.15
12:34:05,663.69
12:34:05,665.02
12:34:05,664.61
12:34:05,665.17
12:34:05,664.7
12:34:05,665.62
12:34:05,665.77
12:34:05,666.26
12:34:05,666.16
12:34:05,663.29
12:34:05,664.38
12:34:05,665.03
12:34:05,664.62
12:34:05,665.17
12:34:05,665.9
12:34:05,665.54
12:34:05,666.12
12:34:05,664.87
12:34:05,665.32
12:34:05,665.59
12:34:05,665.36
12:34:05,665.61
12:34:05,664.97
12:34:05,664.98
12:34:05,664.59
12:34:05,665.55
12:34:05,665.73
12:34:05,665.84
12:34:05,664.7
12:34:05,663.62
12:34:05,664.17
12:34:05,663.7
12:34:05,664.22
12:34:05,664.93
12:34:05,664.96
12:34:05,664.18
12:34:05,665.31
12:34:05,664.78
12:34:05,664.07
12:34:06,663.24
12:34:06,663.55
12:34:06,664.53
12:34:06,664.32
12:34:06,664.59
12:34:06,663.95
12:34:06,663.97
12:34:06,665.18
12:34:06,665.51
12:34:06,665.31
12:34:06,665.58
12:34:06,662.95
12:34:06,663.77
12:34:06,664.66
12:34:06,664.8
12:34:06,664.08
12:34:06,662.85
12:34:06,663.71
12:34:06,663.82
12:34:06,664.69
12:34:06,664.02
12:34:06,663.21
12:34:06,663.13
12:34:06,663.08
12:34:06,663.05
12:34:06,663.03
12:34:06,662.62
12:34:06,663.97
12:34:06,665.18
12:34:06,665.51
12:34:06,665.71
12:34:06,663.02
12:34:06,663.41
12:34:06,663.25
12:34:06,664.35
12:34:06,665.01
12:34:06,663.01
12:34:06,663.0
12:34:06,663.0
12:34:06,663.0
12:34:06,664.2
12:34:06,665.72
12:34:06,664.63
12:34:06,664.38
12:34:06,665.03
12:34:06,664.22
12:34:06,664.93
12:34:06,665.76
12:34:07,665.85
12:34:07,665.91
12:34:07,666.35
12:34:07,666.61
12:34:07,665.17
12:34:07,664.7
12:34:07,665.62
12:34:07,666.17
12:34:07,666.1
12:34:07,666.46
12:34:07,666.68
12:34:07,666.81
12:34:07,666.88
12:34:07,665.33
12:34:07,664.4
12:34:07,665.44
12:34:07,665.66
12:34:07,665.4
12:34:07,664.44
12:34:07,665.46
12:34:07,665.68
12:34:07,665.41
12:34:07,665.64
12:34:07,666.19
12:34:07,666.11
12:34:07,664.87
12:34:07,664.92
12:34:07,664.95
12:34:07,664.17
12:34:07,663.3
12:34:07,664.38
12:34:07,665.43
12:34:07,666.06
12:34:07,664.83
12:34:07,664.5
12:34:07,664.7
12:34:07,664.82
12:34:07,665.69
12:34:07,665.42
12:34:07,664.85
12:34:07,665.71
12:34:07,664.63
12:34:07,665.58
12:34:07,664.55
12:34:07,662.33
12:34:07,662.6
12:34:07,664.36
12:34:07,665.01
12:34:08,664.61
12:34:08,663.57
12:34:08,664.54
12:34:08,665.52
12:34:08,665.71
12:34:08,665.83
12:34:08,662.7
12:34:08,664.02
12:34:08,664.01
12:34:08,664.81
12:34:08,665.28
12:34:08,664.37
12:34:08,664.62
12:34:08,664.37
12:34:08,665.02
12:34:08,664.21
12:34:08,663.73
12:34:08,663.84
12:34:08,664.3
12:34:08,664.58
12:34:08,663.95
12:34:08,663.57
12:34:08,664.54
12:34:08,665.53
12:34:08,665.72
12:34:08,666.23
12:34:08,665.34
12:34:08,665.6
12:34:08,665.36
12:34:08,665.62
12:34:08,665.77
12:34:08,663.06
12:34:08,663.04
12:34:08,663.42
12:34:08,664.45
12:34:08,665.07
12:34:08,663.44
12:34:08,664.87
12:34:08,665.72
12:34:08,665.83
12:34:08,666.3
12:34:08,663.78
12:34:08,664.27
12:34:08,664.96
12:34:08,664.98
12:34:08,664.59
12:34:08,663.15
12:34:08,663.09
12:34:09,663.05
12:34:09,663.43
12:34:09,664.86
12:34:09,662.92
12:34:09,664.15
12:34:09,663.69
12:34:09,664.21
12:34:09,664.93
12:34:09,666.96
12:34:09,666.17
12:34:09,666.1
12:34:09,666.46
12:34:09,666.28
12:34:09,667.37
12:34:09,666.82
12:34:09,666.89
12:34:09,666.14
12:34:09,666.08
12:34:09,668.05
12:34:09,666.03
12:34:09,665.22
12:34:09,665.13
12:34:09,665.08
12:34:09,665.45
12:34:09,665.27
12:34:09,665.56
12:34:09,666.14
12:34:09,666.08
12:34:09,666.05
12:34:09,664.83
12:34:09,665.3
12:34:09,665.98
12:34:09,664.79
12:34:09,664.07
12:34:09,663.24
12:34:09,664.35
12:34:09,665.01
12:34:09,664.6
12:34:09,664.76
12:34:09,664.46
12:34:09,665.47
12:34:09,665.68
12:34:09,664.61
12:34:09,665.17
12:34:09,663.1
12:34:09,664.26
12:34:09,664.96
12:34:09,664.97
12:34:09,664.18
12:34:10,662.11
12:34:10,662.87
12:34:10,663.72
12:34:10,664.63
12:34:10,665.58
12:34:10,663.35
12:34:10,664.41
12:34:10,663.85
12:34:10,663.91
12:34:10,665.14
12:34:10,662.69
12:34:10,664.41
12:34:10,663.85
12:34:10,664.71
12:34:10,665.23
12:34:10,662.74
12:34:10,664.04
12:34:10,663.22
12:34:10,663.13
12:34:10,663.88
12:34:10,662.73
12:34:10,664.04
12:34:10,663.62
12:34:10,663.37
12:34:10,664.82
12:34:10,662.89
12:34:10,664.14
12:34:10,664.88
12:34:10,665.33
12:34:10,665.6
12:34:10,663.36
12:34:10,664.42
12:34:10,665.05
12:34:10,664.63
12:34:10,665.58
12:34:10,663.75
12:34:10,664.65
12:34:10,665.59
12:34:10,666.15
12:34:10,666.49
12:34:10,665.1
12:34:10,664.26
12:34:10,664.95
12:34:10,664.97
12:34:10,665.38
12:34:10,664.83
12:34:10,665.7
12:34:10,666.22
12:34:11,664.93
12:34:11,665.76
12:34:11,663.46
12:34:11,664.87
12:34:11,664.92
12:34:11,665.75
12:34:11,665.45
12:34:11,663.27
12:34:11,664.36
12:34:11,665.02
12:34:11,665.01
12:34:11,664.61
12:34:11,665.16
12:34:11,664.7
12:34:11,665.62
12:34:11,665.77
12:34:11,665.46
12:34:11,666.08
12:34:11,664.85
12:34:11,664.91
12:34:11,665.34
12:34:11,666.01
12:34:11,665.2
12:34:11,665.92
12:34:11,665.95
12:34:11,665.97
12:34:11,664.78
12:34:11,664.07
12:34:11,663.24
12:34:11,664.35
12:34:11,665.01
12:34:11,663.8
12:34:11,663.88
12:34:11,663.53
12:34:11,664.52
12:34:11,665.51
12:34:11,665.71
12:34:11,665.82
12:34:11,663.09
12:34:11,663.06
12:34:11,662.63
12:34:11,664.38
12:34:11,665.43
12:34:11,664.46
12:34:11,665.07
12:34:11,664.24
12:34:11,665.35
12:34:11,665.61
12:34:11,664.56
12:34:12,665.14
12:34:12,664.28
12:34:12,664.57
12:34:12,664.74
12:34:12,662.45
12:34:12,664.27
12:34:12,664.96
12:34:12,664.18
12:34:12,665.31
12:34:12,664.78
12:34:12,665.67
12:34:12,665.8
12:34:12,664.68
12:34:12,665.21
12:34:12,664.73
12:34:12,665.24
12:34:12,665.54
12:34:12,665.32
12:34:12,665.59
12:34:12,663.76
12:34:12,664.65
12:34:12,665.59
12:34:12,664.56
12:34:12,665.13
12:34:12,664.28
12:34:12,664.97
12:34:12,664.98
12:34:12,665.39
12:34:12,665.23
12:34:12,662.74
12:34:12,664.04
12:34:12,663.63
12:34:12,663.78
12:34:12,663.07
12:34:12,663.04
12:34:12,663.02
12:34:12,663.41
12:34:12,663.65
12:34:12,664.99
12:34:12,663.39
12:34:12,664.84
12:34:12,664.9
12:34:12,664.94
12:34:12,664.16
12:34:12,664.1
12:34:12,664.86
12:34:12,665.32
12:34:12,664.39
12:34:13,664.63
12:34:13,662.78
12:34:13,664.07
12:34:13,663.64
12:34:13,664.98
12:34:13,664.19
12:34:13,664.91
12:34:13,665.35
12:34:13,666.01
12:34:13,664.81
12:34:13,665.28
12:34:13,665.17
12:34:13,665.5
12:34:13,666.1
12:34:13,666.06
12:34:13,665.64
12:34:13,665.38
12:34:13,666.03
12:34:13,665.22
12:34:13,664.33
12:34:13,664.6
12:34:13,665.56
12:34:13,664.14
12:34:13,663.68
12:34:13,664.21
12:34:13,664.53
12:34:13,665.52
12:34:13,666.11
12:34:13,665.27
12:34:13,665.56
12:34:13,665.34
12:34:13,666.0
12:34:13,664.0
12:34:13,663.6
12:34:13,664.96
12:34:13,665.38
12:34:13,665.23
12:34:13,663.54
12:34:13,664.92
12:34:13,665.75
12:34:13,666.25
12:34:13,666.55
12:34:13,665.53
12:34:13,665.72
12:34:13,666.23
12:34:13,666.14
12:34:13,666.48
12:34:13,663.49
12:34:14,664.89
12:34:14,664.94
12:34:14,664.16
12:34:14,665.3
12:34:14,664.38
12:34:14,665.43
12:34:14,665.66
12:34:14,665.79
12:34:14,664.68
12:34:14,662.81
12:34:14,664.08
12:34:14,663.65
12:34:14,664.99
12:34:14,664.59
12:34:14,663.56
12:34:14,664.53
12:34:14,665.12
12:34:14,665.47
12:34:14,665.28
12:34:14,663.17
12:34:14,663.1
12:34:14,664.26
12:34:14,664.56
12:34:14,664.73
12:34:14,662.84
12:34:14,663.7
12:34:14,664.22
12:34:14,664.93
12:34:14,665.76
12:34:14,663.46
12:34:14,664.47
12:34:14,665.08
12:34:14,664.25
12:34:14,664.95
12:34:14,663.37
12:34:14,664.42
12:34:14,665.05
12:34:14,663.83
12:34:14,664.7
12:34:14,663.22
12:34:14,664.33
12:34:14,665.0
12:34:14,664.2
12:34:14,664.92
12:34:14,664.15
12:34:14,663.69
12:34:14,665.01
12:34:14,665.41
12:34:14,665.65
12:34:15,664.99
12:34:15,664.99
12:34:15,665.0
12:34:15,665.0
12:34:15,665.4
12:34:15,663.64
12:34:15,664.98
12:34:15,664.99
12:34:15,665.39
12:34:15,665.24
12:34:15,663.14
12:34:15,663.89
12:34:15,664.73
12:34:15,665.24
12:34:15,665.94
12:34:15,666.37
12:34:15,666.22
12:34:15,666.13
12:34:15,664.88
12:34:15,664.53
12:34:15,665.52
12:34:15,665.71
12:34:15,664.63
12:34:15,664.78
12:34:15,664.07
12:34:15,663.64
12:34:15,664.58
12:34:15,665.55
12:34:15,666.13
12:34:15,666.08
12:34:15,666.05
12:34:15,664.83
12:34:15,665.3
12:34:15,665.58
12:34:15,664.55
12:34:15,665.53
12:34:15,663.72
12:34:15,664.63
12:34:15,665.18
12:34:15,665.91
12:34:15,665.94
12:34:15,663.57
12:34:15,664.94
12:34:15,665.76
12:34:15,666.26
12:34:15,666.16
12:34:15,664.89
12:34:15,665.34
12:34:16,666.0
12:34:16,666.0
12:34:16,666.0
12:34:16,664.0
12:34:16,663.6
12:34:16,664.96
12:34:16,664.98
12:34:16,664.59
12:34:16,663.15
12:34:16,663.49
12:34:16,664.09
12:34:16,664.06
12:34:16,664.83
12:34:16,664.1
12:34:16,664.86
12:34:16,664.92
12:34:16,665.35
12:34:16,666.01
12:34:16,664.41
12:34:16,663.84
12:34:16,664.31
12:34:16,663.78
12:34:16,664.67
12:34:16,664.0
12:34:16,663.6
12:34:16,664.96
12:34:16,664.98
12:34:16,664.19
12:34:16,662.51
12:34:16,662.31
12:34:16,662.58
12:34:16,663.55
12:34:16,664.13
12:34:16,663.68
12:34:16,664.21
12:34:16,663.72
12:34:16,664.63
12:34:16,665.18
12:34:16,664.31
12:34:16,663.79
12:34:16,665.07
12:34:16,665.04
12:34:16,665.43
12:34:16,663.26
12:34:16,664.75
12:34:16,665.25
12:34:16,665.55
12:34:16,665.73
12:34:16,666.24
12:34:17,666.14
12:34:17,664.89
12:34:17,664.93
12:34:17,664.96
12:34:17,666.18
12:34:17,666.11
12:34:17,664.86
12:34:17,664.92
12:34:17,665.35
12:34:17,666.01
12:34:17,665.21
12:34:17,663.92
12:34:17,664.75
12:34:17,664.85
12:34:17,664.11
12:34:17,664.47
12:34:17,665.48
12:34:17,666.09
12:34:17,666.05
12:34:17,665.63
12:34:17,666.18
12:34:17,666.11
12:34:17,664.86
12:34:17,664.92
12:34:17,664.95
12:34:17,664.17
12:34:17,663.7
12:34:17,664.62
12:34:17,665.17
12:34:17,665.9
12:34:17,665.94
12:34:17,665.97
12:34:17,665.58
12:34:17,664.55
12:34:17,665.53
12:34:17,664.52
12:34:17,663.91
12:34:17,663.55
12:34:17,664.13
12:34:17,664.88
12:34:17,664.13
12:34:17,663.28
12:34:17,664.77
12:34:17,664.86
12:34:17,664.92
12:34:17,662.95
12:34:17,663.77
12:34:17,665.06
12:34:18,664.24
12:34:18,664.54
12:34:18,662.33
12:34:18,662.6
12:34:18,663.16
12:34:18,664.29
12:34:18,664.58
12:34:18,662.75
12:34:18,664.05
12:34:18,663.63
12:34:18,664.58
12:34:18,664.35
12:34:18,662.61
12:34:18,662.76
12:34:18,664.06
12:34:18,663.64
12:34:18,664.98
12:34:18,663.79
12:34:18,664.27
12:34:18,664.96
12:34:18,665.38
12:34:18,665.23
12:34:18,662.74
12:34:18,663.64
12:34:18,664.99
12:34:18,665.39
12:34:18,665.23
12:34:18,662.74
12:34:18,664.04
12:34:18,663.23
12:34:18,663.14
12:34:18,664.28
12:34:18,664.17
12:34:18,663.7
12:34:18,665.02
12:34:18,664.61
12:34:18,665.17
12:34:18,662.7
12:34:18,663.62
12:34:18,664.57
12:34:18,665.14
12:34:18,665.89
12:34:18,664.33
12:34:18,663.8
12:34:18,664.68
12:34:18,664.81
12:34:18,664.88
12:34:18,663.73
12:34:19,664.64
12:34:19,665.18
12:34:19,665.91
12:34:19,666.35
12:34:19,666.61
12:34:19,665.16
12:34:19,664.3
12:34:19,664.98
12:34:19,664.19
12:34:19,665.31
12:34:19,664.39
12:34:19,665.03
12:34:19,664.62
12:34:19,665.57
12:34:19,665.74
12:34:19,666.25
12:34:19,666.15
12:34:19,664.89
12:34:19,664.13
12:34:19,664.48
12:34:19,665.09
12:34:19,665.45
12:34:19,665.67
12:34:19,665.8
12:34:19,664.68
12:34:19,664.01
12:34:19,664.41
12:34:19,664.24
12:34:19,664.95
12:34:19,664.17
12:34:19,662.9
12:34:19,664.14
12:34:19,664.88
12:34:19,664.13
12:34:19,664.88
12:34:19,664.13
12:34:19,663.68
12:34:19,664.21
12:34:19,664.52
12:34:19,665.51
12:34:19,663.31
12:34:19,663.19
12:34:19,664.31
12:34:19,664.99
12:34:19,664.59
12:34:19,662.36
12:34:19,663.81
12:34:19,664.69
12:34:19,664.01
12:34:20,664.01
12:34:20,663.2
12:34:20,664.72
12:34:20,665.23
12:34:20,665.54
12:34:20,665.72
12:34:20,663.43
12:34:20,664.46
12:34:20,665.08
12:34:20,665.45
12:34:20,665.67
12:34:20,664.6
12:34:20,665.16
12:34:20,664.3
12:34:20,664.98
12:34:20,664.59
12:34:20,663.95
12:34:20,664.37
12:34:20,665.02
12:34:20,663.81
12:34:20,664.69
12:34:20,663.21
12:34:20,663.13
12:34:20,662.68
12:34:20,664.41
12:34:20,665.04
12:34:20,664.23
12:34:20,663.74
12:34:20,665.04
12:34:20,664.62
12:34:20,665.17
12:34:20,662.71
12:34:20,663.22
12:34:20,663.53
12:34:20,663.72
12:34:20,665.03
12:34:20,663.02
12:34:20,663.81
12:34:20,664.69
12:34:20,664.81
12:34:20,665.69
12:34:20,666.21
12:34:20,664.93
12:34:20,665.36
12:34:20,665.61
12:34:20,665.37
12:34:20,666.02
12:34:20,665.21
12:34:21,664.33
12:34:21,663.8
12:34:21,664.28
12:34:21,664.57
12:34:21,665.14
12:34:21,665.48
12:34:21,665.29
12:34:21,665.57
12:34:21,665.34
12:34:21,665.61
12:34:21,664.56
12:34:21,665.54
12:34:21,666.12
12:34:21,666.07
12:34:21,665.24
12:34:21,665.55
12:34:21,665.73
12:34:21,665.84
12:34:21,664.7
12:34:21,663.62
12:34:21,664.57
12:34:21,665.54
12:34:21,665.73
12:34:21,665.84
12:34:21,664.7
12:34:21,665.62
12:34:21,665.77
12:34:21,665.46
12:34:21,665.68
12:34:21,663.41
12:34:21,663.24
12:34:21,664.75
12:34:21,665.65
12:34:21,666.19
12:34:21,665.31
12:34:21,664.39
12:34:21,665.43
12:34:21,665.66
12:34:21,665.4
12:34:21,664.44
12:34:21,665.46
12:34:21,666.08
12:34:21,666.05
12:34:21,666.03
12:34:21,664.42
12:34:21,664.65
12:34:21,665.59
12:34:21,664.55
12:34:22,664.73
12:34:22,664.44
12:34:22,665.06
12:34:22,664.64
12:34:22,664.78
12:34:22,664.07
12:34:22,662.84
12:34:22,663.71
12:34:22,663.42
12:34:22,664.45
12:34:22,664.67
12:34:22,664.0
12:34:22,663.6
12:34:22,664.56
12:34:22,665.54
12:34:22,666.12
12:34:22,665.27
12:34:22,665.56
12:34:22,666.14
12:34:22,664.88
12:34:22,664.13
12:34:22,663.68
12:34:22,664.21
12:34:22,663.72
12:34:22,664.63
12:34:22,665.58
12:34:22,663.75
12:34:22,665.05
12:34:22,663.83
12:34:22,664.7
12:34:22,665.22
12:34:22,662.73
12:34:22,664.04
12:34:22,663.62
12:34:22,663.37
12:34:22,664.82
12:34:22,662.89
12:34:22,664.14
12:34:22,663.68
12:34:22,664.21
12:34:22,664.93
12:34:22,664.16
12:34:22,663.69
12:34:22,664.62
12:34:22,664.77
12:34:22,664.86
12:34:22,664.52
12:34:22,664.31
12:34:23,664.19
12:34:23,664.91
12:34:23,665.35
12:34:23,663.21
12:34:23,663.13
12:34:23,663.08
12:34:23,663.05
12:34:23,663.03
12:34:23,663.82
12:34:23,664.69
12:34:23,665.61
12:34:23,664.57
12:34:23,665.14
12:34:23,665.48
12:34:23,665.29
12:34:23,665.57
12:34:23,666.14
12:34:23,665.69
12:34:23,664.61
12:34:23,663.97
12:34:23,664.38
12:34:23,665.43
12:34:23,665.26
12:34:23,665.55
12:34:23,665.73
12:34:23,665.44
12:34:23,666.06
12:34:23,665.64
12:34:23,665.78
12:34:23,664.67
12:34:23,665.6
12:34:23,665.76
12:34:23,665.46
12:34:23,666.07
12:34:23,664.44
12:34:23,665.47
12:34:23,665.68
12:34:23,664.61
12:34:23,664.76
12:34:23,662.46
12:34:23,664.28
12:34:23,665.37
12:34:23,666.02
12:34:23,664.81
12:34:23,664.49
12:34:23,664.69
12:34:23,664.82
12:34:23,664.89
12:34:23,664.13
12:34:24,663.28
12:34:24,664.37
12:34:24,665.02
12:34:24,663.81
12:34:24,665.09
12:34:24,664.25
12:34:24,664.95
12:34:24,665.37
12:34:24,665.62
12:34:24,665.77
12:34:24,664.66
12:34:24,665.2
12:34:24,665.52
12:34:24,666.11
12:34:24,664.87
12:34:24,662.52
12:34:24,663.91
12:34:24,664.75
12:34:24,664.85
12:34:24,664.11
12:34:24,662.87
12:34:24,664.52
12:34:24,665.11
12:34:24,665.07
12:34:24,665.44
12:34:24,664.46
12:34:24,665.08
12:34:24,664.25
12:34:24,664.95
12:34:24,664.17
12:34:24,662.1
12:34:24,663.66
12:34:24,665.0
12:34:24,663.8
12:34:24,663.88
12:34:24,662.73
12:34:24,663.64
12:34:24,664.98
12:34:24,664.99
12:34:24,664.59
12:34:24,663.16
12:34:24,664.29
12:34:24,665.38
12:34:24,666.03
12:34:24,664.82
12:34:24,666.89
12:34:24,666.53
12:34:24,666.32
12:34:25,664.99
12:34:25,664.2
12:34:25,666.52
12:34:25,666.31
12:34:25,664.99
12:34:25,664.99
12:34:25,664.2
12:34:25,665.72
12:34:25,665.83
12:34:25,666.3
12:34:25,666.18
12:34:25,666.11
12:34:25,667.66
12:34:25,667.0
12:34:25,665.4
12:34:25,666.04
12:34:25,665.62
12:34:25,665.77
12:34:25,666.26
12:34:25,664.96
12:34:25,665.78
12:34:25,665.47
12:34:25,665.28
12:34:25,665.57
12:34:25,666.14
12:34:25,665.28
12:34:25,665.17
12:34:25,665.5
12:34:25,665.3
12:34:25,665.58
12:34:25,665.75
12:34:25,666.25
12:34:25,666.55
12:34:25,666.33
12:34:25,665.4
12:34:25,666.04
12:34:25,665.62
12:34:25,666.17
12:34:25,665.3
12:34:25,665.98
12:34:25,665.19
12:34:25,665.91
12:34:25,665.95
12:34:25,664.77
12:34:25,665.26
12:34:25,665.56
12:34:25,665.33
12:34:25,665.6
12:34:25,663.36
12:34:26,664.42
12:34:26,665.05
12:34:26,665.03
12:34:26,665.02
12:34:26,663.41
12:34:26,664.05
12:34:26,663.23
12:34:26,664.34
12:34:26,665.4
12:34:26,663.24
12:34:26,664.74
12:34:26,665.25
12:34:26,665.55
12:34:26,665.73
12:34:26,663.44
12:34:26,664.86
12:34:26,664.92
12:34:26,664.95
12:34:26,664.17
12:34:26,664.1
12:34:26,664.86
12:34:26,664.52
12:34:26,665.51
12:34:26,665.71
12:34:26,663.02
12:34:26,663.81
12:34:26,664.29
12:34:26,664.97
12:34:26,664.18
12:34:26,662.51
12:34:26,662.71
12:34:26,662.82
12:34:26,664.09
12:34:26,664.86
12:34:26,663.31
12:34:26,663.19
12:34:26,664.31
12:34:26,663.79
12:34:26,664.27
12:34:26,662.56
12:34:26,664.34
12:34:26,665.0
12:34:26,664.2
12:34:26,664.52
12:34:26,662.31
12:34:26,662.59
12:34:26,664.35
12:34:26,663.81
12:34:27,664.69
12:34:27,663.21
12:34:27,663.13
12:34:27,663.08
12:34:27,663.05
12:34:27,664.23
12:34:27,664.94
12:34:27,664.96
12:34:27,665.78
12:34:27,665.87
12:34:27,664.72
12:34:27,665.23
12:34:27,664.74
12:34:27,665.24
12:34:27,665.95
12:34:27,664.77
12:34:27,665.66
12:34:27,666.2
12:34:27,666.12
12:34:27,664.87
12:34:27,665.32
12:34:27,665.59
12:34:27,665.76
12:34:27,666.25
12:34:27,666.15
12:34:27,666.09
12:34:27,666.05
12:34:27,664.03
12:34:27,664.02
12:34:27,664.01
12:34:27,664.01
12:34:27,663.6
12:34:27,662.16
12:34:27,662.5
12:34:27,663.9
12:34:27,663.54
12:34:27,664.92
12:34:27,662.95
12:34:27,663.77
12:34:27,664.66
12:34:27,664.8
12:34:27,664.08
12:34:27,664.05
12:34:27,663.63
12:34:27,663.38
12:34:27,664.43
12:34:27,665.46
12:34:27,663.27
12:34:28,664.36
12:34:28,665.02
12:34:28,665.01
12:34:28,665.01
12:34:28,663.8
12:34:28,664.28
12:34:28,664.97
12:34:28,665.38
12:34:28,666.03
12:34:28,664.02
12:34:28,664.01
12:34:28,664.01
12:34:28,663.6
12:34:28,664.16
12:34:28,666.5
12:34:28,666.7
12:34:28,666.82
12:34:28,666.49
12:34:28,665.49
12:34:28,667.3
12:34:28,666.78
12:34:28,666.07
12:34:28,664.44
12:34:28,664.66
12:34:28,664.8
12:34:28,664.88
12:34:28,665.33
12:34:28,665.6
12:34:28,665.76
12:34:28,665.45
12:34:28,665.27
12:34:28,665.56
12:34:28,665.74
12:34:28,665.04
12:34:28,664.63
12:34:28,665.18
12:34:28,665.51
12:34:28,664.5
12:34:28,663.9
12:34:28,663.54
12:34:28,664.52
12:34:28,665.11
12:34:28,664.27
12:34:28,664.96
12:34:28,664.18
12:34:28,664.11
12:34:29,663.66
12:34:29,664.6
12:34:29,664.76
12:34:29,664.86
12:34:29,662.91
12:34:29,664.15
12:34:29,663.69
12:34:29,664.21
12:34:29,664.93
12:34:29,664.56
12:34:29,665.53
12:34:29,665.72
12:34:29,665.83
12:34:29,665.5
12:34:29,663.3
12:34:29,664.38
12:34:29,665.43
12:34:29,666.06
12:34:29,665.63
12:34:29,664.98
12:34:29,664.99
12:34:29,664.99
12:34:29,664.6
12:34:29,665.16
12:34:29,664.29
12:34:29,665.38
12:34:29,666.03
12:34:29,665.62
12:34:29,665.77
12:34:29,663.06
12:34:29,663.44
12:34:29,664.46
12:34:29,665.08
12:34:29,665.45
12:34:29,663.27
12:34:29,664.36
12:34:29,665.02
12:34:29,664.61
12:34:29,665.17
12:34:29,663.1
12:34:29,664.26
12:34:29,665.36
12:34:29,665.61
12:34:29,665.77
12:34:29,664.66
12:34:29,665.6
12:34:29,665.76
12:34:29,666.25
12:34:29,666.55
12:34:29,665.13
12:34:29,664.28
12:34:30,665.37
12:34:30,665.62
12:34:30,665.77
12:34:30,664.66
12:34:30,665.2
12:34:30,665.52
12:34:30,665.71
12:34:30,665.83
12:34:30,663.1
12:34:30,663.06
12:34:30,663.43
12:34:30,664.46
12:34:30,664.68
12:34:30,663.21
12:34:30,663.12
12:34:30,663.07
12:34:30,663.44
12:34:30,664.07
12:34:30,666.44
12:34:30,666.66
12:34:30,666.4
12:34:30,665.84
12:34:30,664.7
12:34:30,664.02
12:34:30,664.01
12:34:30,663.61
12:34:30,663.36
12:34:30,664.82
12:34:30,664.89
12:34:30,665.33
12:34:30,664.4
12:34:30,664.64
12:34:30,664.78
12:34:30,664.07
12:34:30,664.44
12:34:30,665.07
12:34:30,664.24
12:34:30,664.94
12:34:30,665.37
12:34:30,664.42
12:34:30,664.25
12:34:30,664.95
12:34:30,664.17
12:34:30,664.9
12:34:30,664.14
12:34:30,663.68
12:34:30,665.01
12:34:30,664.61
12:34:31,665.16
12:34:31,664.3
12:34:31,664.98
12:34:31,664.99
12:34:31,664.59
12:34:31,663.56
12:34:31,661.73
12:34:31,663.44
12:34:31,664.06
12:34:31,664.44
12:34:31,664.66
12:34:31,664.0
12:34:31,663.2
12:34:31,664.32
12:34:31,665.39
12:34:31,665.23
12:34:31,664.74
12:34:31,665.64
12:34:31,666.19
12:34:31,666.11
12:34:31,665.67
12:34:31,663.0
12:34:31,663.0
12:34:31,663.0
12:34:31,663.0
12:34:31,664.2
12:34:31,662.92
12:34:31,663.75
12:34:31,664.65
12:34:31,665.59
12:34:31,665.35
12:34:31,663.21
12:34:31,663.13
12:34:31,662.68
12:34:31,664.41
12:34:31,665.04
12:34:31,664.23
12:34:31,664.14
12:34:31,663.68
12:34:31,664.61
12:34:31,665.17
12:34:31,663.1
12:34:31,664.26
12:34:31,664.96
12:34:31,664.97
12:34:31,664.18
12:34:31,664.91
12:34:31,664.95
12:34:31,664.97
12:34:32,665.78
12:34:32,664.67
12:34:32,665.2
12:34:32,665.12
12:34:32,664.27
12:34:32,664.96
12:34:32,664.18
12:34:32,664.91
12:34:32,665.34
12:34:32,666.01
12:34:32,665.2
12:34:32,665.52
12:34:32,665.71
12:34:32,664.63
12:34:32,665.18
12:34:32,665.51
12:34:32,665.7
12:34:32,664.62
12:34:32,665.17
12:34:32,664.7
12:34:32,665.62
12:34:32,665.77
12:34:32,666.26
12:34:32,666.56
12:34:32,666.34
12:34:32,666.2
12:34:32,664.92
12:34:32,665.75
12:34:32,665.85
12:34:32,665.51
12:34:32,664.51
12:34:32,665.1
12:34:32,665.86
12:34:32,664.72
12:34:32,664.43
12:34:32,665.06
12:34:32,665.44
12:34:32,666.06
12:34:32,664.44
12:34:32,665.06
12:34:32,664.24
12:34:32,665.34
12:34:32,666.01
12:34:32,664.0
12:34:32,663.6
12:34:32,664.56
12:34:32,664.74
12:34:32,664.84
12:34:33,662.91
12:34:33,664.14
12:34:33,664.89
12:34:33,665.33
12:34:33,665.6
12:34:33,664.56
12:34:33,665.54
12:34:33,665.72
12:34:33,665.83
12:34:33,666.3
12:34:33,663.78
12:34:33,665.07
12:34:33,664.24
12:34:33,664.94
12:34:33,664.17
12:34:33,662.1
12:34:33,663.66
12:34:33,665.0
12:34:33,664.6
12:34:33,664.76
12:34:33,664.06
12:34:33,664.43
12:34:33,665.06
12:34:33,664.64
12:34:33,665.58
12:34:33,664.55
12:34:33,665.13
12:34:33,664.28
12:34:33,664.97
12:34:33,665.38
12:34:33,664.43
12:34:33,665.06
12:34:33,664.63
12:34:33,664.38
12:34:33,665.43
12:34:33,663.26
12:34:33,664.35
12:34:33,665.41
12:34:33,664.45
12:34:33,664.67
12:34:33,662.8
12:34:33,664.08
12:34:33,664.45
12:34:33,665.47
12:34:33,666.08
12:34:33,667.65
12:34:33,667.39
12:34:33,667.23
12:34:33,665.94
12:34:34,665.96
12:34:34,664.78
12:34:34,664.87
12:34:34,664.92
12:34:34,665.75
12:34:34,665.85
12:34:34,664.71
12:34:34,664.03
12:34:34,664.02
12:34:34,664.01
12:34:34,663.61
12:34:34,664.56
12:34:34,663.54
12:34:34,664.52
12:34:34,665.11
12:34:34,665.07
12:34:34,665.04
12:34:34,663.82
12:34:34,664.69
12:34:34,664.82
12:34:34,664.89
12:34:34,664.53
12:34:34,663.92
12:34:34,664.75
12:34:34,665.25
12:34:34,665.95
12:34:34,664.77
12:34:34,662.46
12:34:34,664.28
12:34:34,664.97
12:34:34,664.18
12:34:34,665.31
12:34:34,664.78
12:34:34,665.27
12:34:34,665.56
12:34:34,665.34
12:34:34,666.0
12:34:34,664.4
12:34:34,665.44
12:34:34,665.66
12:34:34,665.4
12:34:34,665.24
12:34:34,664.74
12:34:34,665.25
12:34:34,665.95
12:34:34,665.57
12:34:34,665.34
12:34:34,664.8
12:34:35,665.28
12:34:35,665.97
12:34:35,664.78
12:34:35,664.07
12:34:35,662.44
12:34:35,663.86
12:34:35,664.32
12:34:35,664.99
12:34:35,664.59
12:34:35,663.16
12:34:35,663.09
12:34:35,663.06
12:34:35,663.03
12:34:35,663.02
12:34:35,662.21
12:34:35,662.53
12:34:35,663.92
12:34:35,664.35
12:34:35,665.41
12:34:35,663.25
12:34:35,664.35
12:34:35,665.01
12:34:35,664.61
12:34:35,664.76
12:34:35,666.86
12:34:35,666.11
12:34:35,665.27
12:34:35,665.56
12:34:35,666.14
12:34:35,666.48
12:34:35,666.69
12:34:35,666.01
12:34:35,665.21
12:34:35,665.12
12:34:35,667.07
12:34:35,665.45
12:34:35,665.67
12:34:35,666.2
12:34:35,666.12
12:34:35,666.07
12:34:35,664.44
12:34:35,665.47
12:34:35,665.68
12:34:35,664.61
12:34:35,665.16
12:34:35,665.5
12:34:35,665.7
12:34:35,666.22
12:34:36,666.13
12:34:36,665.68
12:34:36,665.41
12:34:36,664.44
12:34:36,665.07
12:34:36,665.04
12:34:36,665.42
12:34:36,664.45
12:34:36,665.47
12:34:36,665.68
12:34:36,664.61
12:34:36,664.77
12:34:36,664.46
12:34:36,664.68
12:34:36,664.81
12:34:36,665.28
12:34:36,664.37
12:34:36,663.82
12:34:36,665.09
12:34:36,664.66
12:34:36,664.79
12:34:36,664.08
12:34:36,662.85
12:34:36,663.71
12:34:36,663.82
12:34:36,665.09
12:34:36,665.46
12:34:36,664.47
12:34:36,665.08
12:34:36,664.25
12:34:36,664.95
12:34:36,664.17
12:34:36,662.1
12:34:36,663.66
12:34:36,664.6
12:34:36,665.16
12:34:36,665.49
12:34:36,663.7
12:34:36,665.02
12:34:36,664.61
12:34:36,663.97
12:34:36,663.58
12:34:36,662.15
12:34:36,662.49
12:34:36,664.29
12:34:36,664.98
12:34:36,664.59
12:34:36,663.15
12:34:37,663.09
12:34:37,663.05
12:34:37,663.43
12:34:37,664.46
12:34:37,666.68
12:34:37,666.01
12:34:37,665.2
12:34:37,665.12
12:34:37,665.47
12:34:37,667.28
12:34:37,667.17
12:34:37,665.5
12:34:37,666.1
12:34:37,665.66
12:34:37,666.2
12:34:37,666.52
12:34:37,666.31
12:34:37,664.99
12:34:37,664.19
12:34:37,665.32
12:34:37,664.39
12:34:37,665.03
12:34:37,664.62
12:34:37,665.17
12:34:37,665.5
12:34:37,665.3
12:34:37,665.98
12:34:37,665.59
12:34:37,664.55
12:34:37,665.53
12:34:37,664.52
12:34:37,665.11
12:34:37,664.27
12:34:37,665.36
12:34:37,666.02
12:34:37,665.21
12:34:37,664.33
12:34:37,663.8
12:34:37,665.08
12:34:37,664.65
12:34:37,664.39
12:34:37,665.43
12:34:37,665.66
12:34:37,665.8
12:34:37,665.48
12:34:37,663.29
12:34:37,663.97
12:34:37,665.18
12:34:37,665.51
12:34:38,665.71
12:34:38,663.82
12:34:38,664.69
12:34:38,665.62
12:34:38,665.77
12:34:38,665.46
12:34:38,664.88
12:34:38,664.93
12:34:38,665.36
12:34:38,666.01
12:34:38,665.61
12:34:38,663.76
12:34:38,665.06
12:34:38,664.64
12:34:38,664.78
12:34:38,664.07
12:34:38,663.24
12:34:38,664.34
12:34:38,665.01
12:34:38,664.6
12:34:38,663.96
12:34:38,663.58
12:34:38,664.95
12:34:38,664.97
12:34:38,664.18
12:34:38,665.31
12:34:38,664.39
12:34:38,665.03
12:34:38,664.62
12:34:38,665.17
12:34:38,665.9
12:34:38,663.94
12:34:38,664.37
12:34:38,664.62
12:34:38,665.17
12:34:38,665.5
12:34:38,663.7
12:34:38,664.22
12:34:38,664.53
12:34:38,665.12
12:34:38,665.47
12:34:38,664.88
12:34:38,665.33
12:34:38,664.8
12:34:38,664.88
12:34:38,664.53
12:34:38,662.32
12:34:38,662.59
12:34:39,664.35
12:34:39,665.01
12:34:39,664.61
12:34:39,664.36
12:34:39,665.02
12:34:39,664.61
12:34:39,663.97
12:34:39,664.78
12:34:39,663.27
12:34:39,664.36
12:34:39,665.02
12:34:39,664.61
12:34:39,665.17
12:34:39,665.9
12:34:39,665.54
12:34:39,665.72
12:34:39,665.83
12:34:39,665.5
12:34:39,666.5
12:34:39,666.7
12:34:39,666.82
12:34:39,666.49
12:34:39,665.1
12:34:39,665.46
12:34:39,666.07
12:34:39,665.24
12:34:39,665.55
12:34:39,666.13
12:34:39,666.08
12:34:39,664.85
12:34:39,664.91
12:34:39,665.34
12:34:39,666.01
12:34:39,665.2
12:34:39,663.92
12:34:39,664.75
12:34:39,665.25
12:34:39,665.95
12:34:39,665.97
12:34:39,664.38
12:34:39,665.43
12:34:39,665.66
12:34:39,665.39
12:34:39,665.24
12:34:39,662.74
12:34:39,664.05
12:34:39,663.63
12:34:39,664.58
12:34:40,663.95
12:34:40,662.37
12:34:40,663.82
12:34:40,665.09
12:34:40,665.46
12:34:40,665.27
12:34:40,664.76
12:34:40,665.66
12:34:40,665.8
12:34:40,665.88
12:34:40,664.73
12:34:40,662.44
12:34:40,663.86
12:34:40,664.32
12:34:40,664.99
12:34:40,664.59
12:34:40,663.96
12:34:40,665.17
12:34:40,664.7
12:34:40,664.82
12:34:40,664.89
12:34:40,663.34
12:34:40,664.4
12:34:40,664.64
12:34:40,663.58
12:34:40,663.35
12:34:40,661.61
12:34:40,662.17
12:34:40,662.5
12:34:40,663.9
12:34:40,663.54
12:34:40,663.32
12:34:40,663.19
12:34:40,664.32
12:34:40,664.59
12:34:40,663.95
12:34:40,663.57
12:34:40,664.94
12:34:40,664.97
12:34:40,664.98
12:34:40,664.59
12:34:40,663.95
12:34:40,664.37
12:34:40,664.62
12:34:40,664.37
12:34:40,665.02
12:34:40,663.41
12:34:40,663.25
12:34:40,664.35
12:34:41,665.01
12:34:41,664.61
12:34:41,663.96
12:34:41,664.78
12:34:41,665.67
12:34:41,665.8
12:34:41,664.68
12:34:41,664.41
12:34:41,663.84
12:34:41,664.71
12:34:41,664.02
12:34:41,663.21
12:34:41,665.93
12:34:41,665.96
12:34:41,666.37
12:34:41,666.22
12:34:41,666.53
12:34:41,666.72
12:34:41,665.23
12:34:41,664.34
12:34:41,665.0
12:34:41,665.4
12:34:41,664.44
12:34:41,665.06
12:34:41,664.24
12:34:41,664.94
12:34:41,664.17
12:34:41,664.9
12:34:41,664.94
12:34:41,664.96
12:34:41,664.98
12:34:41,664.59
12:34:41,664.75
12:34:41,663.65
12:34:41,664.59
12:34:41,664.75
12:34:41,664.85
12:34:41,664.11
12:34:41,663.27
12:34:41,663.16
12:34:41,663.5
12:34:41,664.5
12:34:41,665.1
12:34:41,664.66
12:34:41,665.2
12:34:41,664.32
12:34:41,664.99
12:34:41,664.19
12:34:42,663.72
12:34:42,663.43
12:34:42,664.46
12:34:42,664.67
12:34:42,664.4
12:34:42,662.64
12:34:42,664.39
12:34:42,665.03
12:34:42,664.62
12:34:42,665.17
12:34:42,663.1
12:34:42,664.66
12:34:42,665.6
12:34:42,666.16
12:34:42,666.09
12:34:42,664.06
12:34:42,663.23
12:34:42,663.14
12:34:42,664.28
12:34:42,664.57
12:34:42,662.34
12:34:42,663.81
12:34:42,664.68
12:34:42,664.01
12:34:42,663.61
12:34:42,663.76
12:34:42,664.66
12:34:42,665.59
12:34:42,665.36
12:34:42,665.61
12:34:42,662.97
12:34:42,663.78
12:34:42,664.27
12:34:42,664.96
12:34:42,664.18
12:34:42,662.51
12:34:42,662.7
12:34:42,664.02
12:34:42,664.41
12:34:42,664.65
12:34:42,663.99
12:34:42,664.39
12:34:42,665.44
12:34:42,665.66
12:34:42,665.4
12:34:42,663.24
12:34:42,664.74
12:34:42,665.65
12:34:43,666.19
12:34:43,666.51
12:34:43,665.51
12:34:43,664.5
12:34:43,664.7
12:34:43,664.82
12:34:43,664.49
12:34:43,663.1
12:34:43,663.06
12:34:43,663.43
12:34:43,664.46
12:34:43,664.68
12:34:43,663.21
12:34:43,663.12
12:34:43,662.67
12:34:43,664.0
12:34:43,664.8
12:34:43,666.08
12:34:43,664.85
12:34:43,665.71
12:34:43,664.63
12:34:43,664.78
12:34:43,664.07
12:34:43,664.04
12:34:43,664.02
12:34:43,664.01
12:34:43,664.01
12:34:43,664.01
12:34:43,662.8
12:34:43,664.08
12:34:43,663.65
12:34:43,664.19
12:34:43,664.51
12:34:43,663.11
12:34:43,662.67
12:34:43,664.0
12:34:43,664.4
12:34:43,664.64
12:34:43,664.38
12:34:43,665.43
12:34:43,665.66
12:34:43,665.39
12:34:43,665.24
12:34:43,664.34
12:34:43,665.01
12:34:43,664.2
12:34:43,665.32
12:34:43,665.59
12:34:43,662.96
12:34:44,664.57
12:34:44,665.14
12:34:44,665.89
12:34:44,664.73
12:34:44,662.44
12:34:44,663.86
12:34:44,664.32
12:34:44,664.59
12:34:44,663.95
12:34:44,663.57
12:34:44,664.14
12:34:44,664.09
12:34:44,663.25
12:34:44,664.75
12:34:44,662.85
12:34:44,663.71
12:34:44,663.43
12:34:44,664.06
12:34:44,664.43
12:34:44,662.66
12:34:44,664.4
12:34:44,665.04
12:34:44,664.62
12:34:44,665.17
12:34:44,662.7
12:34:44,663.62
12:34:44,663.37
12:34:44,663.62
12:34:44,664.57
12:34:44,663.94
12:34:44,664.37
12:34:44,665.02
12:34:44,664.61
12:34:44,664.77
12:34:44,662.86
12:34:44,664.12
12:34:44,663.27
12:34:44,663.96
12:34:44,664.38
12:34:44,662.63
12:34:44,663.98
12:34:44,664.39
12:34:44,665.43
12:34:44,665.66
12:34:44,667.4
12:34:44,666.44
12:34:44,666.66
12:34:44,666.4
12:34:45,666.64
12:34:45,666.38
12:34:45,666.23
12:34:45,664.94
12:34:45,664.96
12:34:45,664.18
12:34:45,664.91
12:34:45,665.34
12:34:45,666.01
12:34:45,666.0
12:34:45,666.0
12:34:45,666.0
12:34:45,665.2
12:34:45,665.52
12:34:45,665.71
12:34:45,665.83
12:34:45,665.5
12:34:45,666.1
12:34:45,666.06
12:34:45,665.24
12:34:45,665.54
12:34:45,665.32
12:34:45,664.79
12:34:45,665.68
12:34:45,665.41
12:34:45,666.04
12:34:45,665.63
12:34:45,664.98
12:34:45,664.99
12:34:45,665.39
12:34:45,665.23
12:34:45,665.54
12:34:45,662.92
12:34:45,664.15
12:34:45,663.69
12:34:45,664.62
12:34:45,665.57
12:34:45,664.94
12:34:45,665.77
12:34:45,665.86
12:34:45,664.72
12:34:45,665.23
12:34:45,663.94
12:34:45,665.16
12:34:45,664.3
12:34:45,665.38
12:34:45,666.03
12:34:45,663.62
12:34:45,664.57
12:34:46,665.14
12:34:46,665.49
12:34:46,664.49
12:34:46,662.69
12:34:46,663.62
12:34:46,664.57
12:34:46,665.14
12:34:46,665.49
12:34:46,664.49
12:34:46,664.69
12:34:46,664.82
12:34:46,665.29
12:34:46,664.37
12:34:46,662.62
12:34:46,662.77
12:34:46,664.06
12:34:46,663.24
12:34:46,664.74
12:34:46,662.85
12:34:46,663.71
12:34:46,663.42
12:34:46,664.45
12:34:46,663.47
12:34:46,663.68
12:34:46,664.21
12:34:46,663.33
12:34:46,663.2
12:34:46,664.32
12:34:46,664.19
12:34:46,664.91
12:34:46,665.35
12:34:46,665.61
12:34:46,665.37
12:34:46,663.22
12:34:46,663.93
12:34:46,664.76
12:34:46,665.26
12:34:46,665.15
12:34:46,664.69
12:34:46,665.62
12:34:46,665.77
12:34:46,665.86
12:34:46,664.72
12:34:46,662.43
12:34:46,663.86
12:34:46,664.71
12:34:46,664.03
12:34:46,664.02
12:34:47,662.81
12:34:47,664.09
12:34:47,663.65
12:34:47,664.59
12:34:47,663.95
12:34:47,665.57
12:34:47,665.74
12:34:47,665.85
12:34:47,666.31
12:34:47,664.98
12:34:47,664.59
12:34:47,664.75
12:34:47,665.25
12:34:47,665.55
12:34:47,665.33
12:34:47,665.6
12:34:47,666.16
12:34:47,664.9
12:34:47,665.34
12:34:47,665.6
12:34:47,664.56
12:34:47,665.14
12:34:47,663.88
12:34:47,664.33
12:34:47,665.0
12:34:47,665.0
12:34:47,664.6
12:34:47,665.56
12:34:47,665.74
12:34:47,665.44
12:34:47,665.26
12:34:47,665.96
12:34:47,666.38
12:34:47,666.23
12:34:47,666.14
12:34:47,666.08
12:34:47,664.85
12:34:47,664.91
12:34:47,665.35
12:34:47,665.61
12:34:47,665.76
12:34:47,665.06
12:34:47,664.64
12:34:47,665.18
12:34:47,665.91
12:34:47,666.35
12:34:47,665.41
12:34:47,664.44
12:34:47,665.07
12:34:48,664.24
12:34:48,664.94
12:34:48,662.97
12:34:48,664.18
12:34:48,665.31
12:34:48,665.18
12:34:48,665.91
12:34:48,664.75
12:34:48,665.25
12:34:48,665.55
12:34:48,665.73
12:34:48,665.84
12:34:48,663.5
12:34:48,664.1
12:34:48,664.86
12:34:48,664.12
12:34:48,664.87
12:34:48,662.52
12:34:48,663.11
12:34:48,663.47
12:34:48,664.88
12:34:48,664.13
12:34:48,664.08
12:34:48,663.65
12:34:48,664.59
12:34:48,664.75
12:34:48,665.25
12:34:48,663.15
12:34:48,663.09
12:34:48,663.05
12:34:48,663.43
12:34:48,664.86
12:34:48,664.12
12:34:48,663.27
12:34:48,664.36
12:34:48,665.42
12:34:48,665.65
12:34:48,664.59
12:34:48,665.55
12:34:48,665.73
12:34:48,665.44
12:34:48,665.26
12:34:48,662.76
12:34:48,664.05
12:34:48,663.63
12:34:48,663.38
12:34:48,664.03
12:34:49,663.22
12:34:49,664.33
12:34:49,664.6
12:34:49,664.76
12:34:49,665.66
12:34:49,664.59
12:34:49,665.56
12:34:49,666.13
12:34:49,664.88
12:34:49,664.53
12:34:49,662.32
12:34:49,662.19
12:34:49,663.31
12:34:49,663.19
12:34:49,664.31
12:34:49,666.59
12:34:49,665.95
12:34:49,665.57
12:34:49,665.74
12:34:49,666.25
12:34:49,666.15
12:34:49,665.29
12:34:49,665.57
12:34:49,666.14
12:34:49,666.09
12:34:49,666.05
12:34:49,664.83
12:34:49,665.7
12:34:49,665.82
12:34:49,665.49
12:34:49,664.5
12:34:49,665.1
12:34:49,664.26
12:34:49,663.76
12:34:49,664.25
12:34:49,664.95
12:34:49,664.97
12:34:49,665.78
12:34:49,665.47
12:34:49,665.28
12:34:49,665.17
12:34:49,665.5
12:34:49,664.9
12:34:49,664.94
12:34:49,664.16
12:34:49,664.5
12:34:49,663.9
12:34:49,665.14
12:34:49,664.28
12:34:50,665.37
12:34:50,665.62
12:34:50,664.57
12:34:50,665.14
12:34:50,665.49
12:34:50,664.49
12:34:50,664.3
12:34:50,663.38
12:34:50,664.43
12:34:50,665.06
12:34:50,665.43
12:34:50,666.06
12:34:50,664.44
12:34:50,665.46
12:34:50,665.68
12:34:50,664.21
12:34:50,664.52
12:34:50,663.11
12:34:50,662.67
12:34:50,664.0
12:34:50,664.8
12:34:50,664.48
12:34:50,663.09
12:34:50,663.05
12:34:50,663.03
12:34:50,663.42
12:34:50,664.45
12:34:50,664.27
12:34:50,664.96
12:34:50,665.38
12:34:50,666.03
12:34:50,665.22
12:34:50,662.73
12:34:50,664.04
12:34:50,663.62
12:34:50,663.37
12:34:50,664.82
12:34:50,664.09
12:34:50,663.66
12:34:50,664.99
12:34:50,665.0
12:34:50,665.4
12:34:50,663.64
12:34:50,664.18
12:34:50,664.91
12:34:50,665.35
12:34:50,665.61
12:34:50,665.76
12:34:51,665.86
12:34:51,665.52
12:34:51,665.71
12:34:51,665.83
12:34:51,667.5
12:34:51,666.1
12:34:51,664.46
12:34:51,665.08
12:34:51,665.05
12:34:51,665.03
12:34:51,664.62
12:34:51,664.77
12:34:51,665.26
12:34:51,665.16
12:34:51,665.49
12:34:51,665.3
12:34:51,665.58
12:34:51,665.35
12:34:51,665.61
12:34:51,665.76
12:34:51,665.86
12:34:51,665.52
12:34:51,665.71
12:34:51,665.83
12:34:51,665.5
12:34:51,665.7
12:34:51,665.82
12:34:51,665.49
12:34:51,664.49
12:34:51,664.7
12:34:51,665.62
12:34:51,665.37
12:34:51,665.62
12:34:51,665.77
12:34:51,666.26
12:34:51,666.16
12:34:51,664.9
12:34:51,664.14
12:34:51,664.88
12:34:51,664.13
12:34:51,663.28
12:34:51,664.37
12:34:51,665.02
12:34:51,663.81
12:34:51,664.69
12:34:51,662.41
12:34:51,663.05
12:34:51,662.63
12:34:52,663.98
12:34:52,663.59
12:34:52,662.15
12:34:52,663.69
12:34:52,664.21
12:34:52,664.53
12:34:52,665.52
12:34:52,664.51
12:34:52,663.91
12:34:52,664.34
12:34:52,665.01
12:34:52,664.6
12:34:52,664.36
12:34:52,664.62
12:34:52,665.17
12:34:52,665.5
12:34:52,664.1
12:34:52,662.46
12:34:52,663.88
12:34:52,664.73
12:34:52,665.24
12:34:52,665.14
12:34:52,664.28
12:34:52,664.97
12:34:52,665.38
12:34:52,664.43
12:34:52,665.46
12:34:52,664.87
12:34:52,665.32
12:34:52,664.39
12:34:52,665.44
12:34:52,666.06
12:34:52,664.44
12:34:52,665.46
12:34:52,665.68
12:34:52,664.61
12:34:52,665.16
12:34:52,663.1
12:34:52,664.26
12:34:52,664.96
12:34:52,665.37
12:34:52,666.02
12:34:52,664.41
12:34:52,664.25
12:34:52,664.55
12:34:52,665.13
12:34:52,665.08
12:34:52,664.25
12:34:52,664.95
12:34:53,665.37
12:34:53,665.62
12:34:53,665.77
12:34:53,664.66
12:34:53,665.6
12:34:53,666.16
12:34:53,664.9
12:34:53,665.74
12:34:53,663.44
12:34:53,664.87
12:34:53,665.72
12:34:53,664.63
12:34:53,665.18
12:34:53,664.31
12:34:53,663.38
12:34:53,664.83
12:34:53,665.3
12:34:53,665.18
12:34:53,662.71
12:34:53,662.82
12:34:53,664.09
12:34:53,663.66
12:34:53,664.99
12:34:53,663.4
12:34:53,664.44
12:34:53,665.46
12:34:53,665.68
12:34:53,664.61
12:34:53,664.36
12:34:53,665.02
12:34:53,664.61
12:34:53,663.97
12:34:53,663.58
12:34:53,665.75
12:34:53,665.85
12:34:53,666.31
12:34:53,664.99
12:34:53,664.19
12:34:53,665.31
12:34:53,663.99
12:34:53,664.79
12:34:53,664.48
12:34:53,663.89
12:34:53,663.53
12:34:53,664.52
12:34:53,665.11
12:34:53,664.67
12:34:53,664.8
12:34:54,664.08
12:34:54,663.65
12:34:54,664.59
12:34:54,664.75
12:34:54,664.85
12:34:54,664.11
12:34:54,663.27
12:34:54,664.36
12:34:54,665.02
12:34:54,664.61
12:34:54,665.17
12:34:54,664.3
12:34:54,664.98
12:34:54,665.39
12:34:54,665.23
12:34:54,665.94
12:34:54,663.56
12:34:54,664.54
12:34:54,665.12
12:34:54,664.67
12:34:54,665.6
12:34:54,662.96
12:34:54,664.58
12:34:54,664.75
12:34:54,665.25
12:34:54,665.55
12:34:54,662.93
12:34:54,664.16
12:34:54,664.89
12:34:54,664.14
12:34:54,664.88
12:34:54,662.93
12:34:54,664.16
12:34:54,664.09
12:34:54,663.66
12:34:54,664.99
12:34:54,663.4
12:34:54,664.04
12:34:54,663.22
12:34:54,663.13
12:34:54,663.88
12:34:54,662.73
12:34:54,664.04
12:34:54,663.22
12:34:54,663.13
12:34:54,663.88
12:34:54,662.73
12:34:54,664.04
12:34:55,663.62
12:34:55,663.37
12:34:55,664.42
12:34:55,662.65
12:34:55,663.59
12:34:55,664.16
12:34:55,663.69
12:34:55,663.02
12:34:55,664.61
12:34:55,663.57
12:34:55,664.54
12:34:55,665.12
12:34:55,664.67
12:34:55,665.2
12:34:55,665.12
12:34:55,663.87
12:34:55,664.32
12:34:55,664.59
12:34:55,664.36
12:34:55,664.61
12:34:55,663.97
12:34:55,664.78
12:34:55,664.07
12:34:55,663.24
12:34:55,664.34
12:34:55,665.01
12:34:55,664.6
12:34:55,664.36
12:34:55,665.42
12:34:55,665.65
12:34:55,666.19
12:34:55,666.11
12:34:55,665.67
12:34:55,666.2
12:34:55,664.92
12:34:55,665.35
12:34:55,665.61
12:34:55,665.77
12:34:55,666.26
12:34:55,665.36
12:34:55,665.21
12:34:55,664.33
12:34:55,665.0
12:34:55,665.0
12:34:55,663.8
12:34:55,664.28
12:34:55,664.97
12:34:55,664.18
12:34:55,664.91
12:34:56,663.35
12:34:56,664.41
12:34:56,663.84
12:34:56,663.51
12:34:56,664.5
12:34:56,662.3
12:34:56,664.18
12:34:56,664.91
12:34:56,665.35
12:34:56,665.61
12:34:56,663.76
12:34:56,665.06
12:34:56,664.24
12:34:56,664.94
12:34:56,664.16
12:34:56,664.1
12:34:56,664.86
12:34:56,664.92
12:34:56,664.55
12:34:56,665.53
12:34:56,663.32
12:34:56,664.39
12:34:56,665.43
12:34:56,665.66
12:34:56,666.2
12:34:56,664.92
12:34:56,665.35
12:34:56,665.61
12:34:56,665.77
12:34:56,665.46
12:34:56,664.88
12:34:56,664.93
12:34:56,665.36
12:34:56,665.61
12:34:56,665.77
12:34:56,663.06
12:34:56,663.44
12:34:56,664.46
12:34:56,665.48
12:34:56,664.49
12:34:56,662.69
12:34:56,663.62
12:34:56,664.17
12:34:56,663.7
12:34:56,664.22
12:34:56,662.13
12:34:56,662.08
12:34:56,662.45
12:34:57,663.87
12:34:57,663.52
12:34:57,661.71
12:34:57,662.23
12:34:57,662.54
12:34:57,663.92
12:34:57,664.35
12:34:57,662.61
12:34:57,663.97
12:34:57,664.38
12:34:57,665.43
12:34:57,665.66
12:34:57,663.39
12:34:57,664.44
12:34:57,665.06
12:34:57,663.84
12:34:57,663.5
12:34:57,663.3
12:34:57,664.78
12:34:57,665.67
12:34:57,666.2
12:34:57,665.72
12:34:57,665.83
12:34:57,665.9
12:34:57,665.94
12:34:57,665.96
12:34:57,665.58
12:34:57,664.55
12:34:57,665.53
12:34:57,665.72
12:34:57,665.83
12:34:57,666.3
12:34:57,666.18
12:34:57,666.11
12:34:57,664.46
12:34:57,665.08
12:34:57,665.45
12:34:57,665.67
12:34:57,666.2
12:34:57,666.52
12:34:57,665.91
12:34:57,665.95
12:34:57,664.37
12:34:57,663.82
12:34:57,664.69
12:34:57,664.82
12:34:57,665.29
12:34:57,665.17
12:34:57,663.1
12:34:58,664.26
12:34:58,664.96
12:34:58,664.17
12:34:58,664.5
12:34:58,662.7
12:34:58,664.42
12:34:58,665.05
12:34:58,665.03
12:34:58,664.22
12:34:58,662.93
12:34:58,664.16
12:34:58,663.3
12:34:58,663.98
12:34:58,663.59
12:34:58,661.75
12:34:58,663.45
12:34:58,664.87
12:34:58,664.12
12:34:58,664.47
12:34:58,663.88
12:34:58,664.33
12:34:58,665.0
12:34:58,664.2
12:34:58,665.32
12:34:58,664.39
12:34:58,665.44
12:34:58,665.66
12:34:58,666.2
12:34:58,666.52
12:34:58,663.51
12:34:58,663.31
12:34:58,662.78
12:34:58,663.67
12:34:58,664.2
12:34:58,663.72
12:34:58,663.83
12:34:58,664.7
12:34:58,664.82
12:34:58,664.89
12:34:58,663.74
12:34:58,664.64
12:34:58,665.58
12:34:58,666.15
12:34:58,666.09
12:34:58,665.25
12:34:58,665.55
12:34:58,665.73
12:34:58,665.84
12:34:59,664.3
12:34:59,662.58
12:34:59,663.55
12:34:59,664.53
12:34:59,665.12
12:34:59,665.07
12:34:59,664.24
12:34:59,664.95
12:34:59,664.97
12:34:59,665.78
12:34:59,664.67
12:34:59,662.8
12:34:59,663.68
12:34:59,665.01
12:34:59,664.61
12:34:59,665.16
12:34:59,665.9
12:34:59,665.54
12:34:59,666.12
12:34:59,664.47
12:34:59,664.68
12:34:59,664.01
12:34:59,664.81
12:34:59,665.28
12:34:59,665.17
12:34:59,665.9
12:34:59,664.74
12:34:59,665.24
12:34:59,665.55
12:34:59,665.73
12:34:59,665.84
12:34:59,664.7
12:34:59,665.62
12:34:59,665.77
12:34:59,666.26
12:34:59,666.16
12:34:59,666.09
12:34:59,665.26
12:34:59,665.55
12:34:59,665.73
12:34:59,665.84
12:34:59,664.7
12:34:59,662.42
12:34:59,663.05
12:34:59,663.43
12:34:59,664.46
12:34:59,665.48
12:34:59,663.29
12:35:00,664.37
12:35:00,665.02
12:35:00,664.21
12:35:00,664.53
12:35:00,663.92
12:35:00,664.35
12:35:00,665.01
12:35:00,664.61
12:35:00,664.76
12:35:00,662.46
12:35:00,663.88
12:35:00,664.33
12:35:00,665.0
12:35:00,665.4
12:35:00,663.24
12:35:00,664.34
12:35:00,665.01
12:35:00,664.6
12:35:00,663.56
12:35:00,662.14
12:35:00,662.48
12:35:00,663.49
12:35:00,664.09
12:35:00,664.46
12:35:00,663.87
12:35:00,664.72
12:35:00,665.23
12:35:00,664.74
12:35:00,665.64
12:35:00,664.59
12:35:00,664.75
12:35:00,665.65
12:35:00,665.79
12:35:00,664.67
12:35:00,662.8
12:35:00,663.68
12:35:00,664.21
12:35:00,663.73
12:35:00,664.64
12:35:00,666.78
12:35:00,666.07
12:35:00,665.24
12:35:00,665.54
12:35:00,665.33
12:35:00,665.6
12:35:00,665.36
12:35:00,666.01
12:35:00,666.01
12:35:00,664.81
12:35:01,665.68
12:35:01,665.41
12:35:01,664.45
12:35:01,665.07
12:35:01,665.04
12:35:01,665.02
12:35:01,664.61
12:35:01,663.97
12:35:01,664.78
12:35:01,664.07
12:35:01,664.44
12:35:01,662.26
12:35:01,663.76
12:35:01,664.66
12:35:01,664.79
12:35:01,663.68
12:35:01,661.81
12:35:01,663.08
12:35:01,663.05
12:35:01,663.83
12:35:01,665.1
12:35:01,664.26
12:35:01,664.16
12:35:01,663.29
12:35:01,663.98
12:35:01,663.59
12:35:01,663.35
12:35:01,664.01
12:35:01,664.01
12:35:01,664.0
12:35:01,664.4
12:35:01,663.04
12:35:01,663.02
12:35:01,663.02
12:35:01,663.41
12:35:01,664.05
12:35:01,663.63
12:35:01,663.38
12:35:01,664.43
12:35:01,665.06
12:35:01,665.43
12:35:01,663.26
12:35:01,664.36
12:35:01,665.01
12:35:01,664.21
12:35:01,664.92
12:35:01,665.76
12:35:01,665.85
12:35:02,666.31
12:35:02,665.39
12:35:02,665.23
12:35:02,665.94
12:35:02,665.96
12:35:02,665.58
12:35:02,665.35
12:35:02,665.21
12:35:02,665.52
12:35:02,665.71
12:35:02,664.63
12:35:02,663.58
12:35:02,664.15
12:35:02,664.89
12:35:02,664.93
12:35:02,665.36
12:35:02,665.62
12:35:02,664.97
12:35:02,664.18
12:35:02,664.91
12:35:02,665.35
12:35:02,666.01
12:35:02,665.2
12:35:02,665.12
12:35:02,664.27
12:35:02,663.76
12:35:02,664.66
12:35:02,664.8
12:35:02,665.68
12:35:02,664.61
12:35:02,663.96
12:35:02,664.78
12:35:02,664.07
12:35:02,664.44
12:35:02,662.26
12:35:02,663.76
12:35:02,665.06
12:35:02,665.03
12:35:02,663.82
12:35:02,663.89
12:35:02,664.34
12:35:02,665.0
12:35:02,665.4
12:35:02,664.44
12:35:02,663.86
12:35:02,664.72
12:35:02,665.23
12:35:02,665.54
12:35:03,665.32
12:35:03,664.79
12:35:03,664.88
12:35:03,665.33
12:35:03,665.6
12:35:03,665.76
12:35:03,664.65
12:35:03,665.59
12:35:03,665.76
12:35:03,665.45
12:35:03,666.07
12:35:03,664.44
12:35:03,665.07
12:35:03,664.24
12:35:03,664.54
12:35:03,664.73
12:35:03,662.84
12:35:03,663.7
12:35:03,665.02
12:35:03,664.61
12:35:03,664.77
12:35:03,664.06
12:35:03,664.04
12:35:03,663.22
12:35:03,663.13
12:35:03,663.88
12:35:03,662.73
12:35:03,663.64
12:35:03,664.58
12:35:03,665.15
12:35:03,665.49
12:35:03,663.69
12:35:03,665.02
12:35:03,664.61
12:35:03,663.97
12:35:03,664.38
12:35:03,663.83
12:35:03,664.7
12:35:03,665.22
12:35:03,665.13
12:35:03,665.08
12:35:03,665.45
12:35:03,666.07
12:35:03,665.24
12:35:03,665.54
12:35:03,664.13
12:35:03,664.88
12:35:03,664.93
12:35:03,665.36
12:35:04,665.61
12:35:04,665.77
12:35:04,665.46
12:35:04,665.68
12:35:04,665.41
12:35:04,665.64
12:35:04,666.19
12:35:04,666.51
12:35:04,665.11
12:35:04,663.86
12:35:04,664.32
12:35:04,664.59
12:35:04,663.95
12:35:04,664.77
12:35:04,665.26
12:35:04,665.56
12:35:04,665.33
12:35:04,665.6
12:35:04,664.16
12:35:04,663.7
12:35:04,665.02
12:35:04,663.81
12:35:04,664.69
12:35:04,662.81
12:35:04,664.09
12:35:04,663.65
12:35:04,664.99
12:35:04,664.19
12:35:04,663.72
12:35:04,663.43
12:35:04,663.26
12:35:04,664.35
12:35:04,665.01
12:35:04,663.41
12:35:04,663.24
12:35:04,664.35
12:35:04,665.01
12:35:04,664.6
12:35:04,662.76
12:35:04,664.06
12:35:04,663.63
12:35:04,663.38
12:35:04,664.83
12:35:04,662.5
12:35:04,663.9
12:35:04,664.34
12:35:04,665.0
12:35:04,665.0
12:35:05,662.6
12:35:05,663.56
12:35:05,664.94
12:35:05,664.96
12:35:05,664.18
12:35:05,662.51
12:35:05,662.7
12:35:05,664.42
12:35:05,665.05
12:35:05,665.03
12:35:05,663.42
12:35:05,664.45
12:35:05,665.07
12:35:05,664.24
12:35:05,665.35
12:35:05,665.61
12:35:05,664.56
12:35:05,665.54
12:35:05,665.72
12:35:05,665.83
12:35:05,667.5
12:35:05,666.5
12:35:05,666.7
12:35:05,665.62
12:35:05,665.77
12:35:05,667.46
12:35:05,666.88
12:35:05,666.53
12:35:05,666.32
12:35:05,666.19
12:35:05,666.51
12:35:05,665.11
12:35:05,664.66
12:35:05,665.2
12:35:05,665.92
12:35:05,666.35
12:35:05,666.21
12:35:05,664.93
12:35:05,665.36
12:35:05,665.61
12:35:05,665.77
12:35:05,665.86
12:35:05,665.12
12:35:05,663.87
12:35:05,663.52
12:35:05,664.51
12:35:05,663.91
12:35:05,663.54
12:35:06,664.53
12:35:06,665.12
12:35:06,665.07
12:35:06,663.84
12:35:06,664.31
12:35:06,663.38
12:35:06,664.43
12:35:06,665.46
12:35:06,665.67
12:35:06,665.8
12:35:06,665.48
12:35:06,664.49
12:35:06,663.89
12:35:06,662.34
12:35:06,663.8
12:35:06,664.68
12:35:06,664.01
12:35:06,664.01
12:35:06,662.8
12:35:06,663.68
12:35:06,664.21
12:35:06,664.53
12:35:06,665.12
12:35:06,663.87
12:35:06,664.32
12:35:06,664.19
12:35:06,664.92
12:35:06,664.95
12:35:06,662.57
12:35:06,663.94
12:35:06,664.37
12:35:06,664.62
12:35:06,665.57
12:35:06,664.54
12:35:06,665.53
12:35:06,664.52
12:35:06,665.11
12:35:06,665.07
12:35:06,663.84
12:35:06,664.3
12:35:06,664.98
12:35:06,665.39
12:35:06,664.83
12:35:06,664.1
12:35:06,664.86
12:35:06,664.92
12:35:06,665.75
12:35:06,666.25
12:35:06,663.35
12:35:07,664.41
12:35:07,663.85
12:35:07,665.11
12:35:07,665.06
12:35:07,664.64
12:35:07,665.58
12:35:07,665.75
12:35:07,665.85
12:35:07,664.71
12:35:07,664.43
12:35:07,665.06
12:35:07,664.23
12:35:07,663.74
12:35:07,664.64
12:35:07,662.79
12:35:07,663.67
12:35:07,665.0
12:35:07,664.2
12:35:07,665.32
12:35:07,662.79
12:35:07,664.08
12:35:07,663.65
12:35:07,664.59
12:35:07,663.95
12:35:07,665.57
12:35:07,665.74
12:35:07,665.85
12:35:07,665.51
12:35:07,665.3
12:35:07,667.18
12:35:07,666.31
12:35:07,664.99
12:35:07,664.99
12:35:07,664.59
12:35:07,664.76
12:35:07,665.65
12:35:07,665.79
12:35:07,665.48
12:35:07,664.49
12:35:07,664.69
12:35:07,664.81
12:35:07,664.89
12:35:07,664.93
12:35:07,665.76
12:35:07,665.46
12:35:07,665.67
12:35:07,665.8
12:35:07,665.08
12:35:08,665.05
12:35:08,665.03
12:35:08,663.42
12:35:08,664.45
12:35:08,665.47
12:35:08,666.08
12:35:08,666.05
12:35:08,664.43
12:35:08,665.06
12:35:08,664.63
12:35:08,665.18
12:35:08,665.51
12:35:08,663.71
12:35:08,663.42
12:35:08,664.05
12:35:08,664.43
12:35:08,665.46
12:35:08,662.88
12:35:08,663.73
12:35:08,664.24
12:35:08,664.54
12:35:08,664.72
12:35:08,664.43
12:35:08,665.06
12:35:08,664.24
12:35:08,665.34
12:35:08,666.01
12:35:08,664.4
12:35:08,665.44
12:35:08,665.67
12:35:08,666.2
12:35:08,665.72
12:35:08,663.43
12:35:08,664.46
12:35:08,665.08
12:35:08,664.25
12:35:08,664.95
12:35:08,663.37
12:35:08,664.42
12:35:08,665.05
12:35:08,664.23
12:35:08,664.54
12:35:08,663.92
12:35:08,665.15
12:35:08,664.29
12:35:08,664.98
12:35:08,664.59
12:35:08,663.15
12:35:08,663.09
12:35:09,663.05
12:35:09,663.43
12:35:09,664.86
12:35:09,664.12
12:35:09,663.67
12:35:09,664.6
12:35:09,664.76
12:35:09,665.26
12:35:09,663.15
12:35:09,663.89
12:35:09,664.74
12:35:09,664.84
12:35:09,664.1
12:35:09,664.86
12:35:09,664.92
12:35:09,665.75
12:35:09,666.25
12:35:09,666.55
12:35:09,666.73
12:35:09,666.04
12:35:09,664.42
12:35:09,665.05
12:35:09,665.03
12:35:09,663.82
12:35:09,665.09
12:35:09,664.26
12:35:09,663.75
12:35:09,665.05
12:35:09,665.03
12:35:09,665.02
12:35:09,664.61
12:35:09,663.57
12:35:09,664.94
12:35:09,664.16
12:35:09,662.5
12:35:09,664.3
12:35:09,664.98
12:35:09,664.19
12:35:09,664.91
12:35:09,664.55
12:35:09,665.13
12:35:09,664.28
12:35:09,664.57
12:35:09,665.14
12:35:09,664.28
12:35:09,664.97
12:35:09,664.98
12:35:09,664.19
12:35:10,665.31
12:35:10,663.99
12:35:10,664.79
12:35:10,664.88
12:35:10,664.13
12:35:10,664.48
12:35:10,662.69
12:35:10,663.61
12:35:10,663.37
12:35:10,664.42
12:35:10,665.05
12:35:10,664.23
12:35:10,663.74
12:35:10,664.64
12:35:10,664.79
12:35:10,664.07
12:35:10,663.64
12:35:10,664.59
12:35:10,664.75
12:35:10,665.25
12:35:10,665.95
12:35:10,664.77
12:35:10,665.26
12:35:10,665.56
12:35:10,665.73
12:35:10,666.24
12:35:10,663.74
12:35:10,665.05
12:35:10,664.23
12:35:10,663.74
12:35:10,664.64
12:35:10,663.19
12:35:10,664.31
12:35:10,663.79
12:35:10,665.07
12:35:10,665.04
12:35:10,664.23
12:35:10,664.14
12:35:10,663.68
12:35:10,663.81
12:35:10,664.69
12:35:10,663.21
12:35:10,663.13
12:35:10,663.08
12:35:10,663.05
12:35:10,663.83
12:35:10,664.7
12:35:10,665.62
12:35:11,664.57
12:35:11,665.14
12:35:11,665.49
12:35:11,666.49
12:35:11,666.29
12:35:11,666.58
12:35:11,665.95
12:35:11,664.77
12:35:11,665.66
12:35:11,665.8
12:35:11,665.48
12:35:11,665.29
12:35:11,665.57
12:35:11,665.34
12:35:11,665.21
12:35:11,664.32
12:35:11,663.79
12:35:11,663.48
12:35:11,663.29
12:35:11,664.37
12:35:11,665.02
12:35:11,664.61
12:35:11,665.17
12:35:11,665.5
12:35:11,664.5
12:35:11,665.5
12:35:11,665.3
12:35:11,664.78
12:35:11,664.07
12:35:11,663.24
12:35:11,664.34
12:35:11,665.01
12:35:11,664.6
12:35:11,664.76
12:35:11,662.46
12:35:11,663.87
12:35:11,664.72
12:35:11,665.23
12:35:11,665.54
12:35:11,662.92
12:35:11,664.15
12:35:11,663.69
12:35:11,664.22
12:35:11,664.93
12:35:11,664.16
12:35:11,663.69
12:35:11,665.02
12:35:11,664.21
12:35:11,664.53
12:35:12,662.72
12:35:12,664.03
12:35:12,663.22
12:35:12,663.13
12:35:12,663.88
12:35:12,662.33
12:35:12,662.6
12:35:12,663.96
12:35:12,664.37
12:35:12,665.02
12:35:12,663.01
12:35:12,663.01
12:35:12,663.01
12:35:12,663.0
12:35:12,663.8
12:35:12,662.68
12:35:12,663.61
12:35:12,663.37
12:35:12,664.42
12:35:12,665.05
12:35:12,667.03
12:35:12,665.82
12:35:12,666.29
12:35:12,666.17
12:35:12,666.1
12:35:12,666.06
12:35:12,664.84
12:35:12,665.3
12:35:12,665.98
12:35:12,664.79
12:35:12,663.67
12:35:12,664.6
12:35:12,665.56
12:35:12,666.14
12:35:12,666.08
12:35:12,666.05
12:35:12,664.43
12:35:12,663.86
12:35:12,664.31
12:35:12,664.99
12:35:12,664.19
12:35:12,662.12
12:35:12,662.47
12:35:12,664.28
12:35:12,665.37
12:35:12,665.62
12:35:12,664.97
12:35:12,664.98
12:35:13,664.99
12:35:13,664.59
12:35:13,663.56
12:35:13,663.73
12:35:13,664.24
12:35:13,664.94
12:35:13,664.17
12:35:13,664.9
12:35:13,662.94
12:35:13,663.76
12:35:13,664.66
12:35:13,664.8
12:35:13,665.28
12:35:13,663.17
12:35:13,663.1
12:35:13,664.26
12:35:13,665.36
12:35:13,665.61
12:35:13,662.97
12:35:13,664.18
12:35:13,664.91
12:35:13,665.35
12:35:13,666.01
12:35:13,664.4
12:35:13,665.44
12:35:13,665.67
12:35:13,665.4
12:35:13,666.04
12:35:13,665.22
12:35:13,664.33
12:35:13,663.8
12:35:13,663.48
12:35:13,664.09
12:35:13,664.05
12:35:13,663.63
12:35:13,664.58
12:35:13,664.75
12:35:13,664.85
12:35:13,664.51
12:35:13,663.91
12:35:13,664.74
12:35:13,665.25
12:35:13,665.15
12:35:13,664.69
12:35:13,664.81
12:35:13,665.29
12:35:13,665.17
12:35:13,665.5
12:35:14,663.7
12:35:14,664.62
12:35:14,665.17
12:35:14,664.3
12:35:14,664.98
12:35:14,663.79
12:35:14,664.27
12:35:14,664.96
12:35:14,665.78
12:35:14,664.27
12:35:14,662.16
12:35:14,662.9
12:35:14,664.14
12:35:14,664.88
12:35:14,663.73
12:35:14,662.24
12:35:14,663.74
12:35:14,664.25
12:35:14,664.95
12:35:14,664.17
12:35:14,664.9
12:35:14,664.94
12:35:14,664.96
12:35:14,664.58
12:35:14,663.55
12:35:14,666.13
12:35:14,664.88
12:35:14,664.93
12:35:14,665.36
12:35:14,665.61
12:35:14,665.77
12:35:14,665.86
12:35:14,665.52
12:35:14,665.71
12:35:14,665.83
12:35:14,665.9
12:35:14,666.34
12:35:14,665.8
12:35:14,665.48
12:35:14,664.49
12:35:14,663.89
12:35:14,663.94
12:35:14,664.36
12:35:14,665.42
12:35:14,666.05
12:35:14,665.63
12:35:14,665.78
12:35:14,665.47
12:35:15,665.28
12:35:15,665.17
12:35:15,665.5
12:35:15,664.5
12:35:15,664.7
12:35:15,665.22
12:35:15,665.53
12:35:15,665.72
12:35:15,666.23
12:35:15,664.94
12:35:15,664.96
12:35:15,664.18
12:35:15,664.91
12:35:15,664.54
12:35:15,665.53
12:35:15,664.52
12:35:15,665.51
12:35:15,665.71
12:35:15,664.62
12:35:15,665.17
12:35:15,664.3
12:35:15,664.58
12:35:15,663.95
12:35:15,661.97
12:35:15,663.98
12:35:15,663.99
12:35:15,663.59
12:35:15,663.36
12:35:15,663.21
12:35:15,662.73
12:35:15,664.04
12:35:15,664.42
12:35:15,665.05
12:35:15,663.03
12:35:15,663.42
12:35:15,664.05
12:35:15,664.03
12:35:15,663.22
12:35:15,663.13
12:35:15,663.08
12:35:15,662.65
12:35:15,663.99
12:35:15,663.59
12:35:15,662.56
12:35:15,663.93
12:35:15,664.76
12:35:15,665.26
12:35:15,665.15
12:35:15,662.29
12:35:16,664.18
12:35:16,664.91
12:35:16,665.34
12:35:16,666.01
12:35:16,664.4
12:35:16,664.64
12:35:16,665.19
12:35:16,665.51
12:35:16,665.71
12:35:16,665.02
12:35:16,664.61
12:35:16,663.97
12:35:16,665.18
12:35:16,665.91
12:35:16,665.95
12:35:16,665.57
12:35:16,665.74
12:35:16,666.24
12:35:16,666.55
12:35:16,666.73
12:35:16,666.44
12:35:16,666.26
12:35:16,665.76
12:35:16,665.85
12:35:16,664.31
12:35:16,663.79
12:35:16,664.27
12:35:16,664.96
12:35:16,664.58
12:35:16,663.95
12:35:16,665.17
12:35:16,664.3
12:35:16,665.38
12:35:16,666.03
12:35:16,665.22
12:35:16,665.53
12:35:16,665.72
12:35:16,665.43
12:35:16,665.66
12:35:16,665.4
12:35:16,664.44
12:35:16,665.06
12:35:16,663.84
12:35:16,663.9
12:35:16,663.54
12:35:16,661.72
12:35:16,663.43
12:35:16,664.06
12:35:17,664.84
12:35:17,664.1
12:35:17,662.06
12:35:17,662.84
12:35:17,664.5
12:35:17,664.7
12:35:17,664.02
12:35:17,663.21
12:35:17,663.13
12:35:17,663.48
12:35:17,664.09
12:35:17,664.85
12:35:17,663.31
12:35:17,663.19
12:35:17,664.31
12:35:17,663.79
12:35:17,664.27
12:35:17,662.16
12:35:17,662.5
12:35:17,664.3
12:35:17,665.38
12:35:17,665.23
12:35:17,662.74
12:35:17,664.04
12:35:17,663.23
12:35:17,663.14
12:35:17,664.28
12:35:17,662.57
12:35:17,663.94
12:35:17,664.36
12:35:17,665.02
12:35:17,664.21
12:35:17,666.53
12:35:17,666.32
12:35:17,664.99
12:35:17,665.39
12:35:17,666.04
12:35:17,667.62
12:35:17,666.97
12:35:17,666.98
12:35:17,666.59
12:35:17,665.15
12:35:17,665.49
12:35:17,665.7
12:35:17,665.42
12:35:17,665.65
12:35:17,665.39
12:35:17,665.23
12:35:17,664.34
12:35:18,665.0
12:35:18,664.2
12:35:18,664.52
12:35:18,665.11
12:35:18,663.87
12:35:18,665.12
12:35:18,664.27
12:35:18,664.56
12:35:18,665.14
12:35:18,665.48
12:35:18,665.29
12:35:18,665.17
12:35:18,665.5
12:35:18,664.5
12:35:18,663.1
12:35:18,664.26
12:35:18,664.96
12:35:18,663.77
12:35:18,664.26
12:35:18,664.16
12:35:18,663.7
12:35:18,663.42
12:35:18,664.45
12:35:18,664.67
12:35:18,664.4
12:35:18,664.64
12:35:18,665.18
12:35:18,665.91
12:35:18,665.95
12:35:18,663.57
12:35:18,664.94
12:35:18,664.96
12:35:18,664.98
12:35:18,664.59
12:35:18,662.35
12:35:18,663.41
12:35:18,663.25
12:35:18,664.35
12:35:18,665.41
12:35:18,664.05
12:35:18,664.03
12:35:18,664.02
12:35:18,664.01
12:35:18,664.01
12:35:18,663.2
12:35:18,664.32
12:35:18,663.79
12:35:18,665.08
12:35:18,665.45
12:35:19,663.27
12:35:19,664.36
12:35:19,665.02
12:35:19,664.61
12:35:19,664.77
12:35:19,664.06
12:35:19,664.04
12:35:19,664.02
12:35:19,664.01
12:35:19,664.01
12:35:19,666.0
12:35:19,664.8
12:35:19,664.88
12:35:19,664.93
12:35:19,665.76
12:35:19,666.25
12:35:19,665.75
12:35:19,666.25
12:35:19,666.15
12:35:19,666.49
12:35:19,665.09
12:35:19,663.86
12:35:19,664.71
12:35:19,664.03
12:35:19,664.02
12:35:19,663.21
12:35:19,664.33
12:35:19,663.4
12:35:19,664.44
12:35:19,665.46
12:35:19,665.28
12:35:19,664.37
12:35:19,664.22
12:35:19,663.73
12:35:19,664.64
12:35:19,665.58
12:35:19,663.35
12:35:19,664.41
12:35:19,664.25
12:35:19,664.55
12:35:19,664.73
12:35:19,664.04
12:35:19,663.62
12:35:19,664.57
12:35:19,664.74
12:35:19,665.65
12:35:19,664.99
12:35:19,664.99
12:35:20,665.4
12:35:20,666.04
12:35:20,665.62
12:35:20,664.57
12:35:20,665.14
12:35:20,665.49
12:35:20,664.49
12:35:20,664.7
12:35:20,663.22
12:35:20,663.53
12:35:20,663.32
12:35:20,664.39
12:35:20,665.43
12:35:20,664.46
12:35:20,665.08
12:35:20,664.25
12:35:20,664.95
12:35:20,665.37
12:35:20,664.82
12:35:20,665.29
12:35:20,665.98
12:35:20,664.79
12:35:20,664.07
12:35:20,662.84
12:35:20,663.71
12:35:20,663.42
12:35:20,664.45
12:35:20,664.67
12:35:20,662.8
12:35:20,663.68
12:35:20,665.01
12:35:20,664.61
12:35:20,664.76
12:35:20,664.46
12:35:20,665.07
12:35:20,664.24
12:35:20,664.95
12:35:20,664.17
12:35:20,662.1
12:35:20,663.66
12:35:20,664.6
12:35:20,665.16
12:35:20,665.49
12:35:20,663.7
12:35:20,664.62
12:35:20,665.17
12:35:20,665.5
12:35:20,664.5
12:35:21,663.1
12:35:21,664.26
12:35:21,664.96
12:35:21,665.77
12:35:21,665.86
12:35:21,666.32
12:35:21,664.99
12:35:21,664.99
12:35:21,665.0
12:35:21,665.0
12:35:21,665.4
12:35:21,665.24
12:35:21,665.54
12:35:21,665.73
12:35:21,665.84
12:35:21,664.7
12:35:21,665.62
12:35:21,665.77
12:35:21,665.86
12:35:21,664.32
12:35:21,664.99
12:35:21,665.39
12:35:21,665.64
12:35:21,666.18
12:35:21,666.51
12:35:21,666.31
12:35:21,664.98
12:35:21,664.99
12:35:21,664.99
12:35:21,664.2
12:35:21,664.92
12:35:21,662.55
12:35:21,664.33
12:35:21,663.8
12:35:21,664.28
12:35:21,664.57
12:35:21,663.94
12:35:21,664.36
12:35:21,665.02
12:35:21,664.21
12:35:21,664.53
12:35:21,663.92
12:35:21,664.75
12:35:21,665.25
12:35:21,665.55
12:35:21,666.13
12:35:21,664.48
12:35:21,664.69
12:35:22,664.81
12:35:22,665.29
12:35:22,664.77
12:35:22,664.46
12:35:22,665.08
12:35:22,664.25
12:35:22,664.95
12:35:22,664.17
12:35:22,662.9
12:35:22,663.74
12:35:22,665.04
12:35:22,665.03
12:35:22,664.22
12:35:22,662.13
12:35:22,662.48
12:35:22,663.49
12:35:22,663.29
12:35:22,664.78
12:35:22,663.27
12:35:22,664.36
12:35:22,664.62
12:35:22,665.17
12:35:22,665.5
12:35:22,663.7
12:35:22,664.22
12:35:22,664.53
12:35:22,665.12
12:35:22,665.47
12:35:22,664.48
12:35:22,664.69
12:35:22,664.81
12:35:22,665.29
12:35:22,665.17
12:35:22,662.7
12:35:22,663.62
12:35:22,664.17
12:35:22,664.9
12:35:22,664.14
12:35:22,662.09
12:35:22,662.45
12:35:22,664.27
12:35:22,664.96
12:35:22,663.78
12:35:22,663.47
12:35:22,664.88
12:35:22,664.93
12:35:22,665.36
12:35:22,665.61
12:35:23,664.97
12:35:23,665.78
12:35:23,666.27
12:35:23,666.16
12:35:23,665.7
12:35:23,665.02
12:35:23,664.61
12:35:23,663.97
12:35:23,664.78
12:35:23,664.07
12:35:23,665.24
12:35:23,665.54
12:35:23,665.73
12:35:23,665.84
12:35:23,664.7
12:35:23,663.62
12:35:23,664.17
12:35:23,663.7
12:35:23,664.62
12:35:23,665.17
12:35:23,665.5
12:35:23,665.3
12:35:23,665.18
12:35:23,665.51
12:35:23,665.71
12:35:23,665.42
12:35:23,665.65
12:35:23,665.79
12:35:23,665.48
12:35:23,664.09
12:35:23,664.85
12:35:23,664.11
12:35:23,664.07
12:35:23,664.04
12:35:23,664.82
12:35:23,665.69
12:35:23,663.02
12:35:23,663.41
12:35:23,663.25
12:35:23,664.35
12:35:23,665.01
12:35:23,663.41
12:35:23,662.84
12:35:23,664.11
12:35:23,664.46
12:35:23,664.68
12:35:23,662.81
12:35:23,664.08
12:35:23,663.65
12:35:24,664.59
12:35:24,663.95
12:35:24,662.77
12:35:24,664.46
12:35:24,665.08
12:35:24,664.25
12:35:24,664.95
12:35:24,664.17
12:35:24,663.7
12:35:24,664.62
12:35:24,665.17
12:35:24,665.5
12:35:24,664.5
12:35:24,665.1
12:35:24,665.46
12:35:24,665.68
12:35:24,664.61
12:35:24,664.36
12:35:24,665.02
12:35:24,664.61
12:35:24,663.97
12:35:24,663.98
12:35:24,662.79
12:35:24,663.67
12:35:24,664.6
12:35:24,664.76
12:35:24,664.86
12:35:24,663.31
12:35:24,663.19
12:35:24,664.31
12:35:24,663.79
12:35:24,663.47
12:35:24,662.08
12:35:24,662.45
12:35:24,663.87
12:35:24,664.32
12:35:24,664.99
12:35:24,666.2
12:35:24,664.92
12:35:24,665.35
12:35:24,665.61
12:35:24,665.77
12:35:24,667.46
12:35:24,666.88
12:35:24,666.13
12:35:24,664.88
12:35:24,664.13
12:35:24,664.88
12:35:25,665.33
12:35:25,665.6
12:35:25,664.56
12:35:25,665.13
12:35:25,665.48
12:35:25,665.29
12:35:25,665.97
12:35:25,665.58
12:35:25,664.55
12:35:25,664.73
12:35:25,665.24
12:35:25,665.54
12:35:25,665.73
12:35:25,665.84
12:35:25,664.3
12:35:25,663.38
12:35:25,664.43
12:35:25,665.06
12:35:25,665.03
12:35:25,663.82
12:35:25,663.49
12:35:25,664.1
12:35:25,663.66
12:35:25,664.19
12:35:25,664.92
12:35:25,664.55
12:35:25,665.13
12:35:25,663.88
12:35:25,663.53
12:35:25,664.52
12:35:25,663.91
12:35:25,663.55
12:35:25,664.53
12:35:25,665.12
12:35:25,665.47
12:35:25,662.88
12:35:25,663.73
12:35:25,664.64
12:35:25,663.98
12:35:25,663.59
12:35:25,661.75
12:35:25,663.45
12:35:25,664.07
12:35:25,664.04
12:35:25,663.63
12:35:25,661.78
12:35:25,663.07
12:35:25,663.44
12:35:25,664.46
12:35:26,664.68
12:35:26,663.21
12:35:26,663.12
12:35:26,663.07
12:35:26,663.44
12:35:26,664.07
12:35:26,663.64
12:35:26,664.58
12:35:26,664.75
12:35:26,665.25
12:35:26,665.55
12:35:26,663.33
12:35:26,663.6
12:35:26,664.56
12:35:26,665.14
12:35:26,665.48
12:35:26,663.29
12:35:26,664.77
12:35:26,665.26
12:35:26,665.56
12:35:26,666.14
12:35:26,666.08
12:35:26,664.85
12:35:26,665.31
12:35:26,664.39
12:35:26,664.63
12:35:26,665.58
12:35:26,665.75
12:35:26,665.85
12:35:26,665.51
12:35:26,665.71
12:35:26,665.42
12:35:26,665.65
12:35:26,665.79
12:35:26,665.48
12:35:26,664.49
12:35:26,664.69
12:35:26,664.81
12:35:26,665.29
12:35:26,665.57
12:35:26,665.34
12:35:26,665.21
12:35:26,664.32
12:35:26,663.79
12:35:26,665.08
12:35:26,665.05
12:35:26,665.03
12:35:26,663.82
12:35:27,664.69
12:35:27,664.81
12:35:27,665.29
12:35:27,665.17
12:35:27,663.1
12:35:27,664.26
12:35:27,664.96
12:35:27,664.17
12:35:27,664.5
12:35:27,662.7
12:35:27,664.42
12:35:27,665.05
12:35:27,665.43
12:35:27,666.06
12:35:27,664.44
12:35:27,665.06
12:35:27,664.64
12:35:27,664.78
12:35:27,663.67
12:35:27,663.4
12:35:27,664.04
12:35:27,663.62
12:35:27,664.57
12:35:27,664.74
12:35:27,664.05
12:35:27,663.23
12:35:27,663.14
12:35:27,664.28
12:35:27,665.37
12:35:27,662.82
12:35:27,664.09
12:35:27,663.66
12:35:27,664.59
12:35:27,663.96
12:35:27,663.57
12:35:27,664.54
12:35:27,665.53
12:35:27,665.32
12:35:27,665.59
12:35:27,663.35
12:35:27,664.41
12:35:27,663.85
12:35:27,664.71
12:35:27,665.23
12:35:27,663.14
12:35:27,663.88
12:35:27,664.73
12:35:27,665.24
12:35:27,665.14
12:35:28,662.69
12:35:28,663.61
12:35:28,663.37
12:35:28,663.22
12:35:28,663.93
12:35:28,663.56
12:35:28,664.94
12:35:28,665.76
12:35:28,665.86
12:35:28,664.71
12:35:28,664.03
12:35:28,664.02
12:35:28,664.01
12:35:28,663.61
12:35:28,664.56
12:35:28,666.74
12:35:28,666.44
12:35:28,666.27
12:35:28,666.16
12:35:28,666.1
12:35:28,666.06
12:35:28,665.23
12:35:28,664.34
12:35:28,665.0
12:35:28,665.4
12:35:28,664.44
12:35:28,665.07
12:35:28,663.84
12:35:28,664.3
12:35:28,664.58
12:35:28,663.95
12:35:28,664.37
12:35:28,664.62
12:35:28,665.17
12:35:28,665.5
12:35:28,664.1
12:35:28,665.26
12:35:28,665.56
12:35:28,665.73
12:35:28,665.84
12:35:28,664.7
12:35:28,662.42
12:35:28,663.85
12:35:28,664.31
12:35:28,664.59
12:35:28,663.95
12:35:28,661.97
12:35:28,663.98
12:35:29,664.39
12:35:29,664.63
12:35:29,665.18
12:35:29,664.31
12:35:29,663.39
12:35:29,664.83
12:35:29,665.7
12:35:29,665.42
12:35:29,664.85
12:35:29,665.71
12:35:29,664.63
12:35:29,665.58
12:35:29,664.55
12:35:29,664.33
12:35:29,663.8
12:35:29,665.08
12:35:29,665.05
12:35:29,665.03
12:35:29,663.02
12:35:29,663.41
12:35:29,663.25
12:35:29,664.35
12:35:29,665.01
12:35:29,664.21
12:35:29,663.32
12:35:29,663.19
12:35:29,664.32
12:35:29,664.99
12:35:29,663.79
12:35:29,664.68
12:35:29,664.81
12:35:29,665.28
12:35:29,664.37
12:35:29,664.22
12:35:29,663.73
12:35:29,663.44
12:35:29,664.46
12:35:29,664.68
12:35:29,663.21
12:35:29,663.12
12:35:29,663.07
12:35:29,663.44
12:35:29,664.07
12:35:29,663.64
12:35:29,664.58
12:35:29,665.15
12:35:29,664.29
12:35:29,664.97
12:35:30,663.38
12:35:30,664.83
12:35:30,665.3
12:35:30,665.58
12:35:30,664.55
12:35:30,666.33
12:35:30,665.0
12:35:30,664.6
12:35:30,665.16
12:35:30,665.5
12:35:30,665.7
12:35:30,665.82
12:35:30,666.29
12:35:30,666.17
12:35:30,666.5
12:35:30,665.1
12:35:30,665.46
12:35:30,665.68
12:35:30,666.21
12:35:30,666.12
12:35:30,665.67
12:35:30,665.8
12:35:30,665.08
12:35:30,664.25
12:35:30,664.95
12:35:30,664.17
12:35:30,664.5
12:35:30,665.5
12:35:30,666.1
12:35:30,666.06
12:35:30,665.64
12:35:30,664.18
12:35:30,664.51
12:35:30,663.91
12:35:30,664.74
12:35:30,664.85
12:35:30,662.51
12:35:30,662.7
12:35:30,664.42
12:35:30,665.05
12:35:30,665.03
12:35:30,663.42
12:35:30,664.45
12:35:30,665.47
12:35:30,665.28
12:35:30,665.17
12:35:30,663.5
12:35:30,664.1
12:35:31,664.86
12:35:31,663.72
12:35:31,664.63
12:35:31,663.98
12:35:31,664.39
12:35:31,665.03
12:35:31,664.22
12:35:31,664.93
12:35:31,662.96
12:35:31,664.58
12:35:31,664.75
12:35:31,664.85
12:35:31,664.11
12:35:31,662.86
12:35:31,664.52
12:35:31,665.11
12:35:31,665.07
12:35:31,665.04
12:35:31,664.62
12:35:31,664.77
12:35:31,665.26
12:35:31,665.56
12:35:31,665.34
12:35:31,663.2
12:35:31,663.92
12:35:31,665.15
12:35:31,664.29
12:35:31,664.57
12:35:31,663.95
12:35:31,664.37
12:35:31,665.02
12:35:31,664.61
12:35:31,664.77
12:35:31,664.06
12:35:31,663.24
12:35:31,664.34
12:35:31,665.01
12:35:31,664.6
12:35:31,663.16
12:35:31,663.1
12:35:31,662.66
12:35:31,664.0
12:35:31,664.8
12:35:31,665.68
12:35:31,665.41
12:35:31,664.44
12:35:31,665.47
12:35:31,665.28
12:35:32,666.77
12:35:32,666.46
12:35:32,666.28
12:35:32,665.77
12:35:32,665.46
12:35:32,667.28
12:35:32,666.77
12:35:32,666.46
12:35:32,666.28
12:35:32,665.77
12:35:32,665.86
12:35:32,665.52
12:35:32,665.71
12:35:32,664.63
12:35:32,665.18
12:35:32,665.11
12:35:32,664.26
12:35:32,664.96
12:35:32,664.97
12:35:32,664.98
12:35:32,664.19
12:35:32,664.91
12:35:32,665.35
12:35:32,665.61
12:35:32,665.77
12:35:32,666.26
12:35:32,665.76
12:35:32,666.25
12:35:32,666.15
12:35:32,666.09
12:35:32,665.65
12:35:32,665.79
12:35:32,665.48
12:35:32,665.29
12:35:32,665.17
12:35:32,665.5
12:35:32,664.5
12:35:32,664.7
12:35:32,664.82
12:35:32,665.29
12:35:32,665.18
12:35:32,665.91
12:35:32,665.94
12:35:32,665.57
12:35:32,665.34
12:35:32,665.6
12:35:32,664.56
12:35:32,665.14
12:35:32,665.08
12:35:33,665.45
12:35:33,665.27
12:35:33,664.76
12:35:33,664.86
12:35:33,664.91
12:35:33,665.35
12:35:33,665.61
12:35:33,663.77
12:35:33,664.66
12:35:33,665.2
12:35:33,665.52
12:35:33,665.71
12:35:33,663.43
12:35:33,664.46
12:35:33,665.47
12:35:33,665.28
12:35:33,664.37
12:35:33,663.82
12:35:33,664.69
12:35:33,664.82
12:35:33,664.89
12:35:33,664.53
12:35:33,663.92
12:35:33,664.75
12:35:33,665.65
12:35:33,666.19
12:35:33,666.51
12:35:33,664.71
12:35:33,664.03
12:35:33,664.02
12:35:33,664.01
12:35:33,664.01
12:35:33,663.2
12:35:33,664.32
12:35:33,664.59
12:35:33,664.76
12:35:33,665.65
12:35:33,663.39
12:35:33,664.44
12:35:33,664.66
12:35:33,664.8
12:35:33,664.08
12:35:33,663.65
12:35:33,664.59
12:35:33,665.55
12:35:33,665.73
12:35:33,665.84
12:35:33,664.3
12:35:34,664.98
12:35:34,665.39
12:35:34,666.03
12:35:34,664.42
12:35:34,662.65
12:35:34,663.99
12:35:34,664.39
12:35:34,664.64
12:35:34,664.78
12:35:34,663.27
12:35:34,664.36
12:35:34,665.02
12:35:34,664.61
12:35:34,665.17
12:35:34,663.1
12:35:34,664.26
12:35:34,664.96
12:35:34,664.97
12:35:34,664.18
12:35:34,662.11
12:35:34,662.87
12:35:34,663.72
12:35:34,664.63
12:35:34,665.58
12:35:34,666.15
12:35:34,664.89
12:35:34,664.93
12:35:34,665.76
12:35:34,665.46
12:35:34,665.67
12:35:34,665.8
12:35:34,665.48
12:35:34,665.29
12:35:34,665.17
12:35:34,665.5
12:35:34,666.1
12:35:34,666.06
12:35:34,664.84
12:35:34,664.1
12:35:34,664.86
12:35:34,664.92
12:35:34,665.75
12:35:34,665.85
12:35:34,665.11
12:35:34,664.27
12:35:34,664.56
12:35:34,665.14
12:35:34,664.28
12:35:34,664.97
12:35:35,664.18
12:35:35,664.91
12:35:35,664.95
12:35:35,664.97
12:35:35,664.18
12:35:35,664.91
12:35:35,664.14
12:35:35,663.69
12:35:35,664.21
12:35:35,664.53
12:35:35,665.12
12:35:35,663.87
12:35:35,663.92
12:35:35,664.75
12:35:35,664.85
12:35:35,664.11
12:35:35,662.87
12:35:35,663.32
12:35:35,663.19
12:35:35,664.32
12:35:35,664.99
12:35:35,662.99
12:35:35,663.8
12:35:35,664.68
12:35:35,664.01
12:35:35,663.6
12:35:35,661.76
12:35:35,663.46
12:35:35,664.47
12:35:35,664.68
12:35:35,664.01
12:35:35,662.81
12:35:35,664.08
12:35:35,663.65
12:35:35,664.59
12:35:35,663.95
12:35:35,662.37
12:35:35,663.82
12:35:35,664.69
12:35:35,664.82
12:35:35,665.29
12:35:35,663.57
12:35:35,664.54
12:35:35,665.13
12:35:35,664.28
12:35:35,664.57
12:35:35,663.94
12:35:35,664.76
12:35:36,665.26
12:35:36,665.55
12:35:36,665.33
12:35:36,664.8
12:35:36,665.28
12:35:36,665.57
12:35:36,665.74
12:35:36,665.44
12:35:36,663.27
12:35:36,664.36
12:35:36,665.02
12:35:36,664.61
12:35:36,664.77
12:35:36,664.06
12:35:36,664.04
12:35:36,664.02
12:35:36,664.01
12:35:36,664.01
12:35:36,665.6
12:35:36,665.76
12:35:36,665.86
12:35:36,666.31
12:35:36,665.79
12:35:36,664.67
12:35:36,665.2
12:35:36,665.52
12:35:36,665.71
12:35:36,665.83
12:35:36,665.5
12:35:36,665.7
12:35:36,665.42
12:35:36,665.65
12:35:36,665.39
12:35:36,665.63
12:35:36,665.78
12:35:36,665.87
12:35:36,665.52
12:35:36,665.71
12:35:36,665.83
12:35:36,665.5
12:35:36,665.7
12:35:36,665.82
12:35:36,666.29
12:35:36,666.17
12:35:36,666.1
12:35:36,666.06
12:35:36,664.84
12:35:36,664.9
12:35:37,664.14
12:35:37,662.89
12:35:37,663.73
12:35:37,664.64
12:35:37,664.78
12:35:37,664.07
12:35:37,663.24
12:35:37,664.35
12:35:37,664.61
12:35:37,665.16
12:35:37,665.5
12:35:37,662.9
12:35:37,663.74
12:35:37,664.64
12:35:37,664.79
12:35:37,665.27
12:35:37,664.36
12:35:37,665.02
12:35:37,664.61
12:35:37,665.17
12:35:37,665.5
12:35:37,662.9
12:35:37,663.74
12:35:37,665.04
12:35:37,663.83
12:35:37,665.1
12:35:37,664.66
12:35:37,665.19
12:35:37,665.52
12:35:37,666.11
12:35:37,665.27
12:35:37,664.36
12:35:37,663.82
12:35:37,664.69
12:35:37,664.01
12:35:37,664.01
12:35:37,663.21
12:35:37,663.12
12:35:37,662.67
12:35:37,664.0
12:35:37,664.8
12:35:37,663.28
12:35:37,664.37
12:35:37,664.62
12:35:37,665.17
12:35:37,665.5
12:35:37,663.7
12:35:37,665.02
12:35:38,664.61
12:35:38,663.97
12:35:38,664.38
12:35:38,662.63
12:35:38,663.98
12:35:38,664.39
12:35:38,665.03
12:35:38,663.82
12:35:38,663.49
12:35:38,664.49
12:35:38,664.7
12:35:38,665.22
12:35:38,665.53
12:35:38,662.92
12:35:38,664.15
12:35:38,664.49
12:35:38,664.69
12:35:38,664.02
12:35:38,665.21
12:35:38,663.93
12:35:38,664.76
12:35:38,665.25
12:35:38,665.55
12:35:38,667.33
12:35:38,665.6
12:35:38,665.76
12:35:38,665.86
12:35:38,664.71
12:35:38,665.23
12:35:38,665.54
12:35:38,665.72
12:35:38,664.63
12:35:38,665.18
12:35:38,665.91
12:35:38,665.94
12:35:38,665.57
12:35:38,665.74
12:35:38,665.44
12:35:38,665.27
12:35:38,665.56
12:35:38,665.74
12:35:38,665.84
12:35:38,664.7
12:35:38,664.02
12:35:38,664.81
12:35:38,665.29
12:35:38,665.57
12:35:38,665.34
12:35:38,665.21
12:35:39,665.52
12:35:39,665.31
12:35:39,663.99
12:35:39,663.59
12:35:39,664.16
12:35:39,664.09
12:35:39,663.66
12:35:39,664.59
12:35:39,663.96
12:35:39,664.37
12:35:39,663.82
12:35:39,664.69
12:35:39,664.82
12:35:39,664.89
12:35:39,664.13
12:35:39,663.28
12:35:39,664.37
12:35:39,665.02
12:35:39,663.81
12:35:39,664.69
12:35:39,662.41
12:35:39,662.65
12:35:39,663.99
12:35:39,663.59
12:35:39,663.36
12:35:39,661.61
12:35:39,662.17
12:35:39,662.5
12:35:39,662.3
12:35:39,663.38
12:35:39,663.23
12:35:39,663.14
12:35:39,663.08
12:35:39,663.05
12:35:39,663.83
12:35:39,663.5
12:35:39,664.5
12:35:39,665.1
12:35:39,665.46
12:35:39,665.68
12:35:39,663.81
12:35:39,664.68
12:35:39,665.21
12:35:39,663.93
12:35:39,664.76
12:35:39,664.45
12:35:39,664.67
12:35:39,665.2
12:35:40,665.52
12:35:40,665.71
12:35:40,663.03
12:35:40,663.42
12:35:40,664.45
12:35:40,665.07
12:35:40,665.04
12:35:40,664.23
12:35:40,663.74
12:35:40,664.64
12:35:40,665.18
12:35:40,665.91
12:35:40,663.15
12:35:40,664.29
12:35:40,664.97
12:35:40,664.98
12:35:40,664.19
12:35:40,664.91
12:35:40,664.95
12:35:40,664.97
12:35:40,664.98
12:35:40,664.19
12:35:40,664.91
12:35:40,665.35
12:35:40,665.61
12:35:40,664.57
12:35:40,665.54
12:35:40,666.12
12:35:40,664.87
12:35:40,664.92
12:35:40,665.75
12:35:40,665.85
12:35:40,665.51
12:35:40,664.51
12:35:40,663.9
12:35:40,664.74
12:35:40,664.85
12:35:40,664.91
12:35:40,665.34
12:35:40,665.61
12:35:40,664.56
12:35:40,665.14
12:35:40,665.48
12:35:40,665.29
12:35:40,665.57
12:35:40,665.74
12:35:40,666.25
12:35:40,666.15
12:35:40,664.89
12:35:41,665.33
12:35:41,664.4
12:35:41,664.64
12:35:41,664.78
12:35:41,664.07
12:35:41,663.24
12:35:41,664.35
12:35:41,665.01
12:35:41,664.6
12:35:41,662.76
12:35:41,664.06
12:35:41,663.23
12:35:41,663.94
12:35:41,663.56
12:35:41,663.34
12:35:41,664.4
12:35:41,664.64
12:35:41,665.19
12:35:41,665.91
12:35:41,664.75
12:35:41,665.25
12:35:41,665.55
12:35:41,665.33
12:35:41,665.6
12:35:41,662.96
12:35:41,664.58
12:35:41,665.55
12:35:41,665.33
12:35:41,665.6
12:35:41,662.96
12:35:41,664.17
12:35:41,663.7
12:35:41,663.42
12:35:41,664.45
12:35:41,663.87
12:35:41,664.72
12:35:41,665.23
12:35:41,665.54
12:35:41,665.32
12:35:41,664.39
12:35:41,665.44
12:35:41,665.66
12:35:41,665.4
12:35:41,665.24
12:35:41,664.34
12:35:41,665.01
12:35:41,664.6
12:35:41,664.76
12:35:42,664.86
12:35:42,664.51
12:35:42,663.91
12:35:42,664.35
12:35:42,665.01
12:35:42,664.6
12:35:42,662.76
12:35:42,664.06
12:35:42,663.23
12:35:42,663.14
12:35:42,664.28
12:35:42,664.17
12:35:42,663.7
12:35:42,664.62
12:35:42,664.77
12:35:42,664.86
12:35:42,663.32
12:35:42,663.59
12:35:42,664.95
12:35:42,664.97
12:35:42,664.18
12:35:42,662.11
12:35:42,662.87
12:35:42,663.72
12:35:42,664.63
12:35:42,664.78
12:35:42,663.27
12:35:42,664.36
12:35:42,665.02
12:35:42,664.61
12:35:42,665.17
12:35:42,662.7
12:35:42,664.02
12:35:42,664.01
12:35:42,663.61
12:35:42,664.16
12:35:42,664.9
12:35:42,664.94
12:35:42,664.96
12:35:42,664.98
12:35:42,664.19
12:35:42,664.91
12:35:42,665.35
12:35:42,665.61
12:35:42,664.57
12:35:42,664.74
12:35:42,664.84
12:35:42,664.91
12:35:42,665.34
12:35:43,665.61
12:35:43,665.76
12:35:43,665.46
12:35:43,666.07
12:35:43,664.84
12:35:43,665.71
12:35:43,665.42
12:35:43,665.65
12:35:43,665.79
12:35:43,665.48
12:35:43,665.29
12:35:43,665.17
12:35:43,665.5
12:35:43,665.7
12:35:43,665.42
12:35:43,665.65
12:35:43,665.39
12:35:43,665.23
12:35:43,665.54
12:35:43,666.12
12:35:43,664.87
12:35:43,664.12
12:35:43,664.87
12:35:43,664.13
12:35:43,663.28
12:35:43,663.97
12:35:43,663.58
12:35:43,663.35
12:35:43,662.81
12:35:43,664.09
12:35:43,663.25
12:35:43,664.35
12:35:43,665.01
12:35:43,663.41
12:35:43,663.24
12:35:43,664.35
12:35:43,665.01
12:35:43,664.6
12:35:43,662.36
12:35:43,663.82
12:35:43,664.69
12:35:43,664.01
12:35:43,664.01
12:35:43,663.21
12:35:43,663.12
12:35:43,663.07
12:35:43,663.44
12:35:43,664.07
12:35:44,663.64
12:35:44,664.58
12:35:44,664.75
12:35:44,665.25
12:35:44,665.15
12:35:44,664.69
12:35:44,665.61
12:35:44,664.57
12:35:44,665.14
12:35:44,665.48
12:35:44,663.69
12:35:44,664.21
12:35:44,663.73
12:35:44,663.44
12:35:44,664.86
12:35:44,664.12
12:35:44,663.67
12:35:44,664.6
12:35:44,664.36
12:35:44,665.02
12:35:44,663.41
12:35:44,663.25
12:35:44,663.95
12:35:44,664.37
12:35:44,664.62
12:35:44,662.37
12:35:44,663.82
12:35:44,664.69
12:35:44,664.82
12:35:44,664.89
12:35:44,663.33
12:35:44,663.2
12:35:44,664.32
12:35:44,663.79
12:35:44,664.28
12:35:44,663.77
12:35:44,664.66
12:35:44,665.2
12:35:44,664.32
12:35:44,664.99
12:35:44,663.39
12:35:44,664.04
12:35:44,663.22
12:35:44,663.13
12:35:44,663.88
12:35:44,665.53
12:35:44,664.52
12:35:45,665.11
12:35:45,663.87
12:35:45,663.52
12:35:45,664.51
12:35:45,663.91
12:35:45,664.74
12:35:45,664.85
12:35:45,664.91
12:35:45,665.34
12:35:45,665.61
12:35:45,665.36
12:35:45,665.62
12:35:45,665.77
12:35:45,665.46
12:35:45,665.68
12:35:45,665.41
12:35:45,664.44
12:35:45,664.67
12:35:45,665.6
12:35:45,665.76
12:35:45,665.86
12:35:45,665.11
12:35:45,665.87
12:35:45,665.52
12:35:45,665.71
12:35:45,664.63
12:35:45,664.78
12:35:45,664.07
12:35:45,664.44
12:35:45,662.26
12:35:45,663.76
12:35:45,664.66
12:35:45,665.19
12:35:45,665.12
12:35:45,663.87
12:35:45,664.32
12:35:45,664.59
12:35:45,663.96
12:35:45,664.37
12:35:45,664.22
12:35:45,663.73
12:35:45,664.64
12:35:45,664.78
12:35:45,664.07
12:35:45,663.24
12:35:45,664.35
12:35:45,665.41
12:35:45,665.24
12:35:45,665.95
12:35:45,663.17
12:35:46,663.1
12:35:46,664.26
12:35:46,664.56
12:35:46,665.53
12:35:46,663.72
12:35:46,663.43
12:35:46,664.46
12:35:46,664.68
12:35:46,664.01
12:35:46,663.2
12:35:46,664.32
12:35:46,663.79
12:35:46,664.28
12:35:46,663.77
12:35:46,662.26
12:35:46,663.76
12:35:46,665.05
12:35:46,664.63
12:35:46,665.18
12:35:46,663.11
12:35:46,663.46
12:35:46,664.48
12:35:46,664.69
12:35:46,664.01
12:35:46,663.21
12:35:46,663.12
12:35:46,663.07
12:35:46,662.64
12:35:46,663.99
12:35:46,663.19
12:35:46,664.32
12:35:46,663.79
12:35:46,664.67
12:35:46,664.8
12:35:46,663.28
12:35:46,664.37
12:35:46,665.02
12:35:46,664.61
12:35:46,664.77
12:35:46,666.86
12:35:46,665.72
12:35:46,665.43
12:35:46,665.66
12:35:46,666.19
12:35:46,666.12
12:35:46,664.87
12:35:46,665.32
12:35:46,664.39
12:35:47,664.64
12:35:47,666.38
12:35:47,666.23
12:35:47,664.94
12:35:47,665.36
12:35:47,665.22
12:35:47,665.53
12:35:47,665.72
12:35:47,665.43
12:35:47,665.66
12:35:47,665.4
12:35:47,665.24
12:35:47,665.54
12:35:47,665.73
12:35:47,665.84
12:35:47,664.3
12:35:47,664.58
12:35:47,665.55
12:35:47,665.73
12:35:47,665.44
12:35:47,665.26
12:35:47,665.56
12:35:47,665.73
12:35:47,665.84
12:35:47,665.5
12:35:47,664.5
12:35:47,663.9
12:35:47,663.54
12:35:47,664.52
12:35:47,664.71
12:35:47,665.23
12:35:47,665.54
12:35:47,664.12
12:35:47,663.67
12:35:47,664.6
12:35:47,664.36
12:35:47,665.02
12:35:47,663.41
12:35:47,663.25
12:35:47,663.95
12:35:47,663.57
12:35:47,664.94
12:35:47,662.16
12:35:47,662.9
12:35:47,664.54
12:35:47,665.52
12:35:47,665.71
12:35:47,663.83
12:35:48,664.7
12:35:48,665.62
12:35:48,665.77
12:35:48,665.46
12:35:48,664.88
12:35:48,664.93
12:35:48,665.36
12:35:48,666.01
12:35:48,665.21
12:35:48,663.92
12:35:48,664.76
12:35:48,665.25
12:35:48,665.55
12:35:48,666.13
12:35:48,664.48
12:35:48,664.69
12:35:48,665.61
12:35:48,665.37
12:35:48,665.62
12:35:48,664.57
12:35:48,665.14
12:35:48,664.69
12:35:48,664.81
12:35:48,665.29
12:35:48,662.77
12:35:48,664.06
12:35:48,663.64
12:35:48,664.58
12:35:48,663.95
12:35:48,663.57
12:35:48,664.54
12:35:48,665.13
12:35:48,664.28
12:35:48,664.17
12:35:48,662.5
12:35:48,663.9
12:35:48,664.34
12:35:48,665.0
12:35:48,665.4
12:35:48,663.64
12:35:48,664.58
12:35:48,665.15
12:35:48,665.49
12:35:48,664.49
12:35:48,663.9
12:35:48,665.14
12:35:48,664.28
12:35:48,664.97
12:35:49,663.78
12:35:49,662.27
12:35:49,663.76
12:35:49,664.66
12:35:49,665.19
12:35:49,665.52
12:35:49,663.31
12:35:49,663.59
12:35:49,664.95
12:35:49,665.37
12:35:49,665.62
12:35:49,665.77
12:35:49,665.86
12:35:49,665.52
12:35:49,665.71
12:35:49,665.83
12:35:49,665.9
12:35:49,665.54
12:35:49,665.72
12:35:49,665.83
12:35:49,665.1
12:35:49,665.86
12:35:49,666.32
12:35:49,664.99
12:35:49,664.99
12:35:49,664.2
12:35:49,664.92
12:35:49,665.35
12:35:49,665.61
12:35:49,664.57
12:35:49,665.14
12:35:49,665.48
12:35:49,665.29
12:35:49,665.57
12:35:49,665.74
12:35:49,665.45
12:35:49,666.07
12:35:49,664.44
12:35:49,665.06
12:35:49,664.24
12:35:49,664.94
12:35:49,664.17
12:35:49,663.3
12:35:49,664.38
12:35:49,665.43
12:35:49,665.66
12:35:49,666.19
12:35:49,664.92
12:35:49,665.35
12:35:50,665.61
12:35:50,665.77
12:35:50,665.06
12:35:50,663.84
12:35:50,664.7
12:35:50,665.22
12:35:50,665.53
12:35:50,665.72
12:35:50,664.63
12:35:50,663.98
12:35:50,664.39
12:35:50,665.03
12:35:50,663.82
12:35:50,663.49
12:35:50,664.1
12:35:50,664.06
12:35:50,664.43
12:35:50,665.06
12:35:50,663.84
12:35:50,664.3
12:35:50,664.98
12:35:50,664.19
12:35:50,664.91
12:35:50,664.55
12:35:50,665.13
12:35:50,664.28
12:35:50,664.97
12:35:50,664.18
12:35:50,662.51
12:35:50,662.7
12:35:50,664.02
12:35:50,664.01
12:35:50,664.01
12:35:50,663.21
12:35:50,663.12
12:35:50,663.47
12:35:50,664.88
12:35:50,664.13
12:35:50,664.08
12:35:50,663.65
12:35:50,664.59
12:35:50,664.35
12:35:50,665.01
12:35:50,663.81
12:35:50,664.68
12:35:50,664.81
12:35:50,665.29
12:35:50,665.17
12:35:51,664.7
12:35:51,665.62
12:35:51,664.57
12:35:51,664.74
12:35:51,664.85
12:35:51,664.51
12:35:51,663.9
12:35:51,664.34
12:35:51,665.01
12:35:51,664.6
12:35:51,663.16
12:35:51,663.1
12:35:51,663.86
12:35:51,664.32
12:35:51,664.99
12:35:51,663.79
12:35:51,664.68
12:35:51,664.81
12:35:51,665.28
12:35:51,665.97
12:35:51,666.38
12:35:51,666.63
12:35:51,666.38
12:35:51,665.83
12:35:51,665.5
12:35:51,665.7
12:35:51,665.82
12:35:51,665.89
12:35:51,665.53
12:35:51,665.72
12:35:51,665.83
12:35:51,666.3
12:35:51,666.18
12:35:51,666.11
12:35:51,665.66
12:35:51,665.4
12:35:51,665.64
12:35:51,666.18
12:35:51,666.11
12:35:51,665.67
12:35:51,665.8
12:35:51,665.88
12:35:51,665.53
12:35:51,665.72
12:35:51,666.23
12:35:51,666.14
12:35:51,666.08
12:35:51,664.85
12:35:51,665.31
12:35:52,665.19
12:35:52,665.91
12:35:52,664.75
12:35:52,665.25
12:35:52,665.55
12:35:52,665.33
12:35:52,665.6
12:35:52,664.16
12:35:52,663.7
12:35:52,663.42
12:35:52,664.45
12:35:52,665.47
12:35:52,666.08
12:35:52,664.85
12:35:52,665.71
12:35:52,665.43
12:35:52,665.66
12:35:52,664.99
12:35:52,665.0
12:35:52,664.6
12:35:52,664.36
12:35:52,665.02
12:35:52,663.41
12:35:52,664.45
12:35:52,665.07
12:35:52,665.04
12:35:52,665.02
12:35:52,663.41
12:35:52,663.25
12:35:52,664.35
12:35:52,665.01
12:35:52,664.61
12:35:52,663.96
12:35:52,665.18
12:35:52,665.51
12:35:52,665.7
12:35:52,664.62
12:35:52,662.77
12:35:52,664.06
12:35:52,664.04
12:35:52,664.02
12:35:52,663.21
12:35:52,663.13
12:35:52,663.48
12:35:52,664.89
12:35:52,664.93
12:35:52,664.96
12:35:52,664.18
12:35:53,664.91
12:35:53,665.34
12:35:53,665.61
12:35:53,665.36
12:35:53,663.22
12:35:53,663.13
12:35:53,663.08
12:35:53,663.05
12:35:53,663.03
12:35:53,662.62
12:35:53,663.97
12:35:53,664.78
12:35:53,664.87
12:35:53,664.12
12:35:53,664.07
12:35:53,664.04
12:35:53,663.23
12:35:53,663.14
12:35:53,664.28
12:35:53,666.57
12:35:53,666.34
12:35:53,666.2
12:35:53,666.12
12:35:53,666.07
12:35:53,667.64
12:35:53,666.99
12:35:53,666.19
12:35:53,666.52
12:35:53,666.31
12:35:53,667.39
12:35:53,666.83
12:35:53,666.9
12:35:53,666.14
12:35:53,666.08
12:35:53,665.65
12:35:53,665.79
12:35:53,665.47
12:35:53,665.68
12:35:53,664.61
12:35:53,664.77
12:35:53,665.26
12:35:53,665.56
12:35:53,665.73
12:35:53,665.84
12:35:53,664.7
12:35:53,664.82
12:35:53,665.29
12:35:53,665.98
12:35:54,665.19
12:35:54,665.51
12:35:54,664.91
12:35:54,665.34
12:35:54,665.61
12:35:54,665.76
12:35:54,666.26
12:35:54,665.36
12:35:54,665.61
12:35:54,664.57
12:35:54,664.74
12:35:54,665.24
12:35:54,665.95
12:35:54,666.37
12:35:54,665.82
12:35:54,665.49
12:35:54,664.5
12:35:54,663.9
12:35:54,665.14
12:35:54,665.08
12:35:54,665.45
12:35:54,665.27
12:35:54,664.76
12:35:54,665.26
12:35:54,665.55
12:35:54,665.33
12:35:54,665.2
12:35:54,664.72
12:35:54,665.23
12:35:54,665.54
12:35:54,665.32
12:35:54,665.59
12:35:54,663.36
12:35:54,664.41
12:35:54,663.85
12:35:54,664.31
12:35:54,664.59
12:35:54,662.75
12:35:54,664.05
12:35:54,663.63
12:35:54,664.58
12:35:54,664.35
12:35:54,663.01
12:35:54,663.4
12:35:54,663.64
12:35:54,664.19
12:35:54,664.91
12:35:54,662.95
12:35:55,664.17
12:35:55,663.7
12:35:55,663.02
12:35:55,663.41
12:35:55,663.65
12:35:55,664.59
12:35:55,664.75
12:35:55,665.65
12:35:55,666.19
12:35:55,663.71
12:35:55,663.43
12:35:55,663.26
12:35:55,664.35
12:35:55,664.61
12:35:55,664.37
12:35:55,665.02
12:35:55,663.81
12:35:55,664.29
12:35:55,664.57
12:35:55,663.94
12:35:55,664.37
12:35:55,664.62
12:35:55,665.17
12:35:55,665.1
12:35:55,664.26
12:35:55,663.76
12:35:55,665.05
12:35:55,664.63
12:35:55,665.18
12:35:55,662.71
12:35:55,662.82
12:35:55,664.09
12:35:55,663.66
12:35:55,664.59
12:35:55,663.96
12:35:55,664.77
12:35:55,665.66
12:35:55,665.8
12:35:55,664.68
12:35:55,664.01
12:35:55,664.8
12:35:55,664.88
12:35:55,665.33
12:35:55,665.6
12:35:55,664.56
12:35:55,665.14
12:35:55,665.48
12:35:55,666.09
12:35:56,666.05
12:35:56,667.63
12:35:56,666.98
12:35:56,666.19
12:35:56,666.11
12:35:56,664.47
12:35:56,666.28
12:35:56,666.17
12:35:56,665.7
12:35:56,665.42
12:35:56,665.65
12:35:56,667.39
12:35:56,666.83
12:35:56,666.5
12:35:56,665.9
12:35:56,664.74
12:35:56,665.24
12:35:56,665.55
12:35:56,665.73
12:35:56,665.84
12:35:56,664.7
12:35:56,664.82
12:35:56,665.29
12:35:56,665.58
12:35:56,664.95
12:35:56,663.77
12:35:56,664.66
12:35:56,665.6
12:35:56,665.76
12:35:56,665.85
12:35:56,665.51
12:35:56,665.71
12:35:56,664.62
12:35:56,664.37
12:35:56,665.02
12:35:56,664.61
12:35:56,665.17
12:35:56,665.5
12:35:56,665.3
12:35:56,665.58
12:35:56,664.55
12:35:56,665.53
12:35:56,665.72
12:35:56,665.83
12:35:56,665.9
12:35:56,664.74
12:35:56,664.84
12:35:56,662.91
12:35:56,664.14
12:35:56,664.49
12:35:57,663.89
12:35:57,663.54
12:35:57,663.72
12:35:57,664.23
12:35:57,663.74
12:35:57,664.24
12:35:57,664.95
12:35:57,662.97
12:35:57,664.58
12:35:57,664.75
12:35:57,664.85
12:35:57,664.11
12:35:57,663.27
12:35:57,664.36
12:35:57,664.62
12:35:57,665.17
12:35:57,665.5
12:35:57,663.3
12:35:57,664.38
12:35:57,664.63
12:35:57,665.18
12:35:57,665.91
12:35:57,663.14
12:35:57,663.09
12:35:57,663.05
12:35:57,663.43
12:35:57,664.46
12:35:57,663.88
12:35:57,664.33
12:35:57,663.8
12:35:57,664.68
12:35:57,664.01
12:35:57,663.2
12:35:57,664.32
12:35:57,663.79
12:35:57,664.68
12:35:57,664.01
12:35:57,662.4
12:35:57,664.24
12:35:57,664.95
12:35:57,665.37
12:35:57,666.02
12:35:57,664.41
12:35:57,663.85
12:35:57,664.71
12:35:57,664.03
12:35:57,663.22
12:35:57,661.53
12:35:58,662.12
12:35:58,662.47
12:35:58,663.88
12:35:58,663.53
12:35:58,664.92
12:35:58,665.35
12:35:58,665.61
12:35:58,664.57
12:35:58,665.54
12:35:58,667.32
12:35:58,665.59
12:35:58,665.76
12:35:58,665.85
12:35:58,665.51
12:35:58,665.71
12:35:58,664.62
12:35:58,663.97
12:35:58,664.78
12:35:58,664.07
12:35:58,663.24
12:35:58,664.35
12:35:58,664.61
12:35:58,664.36
12:35:58,665.02
12:35:58,664.21
12:35:58,663.33
12:35:58,663.2
12:35:58,663.12
12:35:58,663.87
12:35:58,664.32
12:35:58,664.99
12:35:58,665.4
12:35:58,665.64
12:35:58,665.38
12:35:58,665.23
12:35:58,665.94
12:35:58,665.96
12:35:58,665.58
12:35:58,664.55
12:35:58,665.13
12:35:58,665.08
12:35:58,664.25
12:35:58,664.95
12:35:58,664.17
12:35:58,664.9
12:35:58,664.54
12:35:58,665.12
12:35:58,664.27
12:35:59,664.96
12:35:59,664.98
12:35:59,662.99
12:35:59,664.19
12:35:59,664.92
12:35:59,664.95
12:35:59,664.17
12:35:59,662.9
12:35:59,663.74
12:35:59,664.64
12:35:59,664.79
12:35:59,664.07
12:35:59,663.24
12:35:59,664.35
12:35:59,665.01
12:35:59,663.8
12:35:59,663.48
12:35:59,662.49
12:35:59,663.49
12:35:59,664.1
12:35:59,664.86
12:35:59,664.11
12:35:59,662.87
12:35:59,664.52
12:35:59,665.11
12:35:59,664.67
12:35:59,664.8
12:35:59,663.28
12:35:59,663.97
12:35:59,664.78
12:35:59,664.87
12:35:59,664.92
12:35:59,664.15
12:35:59,663.69
12:35:59,664.21
12:35:59,663.73
12:35:59,665.04
12:35:59,663.42
12:35:59,664.45
12:35:59,665.47
12:35:59,665.68
12:35:59,664.21
12:35:59,663.73
12:35:59,664.64
12:35:59,665.58
12:35:59,665.35
12:35:59,665.61
12:35:59,664.57
12:36:00,665.14
12:36:00,665.08
12:36:00,664.25
12:36:00,664.95
12:36:00,664.17
12:36:00,663.7
12:36:00,664.22
12:36:00,663.73
12:36:00,664.64
12:36:00,663.98
12:36:00,664.39
12:36:00,664.63
12:36:00,665.18
12:36:00,665.11
12:36:00,664.27
12:36:00,664.96
12:36:00,664.98
12:36:00,665.39
12:36:00,666.03
12:36:00,664.82
12:36:00,665.29
12:36:00,665.97
12:36:00,666.38
12:36:00,666.23
12:36:00,665.34
12:36:00,665.6
12:36:00,666.16
12:36:00,664.9
12:36:00,664.94
12:36:00,663.36
12:36:00,664.42
12:36:00,665.05
12:36:00,663.83
12:36:00,665.1
12:36:00,665.46
12:36:00,665.68
12:36:00,665.41
12:36:00,665.24
12:36:00,665.15
12:36:00,665.49
12:36:00,665.29
12:36:00,665.58
12:36:00,665.35
12:36:00,665.61
12:36:00,665.76
12:36:00,665.86
12:36:00,665.52
12:36:00,665.71
12:36:00,665.83
12:36:01,666.3
12:36:01,664.98
12:36:01,664.99
12:36:01,665.39
12:36:01,666.04
12:36:01,665.62
12:36:01,665.77
12:36:01,665.86
12:36:01,665.52
12:36:01,665.71
12:36:01,665.83
12:36:01,665.9
12:36:01,665.94
12:36:01,665.56
12:36:01,665.74
12:36:01,665.44
12:36:01,665.67
12:36:01,666.2
12:36:01,666.12
12:36:01,666.07
12:36:01,666.04
12:36:01,664.43
12:36:01,665.06
12:36:01,664.23
12:36:01,664.94
12:36:01,663.76
12:36:01,661.86
12:36:01,663.92
12:36:01,665.15
12:36:01,665.09
12:36:01,665.45
12:36:01,664.87
12:36:01,664.52
12:36:01,665.11
12:36:01,664.27
12:36:01,664.96
12:36:01,662.98
12:36:01,663.79
12:36:01,664.27
12:36:01,664.96
12:36:01,664.98
12:36:01,664.19
12:36:01,664.91
12:36:01,664.95
12:36:01,664.17
12:36:01,664.9
12:36:01,663.74
12:36:01,664.64
12:36:02,665.19
12:36:02,665.91
12:36:02,665.95
12:36:02,663.57
12:36:02,664.54
12:36:02,664.72
12:36:02,665.23
12:36:02,665.54
12:36:02,663.32
12:36:02,663.19
12:36:02,663.92
12:36:02,664.35
12:36:02,665.01
12:36:02,663.01
12:36:02,663.0
12:36:02,663.0
12:36:02,663.0
12:36:02,664.2
12:36:02,662.52
12:36:02,663.51
12:36:02,663.31
12:36:02,663.18
12:36:02,664.71
12:36:02,662.43
12:36:02,663.86
12:36:02,663.91
12:36:02,664.35
12:36:02,665.01
12:36:02,663.81
12:36:02,663.88
12:36:02,664.33
12:36:02,663.4
12:36:02,664.04
12:36:02,664.02
12:36:02,664.01
12:36:02,663.61
12:36:02,663.37
12:36:02,664.42
12:36:02,666.65
12:36:02,666.39
12:36:02,665.83
12:36:02,665.9
12:36:02,664.74
12:36:02,666.44
12:36:02,666.27
12:36:02,666.16
12:36:02,665.3
12:36:02,665.58
12:36:03,664.55
12:36:03,665.13
12:36:03,664.28
12:36:03,664.97
12:36:03,664.18
12:36:03,664.91
12:36:03,665.34
12:36:03,665.61
12:36:03,664.56
12:36:03,665.14
12:36:03,665.48
12:36:03,665.29
12:36:03,665.97
12:36:03,665.98
12:36:03,664.79
12:36:03,664.07
12:36:03,663.24
12:36:03,663.95
12:36:03,664.37
12:36:03,665.42
12:36:03,665.65
12:36:03,664.99
12:36:03,665.0
12:36:03,665.4
12:36:03,665.24
12:36:03,665.94
12:36:03,663.17
12:36:03,663.5
12:36:03,664.5
12:36:03,664.7
12:36:03,664.82
12:36:03,664.09
12:36:03,663.26
12:36:03,664.35
12:36:03,665.41
12:36:03,665.65
12:36:03,662.99
12:36:03,663.79
12:36:03,664.28
12:36:03,664.57
12:36:03,664.74
12:36:03,664.44
12:36:03,665.47
12:36:03,665.68
12:36:03,664.61
12:36:03,664.76
12:36:03,662.86
12:36:03,664.52
12:36:03,665.11
12:36:04,665.07
12:36:04,665.04
12:36:04,664.22
12:36:04,663.73
12:36:04,663.44
12:36:04,664.46
12:36:04,664.68
12:36:04,663.21
12:36:04,663.12
12:36:04,663.07
12:36:04,663.44
12:36:04,664.07
12:36:04,663.64
12:36:04,664.58
12:36:04,664.75
12:36:04,665.25
12:36:04,665.55
12:36:04,664.53
12:36:04,665.12
12:36:04,664.27
12:36:04,664.56
12:36:04,664.74
12:36:04,662.84
12:36:04,663.71
12:36:04,663.42
12:36:04,664.45
12:36:04,664.67
12:36:04,664.0
12:36:04,663.2
12:36:04,664.72
12:36:04,664.83
12:36:04,664.5
12:36:04,663.9
12:36:04,664.74
12:36:04,665.24
12:36:04,665.55
12:36:04,666.13
12:36:04,665.28
12:36:04,665.57
12:36:04,666.14
12:36:04,666.08
12:36:04,665.65
12:36:04,664.59
12:36:04,665.55
12:36:04,665.73
12:36:04,665.84
12:36:04,664.7
12:36:04,664.02
12:36:05,664.01
12:36:05,664.41
12:36:05,663.84
12:36:05,664.31
12:36:05,664.58
12:36:05,664.35
12:36:05,663.81
12:36:05,664.69
12:36:05,664.01
12:36:05,664.01
12:36:05,663.6
12:36:05,664.56
12:36:05,665.14
12:36:05,665.48
12:36:05,664.49
12:36:05,665.09
12:36:05,664.26
12:36:05,664.95
12:36:05,664.17
12:36:05,664.9
12:36:05,665.34
12:36:05,665.61
12:36:05,664.56
12:36:05,665.54
12:36:05,666.12
12:36:05,665.27
12:36:05,664.36
12:36:05,665.02
12:36:05,665.01
12:36:05,664.61
12:36:05,662.76
12:36:05,664.06
12:36:05,664.04
12:36:05,664.82
12:36:05,665.69
12:36:05,663.42
12:36:05,664.45
12:36:05,665.47
12:36:05,665.28
12:36:05,665.17
12:36:05,663.5
12:36:05,664.1
12:36:05,664.86
12:36:05,664.12
12:36:05,664.47
12:36:05,662.28
12:36:05,663.77
12:36:05,664.66
12:36:06,664.8
12:36:06,664.08
12:36:06,664.05
12:36:06,664.03
12:36:06,664.02
12:36:06,664.01
12:36:06,664.01
12:36:06,663.2
12:36:06,664.32
12:36:06,663.79
12:36:06,664.28
12:36:06,664.17
12:36:06,662.1
12:36:06,663.66
12:36:06,665.0
12:36:06,665.0
12:36:06,665.0
12:36:06,667.0
12:36:06,665.4
12:36:06,665.64
12:36:06,665.78
12:36:06,664.67
12:36:06,664.8
12:36:06,664.88
12:36:06,664.93
12:36:06,665.36
12:36:06,666.01
12:36:06,665.21
12:36:06,664.33
12:36:06,663.8
12:36:06,664.68
12:36:06,664.01
12:36:06,664.0
12:36:06,664.4
12:36:06,664.64
12:36:06,665.58
12:36:06,665.35
12:36:06,665.61
12:36:06,664.97
12:36:06,664.98
12:36:06,664.99
12:36:06,664.59
12:36:06,665.16
12:36:06,663.49
12:36:06,664.1
12:36:06,663.66
12:36:06,664.59
12:36:06,663.96
12:36:06,662.37
12:36:07,663.82
12:36:07,664.69
12:36:07,663.62
12:36:07,664.57
12:36:07,661.94
12:36:07,663.57
12:36:07,664.94
12:36:07,664.16
12:36:07,664.9
12:36:07,662.94
12:36:07,664.56
12:36:07,665.14
12:36:07,665.48
12:36:07,664.49
12:36:07,663.09
12:36:07,663.06
12:36:07,663.43
12:36:07,664.46
12:36:07,664.68
12:36:07,663.21
12:36:07,663.12
12:36:07,663.07
12:36:07,663.44
12:36:07,664.47
12:36:07,663.88
12:36:07,664.73
12:36:07,665.24
12:36:07,665.54
12:36:07,666.13
12:36:07,664.88
12:36:07,664.93
12:36:07,665.36
12:36:07,665.61
12:36:07,665.77
12:36:07,665.06
12:36:07,664.64
12:36:07,665.18
12:36:07,665.51
12:36:07,665.71
12:36:07,663.02
12:36:07,663.41
12:36:07,663.25
12:36:07,663.95
12:36:07,664.37
12:36:07,662.22
12:36:07,662.53
12:36:07,663.52
12:36:07,664.11
12:36:08,663.67
12:36:08,664.6
12:36:08,664.76
12:36:08,665.26
12:36:08,665.55
12:36:08,665.33
12:36:08,667.2
12:36:08,667.12
12:36:08,665.47
12:36:08,666.08
12:36:08,665.65
12:36:08,666.19
12:36:08,666.11
12:36:08,665.27
12:36:08,665.16
12:36:08,665.5
12:36:08,665.3
12:36:08,665.58
12:36:08,665.35
12:36:08,665.61
12:36:08,665.77
12:36:08,665.46
12:36:08,666.08
12:36:08,664.85
12:36:08,665.71
12:36:08,665.42
12:36:08,665.25
12:36:08,665.55
12:36:08,665.73
12:36:08,665.84
12:36:08,664.7
12:36:08,663.62
12:36:08,663.77
12:36:08,664.66
12:36:08,665.2
12:36:08,665.12
12:36:08,665.47
12:36:08,666.08
12:36:08,664.85
12:36:08,665.71
12:36:08,665.83
12:36:08,666.3
12:36:08,664.58
12:36:08,665.55
12:36:08,665.73
12:36:08,665.84
12:36:08,664.3
12:36:08,664.18
12:36:09,664.91
12:36:09,664.55
12:36:09,665.13
12:36:09,665.08
12:36:09,663.05
12:36:09,663.03
12:36:09,663.42
12:36:09,664.85
12:36:09,664.91
12:36:09,663.35
12:36:09,664.41
12:36:09,664.24
12:36:09,664.95
12:36:09,664.17
12:36:09,662.5
12:36:09,663.5
12:36:09,664.1
12:36:09,664.86
12:36:09,663.72
12:36:09,662.23
12:36:09,662.54
12:36:09,663.92
12:36:09,665.15
12:36:09,665.49
12:36:09,663.7
12:36:09,664.62
12:36:09,665.17
12:36:09,665.5
12:36:09,664.5
12:36:09,663.1
12:36:09,664.26
12:36:09,664.96
12:36:09,664.97
12:36:09,664.18
12:36:09,662.51
12:36:09,662.71
12:36:09,662.82
12:36:09,664.09
12:36:09,664.86
12:36:09,663.31
12:36:09,663.19
12:36:09,663.91
12:36:09,664.75
12:36:09,665.65
12:36:09,664.59
12:36:09,664.75
12:36:09,665.25
12:36:09,665.55
12:36:09,666.13
12:36:10,664.88
12:36:10,664.93
12:36:10,665.36
12:36:10,665.21
12:36:10,665.13
12:36:10,662.68
12:36:10,664.41
12:36:10,663.84
12:36:10,665.11
12:36:10,664.26
12:36:10,662.16
12:36:10,662.5
12:36:10,663.9
12:36:10,664.34
12:36:10,664.6
12:36:10,663.16
12:36:10,664.3
12:36:10,664.58
12:36:10,664.75
12:36:10,665.25
12:36:10,666.75
12:36:10,666.85
12:36:10,666.11
12:36:10,665.27
12:36:10,665.56
12:36:10,667.34
12:36:10,666.8
12:36:10,666.08
12:36:10,664.85
12:36:10,663.71
12:36:10,664.63
12:36:10,665.18
12:36:10,665.51
12:36:10,664.5
12:36:10,664.3
12:36:10,665.38
12:36:10,665.63
12:36:10,665.38
12:36:10,666.03
12:36:10,665.22
12:36:10,665.53
12:36:10,665.32
12:36:10,664.39
12:36:10,665.03
12:36:10,663.82
12:36:10,664.29
12:36:10,664.58
12:36:10,664.75
12:36:11,665.25
12:36:11,665.55
12:36:11,665.33
12:36:11,665.6
12:36:11,665.76
12:36:11,665.86
12:36:11,665.51
12:36:11,665.71
12:36:11,664.62
12:36:11,665.17
12:36:11,664.3
12:36:11,664.58
12:36:11,663.95
12:36:11,662.37
12:36:11,663.82
12:36:11,664.69
12:36:11,664.02
12:36:11,663.21
12:36:11,662.33
12:36:11,662.2
12:36:11,662.52
12:36:11,663.91
12:36:11,664.75
12:36:11,662.45
12:36:11,663.87
12:36:11,664.32
12:36:11,664.99
12:36:11,664.2
12:36:11,662.92
12:36:11,664.55
12:36:11,665.13
12:36:11,665.08
12:36:11,665.45
12:36:11,663.27
12:36:11,664.36
12:36:11,664.62
12:36:11,665.17
12:36:11,665.5
12:36:11,663.7
12:36:11,664.22
12:36:11,663.73
12:36:11,664.24
12:36:11,664.94
12:36:11,662.97
12:36:11,663.78
12:36:11,664.27
12:36:11,664.56
12:36:11,665.14
12:36:12,663.08
12:36:12,663.05
12:36:12,662.63
12:36:12,663.18
12:36:12,663.91
12:36:12,662.34
12:36:12,663.81
12:36:12,664.68
12:36:12,664.81
12:36:12,665.29
12:36:12,664.37
12:36:12,665.02
12:36:12,664.61
12:36:12,663.97
12:36:12,664.38
12:36:12,663.03
12:36:12,663.42
12:36:12,664.45
12:36:12,665.07
12:36:12,665.04
12:36:12,664.23
12:36:12,663.74
12:36:12,664.64
12:36:12,665.18
12:36:12,665.91
12:36:12,663.15
12:36:12,663.09
12:36:12,663.05
12:36:12,662.63
12:36:12,663.98
12:36:12,663.59
12:36:12,664.15
12:36:12,664.49
12:36:12,664.69
12:36:12,664.02
12:36:12,663.21
12:36:12,662.73
12:36:12,662.84
12:36:12,664.1
12:36:12,665.26
12:36:12,665.56
12:36:12,665.73
12:36:12,665.84
12:36:12,665.5
12:36:12,664.5
12:36:12,663.9
12:36:12,661.94
12:36:12,663.16
12:36:12,663.9
12:36:13,663.54
12:36:13,664.12
12:36:13,663.27
12:36:13,664.36
12:36:13,665.02
12:36:13,664.21
12:36:13,664.93
12:36:13,662.56
12:36:13,663.93
12:36:13,665.16
12:36:13,665.5
12:36:13,665.7
12:36:13,663.02
12:36:13,663.41
12:36:13,663.25
12:36:13,664.35
12:36:13,665.01
12:36:13,663.81
12:36:13,663.48
12:36:13,664.09
12:36:13,663.65
12:36:13,664.59
12:36:13,663.16
12:36:13,663.09
12:36:13,663.06
12:36:13,663.43
12:36:13,664.46
12:36:13,663.88
12:36:13,664.33
12:36:13,663.8
12:36:13,664.68
12:36:13,664.01
12:36:13,663.2
12:36:13,664.32
12:36:13,663.79
12:36:13,664.68
12:36:13,664.01
12:36:13,663.2
12:36:13,664.72
12:36:13,664.83
12:36:13,665.3
12:36:13,665.18
12:36:13,663.11
12:36:13,663.46
12:36:13,664.48
12:36:13,664.69
12:36:13,664.01
12:36:13,665.61
12:36:14,664.56
12:36:14,665.14
12:36:14,664.28
12:36:14,664.57
12:36:14,666.34
12:36:14,665.81
12:36:14,665.88
12:36:14,665.53
12:36:14,665.72
12:36:14,665.83
12:36:14,665.9
12:36:14,665.54
12:36:14,665.72
12:36:14,665.43
12:36:14,665.66
12:36:14,665.8
12:36:14,665.48
12:36:14,665.29
12:36:14,665.17
12:36:14,665.5
12:36:14,666.1
12:36:14,666.06
12:36:14,664.84
12:36:14,664.9
12:36:14,664.14
12:36:14,663.68
12:36:14,664.61
12:36:14,663.97
12:36:14,664.38
12:36:14,663.43
12:36:14,664.46
12:36:14,664.67
12:36:14,665.2
12:36:14,665.12
12:36:14,665.07
12:36:14,663.84
12:36:14,664.71
12:36:14,665.22
12:36:14,665.53
12:36:14,665.72
12:36:14,664.63
12:36:14,663.98
12:36:14,664.39
12:36:14,664.63
12:36:14,665.18
12:36:14,664.71
12:36:14,664.02
12:36:14,664.01
12:36:14,664.01
12:36:15,664.01
12:36:15,662.8
12:36:15,663.68
12:36:15,664.61
12:36:15,664.77
12:36:15,665.66
12:36:15,665.0
12:36:15,664.6
12:36:15,665.16
12:36:15,665.5
12:36:15,665.3
12:36:15,664.78
12:36:15,665.67
12:36:15,666.2
12:36:15,665.72
12:36:15,666.23
12:36:15,663.74
12:36:15,664.64
12:36:15,665.19
12:36:15,665.11
12:36:15,665.07
12:36:15,663.84
12:36:15,665.1
12:36:15,665.46
12:36:15,666.08
12:36:15,666.05
12:36:15,665.23
12:36:15,664.34
12:36:15,665.0
12:36:15,664.2
12:36:15,664.52
12:36:15,662.71
12:36:15,662.83
12:36:15,664.1
12:36:15,663.66
12:36:15,664.99
12:36:15,663.4
12:36:15,664.44
12:36:15,665.46
12:36:15,665.68
12:36:15,664.61
12:36:15,663.96
12:36:15,663.98
12:36:15,664.39
12:36:15,664.63
12:36:15,665.18
12:36:15,663.11
12:36:15,663.46
12:36:16,664.48
12:36:16,664.69
12:36:16,663.61
12:36:16,663.37
12:36:16,664.02
12:36:16,664.01
12:36:16,663.61
12:36:16,664.56
12:36:16,666.74
12:36:16,666.44
12:36:16,666.27
12:36:16,666.16
12:36:16,666.5
12:36:16,666.3
12:36:16,666.18
12:36:16,666.11
12:36:16,664.86
12:36:16,664.12
12:36:16,666.47
12:36:16,666.28
12:36:16,665.77
12:36:16,665.86
12:36:16,664.72
12:36:16,665.23
12:36:16,664.34
12:36:16,665.0
12:36:16,664.2
12:36:16,664.52
12:36:16,665.11
12:36:16,664.27
12:36:16,664.96
12:36:16,664.98
12:36:16,664.19
12:36:16,664.91
12:36:16,664.95
12:36:16,665.37
12:36:16,665.22
12:36:16,665.53
12:36:16,665.72
12:36:16,666.23
12:36:16,664.94
12:36:16,664.56
12:36:16,665.14
12:36:16,665.48
12:36:16,664.49
12:36:16,664.69
12:36:16,664.82
12:36:16,664.89
12:36:17,664.13
12:36:17,662.88
12:36:17,664.13
12:36:17,663.68
12:36:17,664.21
12:36:17,664.92
12:36:17,662.55
12:36:17,663.93
12:36:17,664.76
12:36:17,665.26
12:36:17,665.55
12:36:17,664.93
12:36:17,665.36
12:36:17,665.62
12:36:17,666.17
12:36:17,665.7
12:36:17,663.42
12:36:17,664.45
12:36:17,664.67
12:36:17,665.2
12:36:17,665.12
12:36:17,663.87
12:36:17,665.12
12:36:17,664.27
12:36:17,664.96
12:36:17,664.18
12:36:17,663.71
12:36:17,663.42
12:36:17,664.05
12:36:17,664.03
12:36:17,663.22
12:36:17,663.53
12:36:17,664.52
12:36:17,664.71
12:36:17,664.83
12:36:17,664.9
12:36:17,662.54
12:36:17,663.92
12:36:17,664.75
12:36:17,664.85
12:36:17,665.31
12:36:17,664.39
12:36:17,665.03
12:36:17,664.62
12:36:17,665.17
12:36:17,665.5
12:36:17,663.7
12:36:17,663.82
12:36:17,664.69
12:36:18,664.02
12:36:18,664.01
12:36:18,663.21
12:36:18,662.72
12:36:18,664.03
12:36:18,664.02
12:36:18,663.61
12:36:18,663.77
12:36:18,664.66
12:36:18,665.2
12:36:18,665.92
12:36:18,665.95
12:36:18,663.97
12:36:18,664.78
12:36:18,664.87
12:36:18,664.92
12:36:18,665.35
12:36:18,662.81
12:36:18,664.09
12:36:18,663.65
12:36:18,664.19
12:36:18,664.91
12:36:18,662.95
12:36:18,663.77
12:36:18,664.66
12:36:18,665.2
12:36:18,665.52
12:36:18,662.91
12:36:18,663.75
12:36:18,664.65
12:36:18,665.19
12:36:18,665.51
12:36:18,665.71
12:36:18,664.62
12:36:18,663.97
12:36:18,664.79
12:36:18,664.07
12:36:18,664.44
12:36:18,665.07
12:36:18,664.24
12:36:18,664.94
12:36:18,664.17
12:36:18,664.9
12:36:18,664.94
12:36:18,664.96
12:36:18,664.98
12:36:18,664.59
12:36:18,663.55
12:36:19,662.93
12:36:19,664.16
12:36:19,664.9
12:36:19,665.74
12:36:19,665.44
12:36:19,662.87
12:36:19,663.72
12:36:19,664.23
12:36:19,664.94
12:36:19,663.76
12:36:19,663.86
12:36:19,664.71
12:36:19,664.03
12:36:19,664.02
12:36:19,663.21
12:36:19,662.73
12:36:19,664.04
12:36:19,663.22
12:36:19,664.33
12:36:19,665.0
12:36:19,663.0
12:36:19,663.0
12:36:19,663.0
12:36:19,663.0
12:36:19,664.2
12:36:19,663.72
12:36:19,664.63
12:36:19,665.18
12:36:19,665.51
12:36:19,665.7
12:36:19,663.82
12:36:19,664.69
12:36:19,664.82
12:36:19,665.29
12:36:19,664.37
12:36:19,664.22
12:36:19,663.73
12:36:19,663.44
12:36:19,664.86
12:36:19,664.12
12:36:19,664.07
12:36:19,663.24
12:36:19,664.35
12:36:19,665.01
12:36:19,664.6
12:36:19,665.56
12:36:19,665.74
12:36:19,666.24
12:36:20,665.75
12:36:20,665.45
12:36:20,666.87
12:36:20,666.12
12:36:20,664.87
12:36:20,664.92
12:36:20,665.75
12:36:20,665.85
12:36:20,665.91
12:36:20,665.95
12:36:20,665.57
12:36:20,665.34
12:36:20,667.2
12:36:20,666.72
12:36:20,666.43
12:36:20,666.26
12:36:20,666.16
12:36:20,666.09
12:36:20,664.86
12:36:20,664.91
12:36:20,665.35
12:36:20,666.01
12:36:20,665.21
12:36:20,664.32
12:36:20,663.79
12:36:20,664.28
12:36:20,664.57
12:36:20,665.14
12:36:20,665.48
12:36:20,665.29
12:36:20,665.57
12:36:20,665.74
12:36:20,665.85
12:36:20,665.51
12:36:20,664.5
12:36:20,665.1
12:36:20,665.06
12:36:20,665.04
12:36:20,663.82
12:36:20,664.69
12:36:20,664.82
12:36:20,664.89
12:36:20,664.13
12:36:20,662.88
12:36:20,663.73
12:36:20,664.24
12:36:20,664.94
12:36:20,664.17
12:36:21,663.3
12:36:21,664.38
12:36:21,664.63
12:36:21,665.18
12:36:21,665.91
12:36:21,664.74
12:36:21,665.25
12:36:21,665.55
12:36:21,665.33
12:36:21,665.6
12:36:21,662.96
12:36:21,663.78
12:36:21,665.07
12:36:21,664.24
12:36:21,664.94
12:36:21,662.97
12:36:21,663.78
12:36:21,664.67
12:36:21,665.2
12:36:21,664.32
12:36:21,663.79
12:36:21,664.28
12:36:21,665.37
12:36:21,665.62
12:36:21,665.77
12:36:21,663.06
12:36:21,663.44
12:36:21,664.46
12:36:21,665.48
12:36:21,665.29
12:36:21,664.37
12:36:21,665.02
12:36:21,664.61
12:36:21,663.97
12:36:21,664.38
12:36:21,663.03
12:36:21,663.42
12:36:21,663.65
12:36:21,664.59
12:36:21,663.95
12:36:21,663.57
12:36:21,664.54
12:36:21,665.53
12:36:21,664.52
12:36:21,665.11
12:36:21,663.07
12:36:21,663.04
12:36:21,662.62
12:36:21,663.97
12:36:22,664.38
12:36:22,663.83
12:36:22,664.7
12:36:22,665.62
12:36:22,665.77
12:36:22,665.46
12:36:22,664.48
12:36:22,664.69
12:36:22,665.61
12:36:22,664.57
12:36:22,664.74
12:36:22,664.04
12:36:22,663.23
12:36:22,663.14
12:36:22,663.08
12:36:22,663.85
12:36:22,665.91
12:36:22,665.55
12:36:22,665.73
12:36:22,665.84
12:36:22,664.7
12:36:22,666.82
12:36:22,666.89
12:36:22,666.14
12:36:22,664.88
12:36:22,664.13
12:36:22,666.48
12:36:22,665.89
12:36:22,665.53
12:36:22,665.72
12:36:22,666.23
12:36:22,666.14
12:36:22,666.08
12:36:22,664.85
12:36:22,665.31
12:36:22,665.19
12:36:22,665.51
12:36:22,664.51
12:36:22,663.9
12:36:22,664.34
12:36:22,665.01
12:36:22,664.6
12:36:22,664.76
12:36:22,665.26
12:36:22,665.55
12:36:22,665.33
12:36:22,665.6
12:36:22,665.76
12:36:22,665.86
12:36:23,665.51
12:36:23,665.71
12:36:23,665.82
12:36:23,664.29
12:36:23,665.38
12:36:23,666.03
12:36:23,665.22
12:36:23,665.53
12:36:23,664.52
12:36:23,663.91
12:36:23,664.75
12:36:23,665.65
12:36:23,665.39
12:36:23,664.43
12:36:23,663.86
12:36:23,665.12
12:36:23,665.07
12:36:23,664.24
12:36:23,664.15
12:36:23,663.29
12:36:23,664.37
12:36:23,665.02
12:36:23,664.21
12:36:23,663.33
12:36:23,663.6
12:36:23,664.56
12:36:23,664.73
12:36:23,665.64
12:36:23,662.98
12:36:23,663.79
12:36:23,664.27
12:36:23,664.96
12:36:23,664.18
12:36:23,663.71
12:36:23,663.02
12:36:23,663.41
12:36:23,664.45
12:36:23,665.47
12:36:23,662.88
12:36:23,663.73
12:36:23,664.64
12:36:23,664.78
12:36:23,663.67
12:36:23,662.2
12:36:23,663.72
12:36:23,664.63
12:36:23,665.18
12:36:23,665.91
12:36:24,665.14
12:36:24,665.09
12:36:24,664.25
12:36:24,664.95
12:36:24,664.17
12:36:24,662.1
12:36:24,663.66
12:36:24,664.6
12:36:24,665.16
12:36:24,665.49
12:36:24,663.7
12:36:24,664.62
12:36:24,664.77
12:36:24,665.26
12:36:24,665.96
12:36:24,663.97
12:36:24,664.38
12:36:24,664.63
12:36:24,664.78
12:36:24,664.87
12:36:24,664.12
12:36:24,663.67
12:36:24,664.6
12:36:24,664.76
12:36:24,664.86
12:36:24,664.11
12:36:24,664.07
12:36:24,664.04
12:36:24,664.02
12:36:24,663.21
12:36:24,665.93
12:36:24,665.96
12:36:24,665.57
12:36:24,665.74
12:36:24,665.45
12:36:24,667.27
12:36:24,666.76
12:36:24,666.46
12:36:24,666.67
12:36:24,666.8
12:36:24,667.28
12:36:24,666.77
12:36:24,666.46
12:36:24,666.28
12:36:24,665.77
12:36:24,667.46
12:36:24,666.88
12:36:24,666.13
12:36:25,664.88
12:36:25,664.13
12:36:25,666.48
12:36:25,665.89
12:36:25,665.93
12:36:25,665.96
12:36:25,664.78
12:36:25,664.87
12:36:25,665.32
12:36:25,664.39
12:36:25,665.43
12:36:25,665.66
12:36:25,665.8
12:36:25,665.48
12:36:25,665.29
12:36:25,665.57
12:36:25,666.14
12:36:25,666.49
12:36:25,665.89
12:36:25,665.53
12:36:25,665.72
12:36:25,665.83
12:36:25,665.5
12:36:25,666.1
12:36:25,664.86
12:36:25,665.32
12:36:25,665.19
12:36:25,665.11
12:36:25,664.67
12:36:25,665.2
12:36:25,665.52
12:36:25,665.71
12:36:25,665.43
12:36:25,665.66
12:36:25,665.79
12:36:25,665.48
12:36:25,664.49
12:36:25,663.49
12:36:25,661.69
12:36:25,663.02
12:36:25,663.41
12:36:25,664.45
12:36:25,664.67
12:36:25,662.4
12:36:25,663.44
12:36:25,664.46
12:36:25,664.68
12:36:25,664.81
12:36:26,664.48
12:36:26,664.69
12:36:26,664.81
12:36:26,665.69
12:36:26,664.61
12:36:26,662.77
12:36:26,663.66
12:36:26,664.6
12:36:26,664.76
12:36:26,664.45
12:36:26,662.27
12:36:26,663.76
12:36:26,664.66
12:36:26,664.79
12:36:26,664.08
12:36:26,663.65
12:36:26,664.59
12:36:26,664.75
12:36:26,664.85
12:36:26,664.11
12:36:26,662.87
12:36:26,663.72
12:36:26,664.63
12:36:26,665.18
12:36:26,665.51
12:36:26,664.5
12:36:26,664.7
12:36:26,665.22
12:36:26,665.53
12:36:26,665.72
12:36:26,664.63
12:36:26,665.18
12:36:26,665.51
12:36:26,665.7
12:36:26,664.62
12:36:26,662.37
12:36:26,663.82
12:36:26,664.69
12:36:26,663.62
12:36:26,664.57
12:36:26,663.94
12:36:26,664.77
12:36:26,665.26
12:36:26,665.16
12:36:26,665.49
12:36:26,663.7
12:36:26,664.22
12:36:26,663.73
12:36:26,664.64
12:36:27,664.78
12:36:27,664.07
12:36:27,663.64
12:36:27,664.59
12:36:27,663.95
12:36:27,664.37
12:36:27,662.62
12:36:27,663.57
12:36:27,664.54
12:36:27,665.13
12:36:27,664.68
12:36:27,663.21
12:36:27,663.12
12:36:27,662.67
12:36:27,664.0
12:36:27,664.8
12:36:27,663.28
12:36:27,663.97
12:36:27,664.38
12:36:27,665.43
12:36:27,665.66
12:36:27,664.59
12:36:27,665.16
12:36:27,664.29
12:36:27,664.98
12:36:27,664.59
12:36:27,663.15
12:36:27,663.09
12:36:27,663.05
12:36:27,663.43
12:36:27,664.46
12:36:27,663.88
12:36:27,664.33
12:36:27,663.8
12:36:27,664.68
12:36:27,664.01
12:36:27,665.6
12:36:27,666.16
12:36:27,664.9
12:36:27,665.74
12:36:27,665.44
12:36:27,666.87
12:36:27,666.92
12:36:27,666.55
12:36:27,666.33
12:36:27,666.2
12:36:27,667.32
12:36:27,665.59
12:36:28,665.35
12:36:28,665.21
12:36:28,665.53
12:36:28,665.72
12:36:28,665.83
12:36:28,665.9
12:36:28,665.54
12:36:28,664.52
12:36:28,665.51
12:36:28,664.51
12:36:28,663.91
12:36:28,664.34
12:36:28,665.01
12:36:28,664.6
12:36:28,665.16
12:36:28,665.1
12:36:28,664.26
12:36:28,664.96
12:36:28,664.17
12:36:28,663.7
12:36:28,665.02
12:36:28,664.61
12:36:28,665.17
12:36:28,665.5
12:36:28,664.5
12:36:28,665.5
12:36:28,665.3
12:36:28,664.38
12:36:28,665.43
12:36:28,664.86
12:36:28,664.91
12:36:28,664.95
12:36:28,664.17
12:36:28,664.9
12:36:28,664.14
12:36:28,663.68
12:36:28,664.61
12:36:28,665.17
12:36:28,665.5
12:36:28,662.9
12:36:28,663.74
12:36:28,665.04
12:36:28,663.83
12:36:28,664.7
12:36:28,664.42
12:36:28,665.05
12:36:28,663.83
12:36:28,664.3
12:36:28,664.98
12:36:29,664.19
12:36:29,664.91
12:36:29,664.55
12:36:29,665.13
12:36:29,665.08
12:36:29,663.05
12:36:29,663.03
12:36:29,663.02
12:36:29,663.41
12:36:29,664.05
12:36:29,663.63
12:36:29,663.38
12:36:29,664.43
12:36:29,665.06
12:36:29,665.03
12:36:29,663.02
12:36:29,663.41
12:36:29,662.85
12:36:29,663.71
12:36:29,664.63
12:36:29,662.78
12:36:29,663.67
12:36:29,664.6
12:36:29,664.76
12:36:29,665.26
12:36:29,663.15
12:36:29,664.29
12:36:29,664.58
12:36:29,664.75
12:36:29,665.65
12:36:29,665.79
12:36:29,665.07
12:36:29,664.64
12:36:29,665.19
12:36:29,665.11
12:36:29,666.27
12:36:29,665.76
12:36:29,665.86
12:36:29,665.91
12:36:29,665.95
12:36:29,664.37
12:36:29,663.82
12:36:29,664.69
12:36:29,664.82
12:36:29,663.69
12:36:29,664.21
12:36:29,663.73
12:36:29,663.44
12:36:30,664.46
12:36:30,664.68
12:36:30,664.01
12:36:30,664.8
12:36:30,665.28
12:36:30,665.57
12:36:30,665.74
12:36:30,665.45
12:36:30,664.07
12:36:30,663.24
12:36:30,664.34
12:36:30,665.41
12:36:30,665.64
12:36:30,662.99
12:36:30,663.79
12:36:30,664.28
12:36:30,664.57
12:36:30,664.74
12:36:30,662.44
12:36:30,663.87
12:36:30,664.32
12:36:30,664.99
12:36:30,664.2
12:36:30,663.32
12:36:30,663.19
12:36:30,664.31
12:36:30,664.59
12:36:30,663.95
12:36:30,662.37
12:36:30,663.82
12:36:30,664.69
12:36:30,664.02
12:36:30,664.01
12:36:30,663.21
12:36:30,663.12
12:36:30,662.67
12:36:30,664.0
12:36:30,664.8
12:36:30,662.88
12:36:30,664.13
12:36:30,663.28
12:36:30,664.37
12:36:30,665.02
12:36:30,663.41
12:36:30,663.25
12:36:30,664.35
12:36:30,665.01
12:36:30,664.61
12:36:31,663.96
12:36:31,664.38
12:36:31,665.03
12:36:31,664.62
12:36:31,665.17
12:36:31,662.7
12:36:31,664.42
12:36:31,665.05
12:36:31,664.63
12:36:31,665.18
12:36:31,663.11
12:36:31,663.06
12:36:31,663.44
12:36:31,664.46
12:36:31,664.68
12:36:31,665.61
12:36:31,664.56
12:36:31,665.14
12:36:31,665.48
12:36:31,664.49
12:36:31,663.89
12:36:31,664.34
12:36:31,665.0
12:36:31,664.2
12:36:31,664.52
12:36:31,665.11
12:36:31,664.27
12:36:31,664.56
12:36:31,665.14
12:36:31,665.48
12:36:31,664.49
12:36:31,663.89
12:36:31,664.34
12:36:31,664.6
12:36:31,663.96
12:36:31,664.38
12:36:31,662.63
12:36:31,663.98
12:36:31,664.79
12:36:31,664.87
12:36:31,664.12
12:36:31,663.27
12:36:31,664.36
12:36:31,665.02
12:36:31,665.01
12:36:31,664.21
12:36:31,663.72
12:36:31,663.43
12:36:31,664.06
12:36:32,664.44
12:36:32,664.66
12:36:32,662.4
12:36:32,663.84
12:36:32,664.3
12:36:32,665.38
12:36:32,665.23
12:36:32,662.74
12:36:32,664.04
12:36:32,664.03
12:36:32,664.02
12:36:32,663.21
12:36:32,663.13
12:36:32,663.48
12:36:32,664.89
12:36:32,664.93
12:36:32,665.76
12:36:32,663.46
12:36:32,664.47
12:36:32,665.08
12:36:32,664.25
12:36:32,664.95
12:36:32,663.37
12:36:32,664.42
12:36:32,664.65
12:36:32,665.19
12:36:32,665.12
12:36:32,664.27
12:36:32,664.96
12:36:32,665.78
12:36:32,665.47
12:36:32,665.28
12:36:32,664.37
12:36:32,665.02
12:36:32,664.61
12:36:32,663.97
12:36:32,665.18
12:36:32,664.31
12:36:32,663.39
12:36:32,664.43
12:36:32,665.06
12:36:32,665.44
12:36:32,663.26
12:36:32,664.36
12:36:32,664.61
12:36:32,663.97
12:36:32,664.38
12:36:32,666.23
12:36:33,664.94
12:36:33,664.96
12:36:33,665.38
12:36:33,665.23
12:36:33,665.54
12:36:33,666.12
12:36:33,664.87
12:36:33,665.72
12:36:33,665.83
12:36:33,667.5
12:36:33,666.5
12:36:33,665.9
12:36:33,665.94
12:36:33,664.76
12:36:33,665.66
12:36:33,665.8
12:36:33,665.88
12:36:33,665.93
12:36:33,665.56
12:36:33,665.73
12:36:33,664.64
12:36:33,665.18
12:36:33,665.51
12:36:33,665.31
12:36:33,665.58
12:36:33,665.35
12:36:33,665.61
12:36:33,664.57
12:36:33,665.54
12:36:33,665.72
12:36:33,665.83
12:36:33,665.9
12:36:33,665.94
12:36:33,664.76
12:36:33,665.26
12:36:33,665.56
12:36:33,665.73
12:36:33,664.64
12:36:33,665.18
12:36:33,665.51
12:36:33,665.71
12:36:33,664.62
12:36:33,665.17
12:36:33,665.5
12:36:33,665.3
12:36:33,663.98
12:36:33,664.39
12:36:33,665.43
12:36:34,665.66
12:36:34,665.8
12:36:34,664.28
12:36:34,664.97
12:36:34,665.78
12:36:34,664.27
12:36:34,664.96
12:36:34,662.98
12:36:34,663.79
12:36:34,664.27
12:36:34,664.96
12:36:34,663.78
12:36:34,661.87
12:36:34,663.92
12:36:34,664.75
12:36:34,665.65
12:36:34,665.79
12:36:34,663.47
12:36:34,664.48
12:36:34,664.69
12:36:34,664.01
12:36:34,664.01
12:36:34,663.21
12:36:34,663.12
12:36:34,662.67
12:36:34,664.0
12:36:34,664.8
12:36:34,663.28
12:36:34,664.37
12:36:34,665.02
12:36:34,664.61
12:36:34,664.77
12:36:34,664.06
12:36:34,664.04
12:36:34,663.62
12:36:34,664.57
12:36:34,664.74
12:36:34,664.05
12:36:34,663.23
12:36:34,662.74
12:36:34,664.04
12:36:34,664.43
12:36:34,662.66
12:36:34,663.99
12:36:34,664.8
12:36:34,665.28
12:36:34,665.57
12:36:34,667.34
12:36:35,666.8
12:36:35,666.08
12:36:35,664.85
12:36:35,664.91
12:36:35,665.75
12:36:35,665.85
12:36:35,666.31
12:36:35,665.39
12:36:35,665.23
12:36:35,665.54
12:36:35,665.72
12:36:35,664.63
12:36:35,663.98
12:36:35,663.59
12:36:35,663.35
12:36:35,664.01
12:36:35,664.01
12:36:35,663.6
12:36:35,662.96
12:36:35,663.78
12:36:35,663.47
12:36:35,664.48
12:36:35,665.49
12:36:35,664.09
12:36:35,664.46
12:36:35,662.27
12:36:35,663.76
12:36:35,664.66
12:36:35,665.2
12:36:35,665.12
12:36:35,663.07
12:36:35,663.04
12:36:35,662.63
12:36:35,663.98
12:36:35,663.59
12:36:35,663.35
12:36:35,663.21
12:36:35,663.13
12:36:35,663.88
12:36:35,663.53
12:36:35,663.72
12:36:35,664.63
12:36:35,664.78
12:36:35,664.07
12:36:35,664.44
12:36:35,663.86
12:36:35,664.72
12:36:35,665.23
12:36:35,665.54
12:36:36,666.12
12:36:36,664.87
12:36:36,665.32
12:36:36,664.39
12:36:36,664.64
12:36:36,664.78
12:36:36,662.87
12:36:36,664.52
12:36:36,665.11
12:36:36,665.07
12:36:36,665.44
12:36:36,664.06
12:36:36,664.04
12:36:36,663.22
12:36:36,663.13
12:36:36,663.88
12:36:36,662.33
12:36:36,662.6
12:36:36,663.96
12:36:36,664.37
12:36:36,665.02
12:36:36,664.21
12:36:36,663.33
12:36:36,662.8
12:36:36,664.08
12:36:36,664.85
12:36:36,663.31
12:36:36,663.19
12:36:36,664.31
12:36:36,663.79
12:36:36,664.27
12:36:36,662.56
12:36:36,663.94
12:36:36,665.16
12:36:36,664.3
12:36:36,664.98
12:36:36,663.79
12:36:36,664.67
12:36:36,665.2
12:36:36,665.52
12:36:36,665.71
12:36:36,665.03
12:36:36,664.22
12:36:36,664.53
12:36:36,665.12
12:36:36,665.07
12:36:36,667.04
12:36:36,665.83
12:36:37,665.9
12:36:37,665.94
12:36:37,664.76
12:36:37,665.26
12:36:37,665.55
12:36:37,665.73
12:36:37,665.84
12:36:37,664.7
12:36:37,664.02
12:36:37,663.61
12:36:37,663.37
12:36:37,664.42
12:36:37,665.05
12:36:37,665.03
12:36:37,663.42
12:36:37,664.05
12:36:37,663.63
12:36:37,664.58
12:36:37,663.95
12:36:37,661.97
12:36:37,663.58
12:36:37,664.15
12:36:37,664.89
12:36:37,664.53
12:36:37,663.92
12:36:37,664.75
12:36:37,665.25
12:36:37,665.55
12:36:37,666.13
12:36:37,664.48
12:36:37,665.09
12:36:37,664.25
12:36:37,664.95
12:36:37,664.17
12:36:37,662.1
12:36:37,663.66
12:36:37,664.6
12:36:37,664.76
12:36:37,665.65
12:36:37,664.59
12:36:37,665.16
12:36:37,664.29
12:36:37,664.58
12:36:37,663.95
12:36:37,662.37
12:36:37,663.82
12:36:37,664.69
12:36:37,664.02
12:36:38,663.21
12:36:38,663.13
12:36:38,663.48
12:36:38,664.09
12:36:38,663.65
12:36:38,664.19
12:36:38,662.51
12:36:38,662.71
12:36:38,662.83
12:36:38,664.1
12:36:38,664.46
12:36:38,662.67
12:36:38,664.4
12:36:38,665.44
12:36:38,665.67
12:36:38,666.2
12:36:38,664.92
12:36:38,665.35
12:36:38,665.61
12:36:38,664.57
12:36:38,664.74
12:36:38,664.04
12:36:38,664.03
12:36:38,664.02
12:36:38,664.01
12:36:38,663.61
12:36:38,661.76
12:36:38,663.46
12:36:38,664.47
12:36:38,665.08
12:36:38,665.45
12:36:38,666.87
12:36:38,666.12
12:36:38,664.87
12:36:38,664.92
12:36:38,664.95
12:36:38,666.97
12:36:38,666.18
12:36:38,666.11
12:36:38,665.27
12:36:38,665.56
12:36:38,666.94
12:36:38,666.96
12:36:38,666.18
12:36:38,666.11
12:36:38,665.66
12:36:38,665.8
12:36:38,665.48
12:36:38,665.29
12:36:39,665.57
12:36:39,665.34
12:36:39,666.81
12:36:39,666.08
12:36:39,664.85
12:36:39,665.31
12:36:39,665.19
12:36:39,665.51
12:36:39,664.51
12:36:39,663.9
12:36:39,664.34
12:36:39,665.01
12:36:39,663.8
12:36:39,664.28
12:36:39,665.37
12:36:39,664.42
12:36:39,665.05
12:36:39,665.03
12:36:39,663.82
12:36:39,664.69
12:36:39,664.81
12:36:39,665.29
12:36:39,665.17
12:36:39,665.5
12:36:39,664.9
12:36:39,664.94
12:36:39,664.16
12:36:39,664.9
12:36:39,662.94
12:36:39,663.76
12:36:39,664.66
12:36:39,665.59
12:36:39,664.16
12:36:39,662.89
12:36:39,664.14
12:36:39,664.88
12:36:39,664.13
12:36:39,664.48
12:36:39,662.69
12:36:39,663.61
12:36:39,663.37
12:36:39,664.42
12:36:39,665.05
12:36:39,663.83
12:36:39,664.7
12:36:39,665.22
12:36:39,665.53
12:36:39,665.32
12:36:40,663.59
12:36:40,664.15
12:36:40,663.69
12:36:40,664.22
12:36:40,664.93
12:36:40,662.56
12:36:40,663.93
12:36:40,664.36
12:36:40,665.02
12:36:40,663.81
12:36:40,661.89
12:36:40,663.13
12:36:40,663.08
12:36:40,663.05
12:36:40,663.83
12:36:40,662.3
12:36:40,663.78
12:36:40,664.67
12:36:40,665.2
12:36:40,664.32
12:36:40,663.79
12:36:40,664.68
12:36:40,664.81
12:36:40,664.88
12:36:40,664.53
12:36:40,661.92
12:36:40,663.55
12:36:40,664.53
12:36:40,665.12
12:36:40,665.07
12:36:40,664.64
12:36:40,665.19
12:36:40,665.51
12:36:40,664.51
12:36:40,665.1
12:36:40,663.06
12:36:40,662.64
12:36:40,663.98
12:36:40,664.79
12:36:40,664.07
12:36:40,663.24
12:36:40,664.35
12:36:40,665.01
12:36:40,664.6
12:36:40,663.56
12:36:40,664.94
12:36:40,665.36
12:36:40,665.62
12:36:40,665.77
12:36:41,665.46
12:36:41,665.68
12:36:41,665.81
12:36:41,665.88
12:36:41,665.93
12:36:41,665.56
12:36:41,665.33
12:36:41,665.6
12:36:41,665.36
12:36:41,665.62
12:36:41,665.77
12:36:41,665.86
12:36:41,664.72
12:36:41,665.23
12:36:41,664.34
12:36:41,665.0
12:36:41,665.4
12:36:41,663.24
12:36:41,664.34
12:36:41,664.61
12:36:41,665.16
12:36:41,665.9
12:36:41,663.54
12:36:41,664.52
12:36:41,664.71
12:36:41,665.23
12:36:41,665.54
12:36:41,662.92
12:36:41,664.15
12:36:41,664.89
12:36:41,664.14
12:36:41,664.88
12:36:41,664.13
12:36:41,663.68
12:36:41,665.01
12:36:41,664.6
12:36:41,663.96
12:36:41,662.78
12:36:41,664.47
12:36:41,665.08
12:36:41,664.25
12:36:41,664.95
12:36:41,663.37
12:36:41,664.42
12:36:41,665.05
12:36:41,664.23
12:36:41,664.94
12:36:41,663.36
12:36:42,664.42
12:36:42,665.05
12:36:42,664.63
12:36:42,665.18
12:36:42,663.11
12:36:42,662.66
12:36:42,664.0
12:36:42,663.6
12:36:42,664.16
12:36:42,662.1
12:36:42,662.46
12:36:42,663.87
12:36:42,664.32
12:36:42,664.99
12:36:42,663.4
12:36:42,664.44
12:36:42,665.06
12:36:42,664.64
12:36:42,664.78
12:36:42,665.27
12:36:42,665.56
12:36:42,665.74
12:36:42,665.84
12:36:42,664.31
12:36:42,664.58
12:36:42,664.75
12:36:42,665.25
12:36:42,665.55
12:36:42,666.13
12:36:42,665.68
12:36:42,665.41
12:36:42,664.44
12:36:42,665.07
12:36:42,665.04
12:36:42,665.02
12:36:42,665.81
12:36:42,665.89
12:36:42,665.53
12:36:42,665.72
12:36:42,665.83
12:36:42,665.9
12:36:42,665.54
12:36:42,666.12
12:36:42,666.07
12:36:42,665.64
12:36:42,664.19
12:36:42,664.91
12:36:42,665.35
12:36:43,665.61
12:36:43,665.37
12:36:43,664.82
12:36:43,665.29
12:36:43,665.57
12:36:43,665.75
12:36:43,665.45
12:36:43,662.87
12:36:43,663.72
12:36:43,664.63
12:36:43,665.18
12:36:43,665.91
12:36:43,664.74
12:36:43,665.25
12:36:43,665.55
12:36:43,665.33
12:36:43,665.2
12:36:43,662.72
12:36:43,663.63
12:36:43,664.58
12:36:43,663.95
12:36:43,664.37
12:36:43,663.82
12:36:43,664.69
12:36:43,664.82
12:36:43,664.89
12:36:43,664.53
12:36:43,663.92
12:36:43,664.75
12:36:43,665.25
12:36:43,665.95
12:36:43,666.37
12:36:43,665.02
12:36:43,664.61
12:36:43,663.97
12:36:43,664.38
12:36:43,663.83
12:36:43,662.3
12:36:43,663.78
12:36:43,664.67
12:36:43,664.8
12:36:43,664.08
12:36:43,663.65
12:36:43,664.59
12:36:43,664.75
12:36:43,665.25
12:36:43,665.55
12:36:43,663.33
12:36:43,663.2
12:36:44,664.32
12:36:44,664.99
12:36:44,664.19
12:36:44,662.52
12:36:44,663.51
12:36:44,663.31
12:36:44,663.18
12:36:44,663.51
12:36:44,663.71
12:36:44,663.42
12:36:44,664.45
12:36:44,665.07
12:36:44,665.04
12:36:44,664.23
12:36:44,664.94
12:36:44,664.96
12:36:44,664.98
12:36:44,664.19
12:36:44,662.51
12:36:44,662.71
12:36:44,662.82
12:36:44,664.09
12:36:44,664.86
12:36:44,665.71
12:36:44,664.63
12:36:44,663.98
12:36:44,664.39
12:36:44,665.43
12:36:44,665.66
12:36:44,665.8
12:36:44,665.88
12:36:44,665.93
12:36:44,665.56
12:36:44,665.73
12:36:44,665.84
12:36:44,665.5
12:36:44,665.3
12:36:44,663.98
12:36:44,663.59
12:36:44,663.75
12:36:44,664.65
12:36:44,665.19
12:36:44,665.51
12:36:44,665.71
12:36:44,665.83
12:36:44,665.9
12:36:44,665.94
12:36:44,664.76
12:36:45,665.66
12:36:45,666.19
12:36:45,666.12
12:36:45,664.87
12:36:45,664.52
12:36:45,665.11
12:36:45,665.07
12:36:45,664.24
12:36:45,664.94
12:36:45,664.17
12:36:45,664.9
12:36:45,664.14
12:36:45,663.68
12:36:45,664.61
12:36:45,665.17
12:36:45,665.5
12:36:45,662.9
12:36:45,663.74
12:36:45,664.64
12:36:45,664.79
12:36:45,664.07
12:36:45,663.24
12:36:45,663.95
12:36:45,664.37
12:36:45,665.02
12:36:45,664.21
12:36:45,663.33
12:36:45,663.2
12:36:45,663.92
12:36:45,664.75
12:36:45,664.85
12:36:45,662.51
12:36:45,662.71
12:36:45,662.82
12:36:45,663.69
12:36:45,663.42
12:36:45,662.05
12:36:45,662.43
12:36:45,663.86
12:36:45,664.31
12:36:45,664.59
12:36:45,662.75
12:36:45,664.05
12:36:45,663.23
12:36:45,663.14
12:36:45,664.28
12:36:45,663.77
12:36:45,664.66
12:36:46,665.2
12:36:46,665.52
12:36:46,666.11
12:36:46,663.67
12:36:46,665.0
12:36:46,664.2
12:36:46,664.92
12:36:46,664.95
12:36:46,663.37
12:36:46,664.42
12:36:46,665.05
12:36:46,664.23
12:36:46,664.94
12:36:46,663.36
12:36:46,664.42
12:36:46,665.05
12:36:46,663.83
12:36:46,664.3
12:36:46,664.98
12:36:46,665.39
12:36:46,665.63
12:36:46,665.78
12:36:46,664.67
12:36:46,666.8
12:36:46,666.08
12:36:46,664.85
12:36:46,665.31
12:36:46,665.59
12:36:46,664.55
12:36:46,665.13
12:36:46,664.28
12:36:46,664.97
12:36:46,664.18
12:36:46,664.91
12:36:46,664.94
12:36:46,664.97
12:36:46,664.98
12:36:46,664.19
12:36:46,664.91
12:36:46,665.75
12:36:46,665.85
12:36:46,665.51
12:36:46,665.31
12:36:46,665.58
12:36:46,664.55
12:36:46,665.13
12:36:46,664.28
12:36:46,664.97
12:36:46,664.18
12:36:47,663.71
12:36:47,663.42
12:36:47,664.05
12:36:47,664.43
12:36:47,665.06
12:36:47,663.84
12:36:47,665.1
12:36:47,665.46
12:36:47,664.48
12:36:47,663.49
12:36:47,662.09
12:36:47,662.45
12:36:47,664.27
12:36:47,664.56
12:36:47,665.54
12:36:47,664.52
12:36:47,663.91
12:36:47,664.35
12:36:47,665.01
12:36:47,663.81
12:36:47,662.28
12:36:47,664.17
12:36:47,663.7
12:36:47,664.22
12:36:47,664.93
12:36:47,664.16
12:36:47,664.9
12:36:47,665.34
12:36:47,665.6
12:36:47,664.16
12:36:47,662.1
12:36:47,662.46
12:36:47,663.87
12:36:47,663.53
12:36:47,664.52
12:36:47,662.71
12:36:47,662.83
12:36:47,664.1
12:36:47,663.66
12:36:47,664.59
12:36:47,663.16
12:36:47,663.89
12:36:47,664.74
12:36:47,665.64
12:36:47,665.39
12:36:47,664.43
12:36:47,663.86
12:36:47,665.12
12:36:48,664.27
12:36:48,664.96
12:36:48,664.18
12:36:48,664.51
12:36:48,663.9
12:36:48,664.34
12:36:48,665.01
12:36:48,663.8
12:36:48,664.28
12:36:48,664.97
12:36:48,665.78
12:36:48,665.47
12:36:48,662.88
12:36:48,664.13
12:36:48,663.68
12:36:48,665.01
12:36:48,664.6
12:36:48,663.96
12:36:48,664.78
12:36:48,664.87
12:36:48,664.92
12:36:48,665.75
12:36:48,663.45
12:36:48,664.47
12:36:48,665.08
12:36:48,664.25
12:36:48,664.95
12:36:48,663.37
12:36:48,664.42
12:36:48,665.05
12:36:48,664.23
12:36:48,664.94
12:36:48,666.96
12:36:48,666.18
12:36:48,665.71
12:36:48,664.62
12:36:48,665.17
12:36:48,665.5
12:36:48,665.3
12:36:48,665.58
12:36:48,664.95
12:36:48,664.97
12:36:48,666.18
12:36:48,666.11
12:36:48,664.47
12:36:48,665.08
12:36:48,665.45
12:36:48,665.27
12:36:49,665.56
12:36:49,665.74
12:36:49,666.24
12:36:49,666.55
12:36:49,665.93
12:36:49,665.96
12:36:49,665.57
12:36:49,665.74
12:36:49,665.45
12:36:49,665.27
12:36:49,665.56
12:36:49,665.74
12:36:49,666.24
12:36:49,666.15
12:36:49,666.09
12:36:49,664.85
12:36:49,665.71
12:36:49,664.23
12:36:49,664.54
12:36:49,664.72
12:36:49,665.23
12:36:49,664.34
12:36:49,665.0
12:36:49,665.4
12:36:49,664.44
12:36:49,664.26
12:36:49,664.96
12:36:49,665.78
12:36:49,664.67
12:36:49,664.8
12:36:49,662.88
12:36:49,663.73
12:36:49,664.64
12:36:49,664.78
12:36:49,664.07
12:36:49,663.24
12:36:49,664.34
12:36:49,665.01
12:36:49,664.6
12:36:49,663.96
12:36:49,663.58
12:36:49,664.15
12:36:49,664.49
12:36:49,663.89
12:36:49,663.54
12:36:49,662.12
12:36:49,662.47
12:36:49,664.28
12:36:49,664.97
12:36:50,665.38
12:36:50,663.63
12:36:50,664.58
12:36:50,664.75
12:36:50,665.65
12:36:50,665.79
12:36:50,664.67
12:36:50,665.2
12:36:50,665.12
12:36:50,663.87
12:36:50,664.32
12:36:50,663.79
12:36:50,664.28
12:36:50,664.57
12:36:50,665.14
12:36:50,665.48
12:36:50,663.69
12:36:50,664.21
12:36:50,664.13
12:36:50,663.68
12:36:50,664.21
12:36:50,662.12
12:36:50,662.07
12:36:50,662.84
12:36:50,664.11
12:36:50,663.66
12:36:50,662.2
12:36:50,664.12
12:36:50,663.67
12:36:50,664.6
12:36:50,663.96
12:36:50,663.98
12:36:50,664.39
12:36:50,665.43
12:36:50,665.66
12:36:50,665.4
12:36:50,663.24
12:36:50,664.34
12:36:50,665.01
12:36:50,664.2
12:36:50,664.92
12:36:50,666.95
12:36:50,666.97
12:36:50,666.18
12:36:50,666.11
12:36:50,664.87
12:36:50,666.52
12:36:50,666.31
12:36:50,664.99
12:36:51,664.99
12:36:51,664.6
12:36:51,665.16
12:36:51,664.29
12:36:51,664.98
12:36:51,664.99
12:36:51,664.19
12:36:51,665.32
12:36:51,664.39
12:36:51,665.03
12:36:51,664.62
12:36:51,665.17
12:36:51,665.5
12:36:51,665.3
12:36:51,665.98
12:36:51,665.99
12:36:51,664.79
12:36:51,664.88
12:36:51,664.93
12:36:51,665.36
12:36:51,665.21
12:36:51,665.13
12:36:51,665.08
12:36:51,664.65
12:36:51,665.19
12:36:51,665.51
12:36:51,665.71
12:36:51,665.82
12:36:51,666.29
12:36:51,666.18
12:36:51,666.11
12:36:51,665.66
12:36:51,665.8
12:36:51,664.68
12:36:51,664.81
12:36:51,665.28
12:36:51,664.37
12:36:51,665.02
12:36:51,663.81
12:36:51,664.29
12:36:51,665.37
12:36:51,665.62
12:36:51,666.17
12:36:51,663.7
12:36:51,664.62
12:36:51,663.97
12:36:51,664.38
12:36:52,665.43
12:36:52,664.86
12:36:52,665.32
12:36:52,664.79
12:36:52,664.87
12:36:52,663.72
12:36:52,662.23
12:36:52,662.54
12:36:52,663.92
12:36:52,664.35
12:36:52,665.01
12:36:52,663.41
12:36:52,663.24
12:36:52,664.35
12:36:52,665.01
12:36:52,664.6
12:36:52,662.76
12:36:52,664.06
12:36:52,663.63
12:36:52,663.38
12:36:52,664.83
12:36:52,662.9
12:36:52,663.74
12:36:52,664.64
12:36:52,665.19
12:36:52,665.91
12:36:52,663.55
12:36:52,664.53
12:36:52,665.12
12:36:52,664.27
12:36:52,664.96
12:36:52,663.38
12:36:52,663.63
12:36:52,664.18
12:36:52,664.91
12:36:52,665.34
12:36:52,663.21
12:36:52,663.12
12:36:52,663.07
12:36:52,663.44
12:36:52,664.07
12:36:52,663.64
12:36:52,664.58
12:36:52,665.55
12:36:52,665.73
12:36:52,665.84
12:36:52,663.9
12:36:52,664.34
12:36:52,665.01
12:36:53,664.2
12:36:53,665.32
12:36:53,665.59
12:36:53,665.36
12:36:53,665.61
12:36:53,664.57
12:36:53,664.74
12:36:53,666.44
12:36:53,666.67
12:36:53,666.4
12:36:53,665.84
12:36:53,664.7
12:36:53,664.02
12:36:53,664.01
12:36:53,663.61
12:36:53,663.36
12:36:53,664.82
12:36:53,665.69
12:36:53,665.41
12:36:53,665.65
12:36:53,665.79
12:36:53,664.67
12:36:53,664.8
12:36:53,665.28
12:36:53,665.57
12:36:53,665.74
12:36:53,665.45
12:36:53,665.27
12:36:53,665.16
12:36:53,664.7
12:36:53,665.22
12:36:53,665.53
12:36:53,665.72
12:36:53,665.83
12:36:53,665.9
12:36:53,665.54
12:36:53,665.32
12:36:53,665.59
12:36:53,664.56
12:36:53,665.13
12:36:53,664.28
12:36:53,664.57
12:36:53,665.14
12:36:53,664.68
12:36:53,665.61
12:36:53,664.57
12:36:53,665.14
12:36:53,665.48
12:36:54,664.49
12:36:54,664.69
12:36:54,665.62
12:36:54,665.77
12:36:54,665.86
12:36:54,663.12
12:36:54,663.07
12:36:54,663.44
12:36:54,663.67
12:36:54,665.0
12:36:54,663.8
12:36:54,664.28
12:36:54,664.97
12:36:54,664.18
12:36:54,664.91
12:36:54,664.55
12:36:54,665.13
12:36:54,664.28
12:36:54,664.57
12:36:54,665.14
12:36:54,663.48
12:36:54,664.89
12:36:54,664.93
12:36:54,665.36
12:36:54,665.62
12:36:54,664.57
12:36:54,665.14
12:36:54,664.29
12:36:54,664.57
12:36:54,664.74
12:36:54,662.45
12:36:54,664.27
12:36:54,664.96
12:36:54,663.78
12:36:54,663.47
12:36:54,663.28
12:36:54,664.37
12:36:54,665.02
12:36:54,664.61
12:36:54,664.77
12:36:54,664.06
12:36:54,664.04
12:36:54,663.22
12:36:54,663.13
12:36:54,663.88
12:36:54,662.73
12:36:54,664.04
12:36:54,663.62
12:36:54,664.57
12:36:55,664.74
12:36:55,664.45
12:36:55,665.07
12:36:55,664.24
12:36:55,664.94
12:36:55,663.77
12:36:55,663.46
12:36:55,664.88
12:36:55,664.93
12:36:55,665.36
12:36:55,665.61
12:36:55,662.97
12:36:55,663.78
12:36:55,664.27
12:36:55,664.56
12:36:55,664.74
12:36:55,663.64
12:36:55,664.19
12:36:55,665.31
12:36:55,664.79
12:36:55,664.07
12:36:55,665.24
12:36:55,665.55
12:36:55,665.73
12:36:55,664.64
12:36:55,664.78
12:36:55,666.07
12:36:55,664.44
12:36:55,665.06
12:36:55,663.84
12:36:55,663.5
12:36:55,663.3
12:36:55,664.38
12:36:55,664.63
12:36:55,665.18
12:36:55,665.91
12:36:55,665.94
12:36:55,665.57
12:36:55,665.74
12:36:55,665.84
12:36:55,664.71
12:36:55,665.22
12:36:55,665.53
12:36:55,665.72
12:36:55,665.83
12:36:55,665.5
12:36:55,664.5
12:36:55,662.3
12:36:56,663.78
12:36:56,664.27
12:36:56,664.96
12:36:56,664.98
12:36:56,664.19
12:36:56,664.91
12:36:56,665.35
12:36:56,665.61
12:36:56,665.76
12:36:56,663.06
12:36:56,663.44
12:36:56,664.46
12:36:56,665.48
12:36:56,664.49
12:36:56,662.29
12:36:56,663.78
12:36:56,664.27
12:36:56,665.36
12:36:56,665.62
12:36:56,664.97
12:36:56,664.98
12:36:56,664.99
12:36:56,664.59
12:36:56,663.96
12:36:56,662.77
12:36:56,664.06
12:36:56,663.64
12:36:56,664.58
12:36:56,663.95
12:36:56,662.37
12:36:56,663.82
12:36:56,664.69
12:36:56,664.82
12:36:56,664.89
12:36:56,663.73
12:36:56,664.24
12:36:56,664.54
12:36:56,665.13
12:36:56,665.08
12:36:56,662.65
12:36:56,663.99
12:36:56,664.39
12:36:56,665.44
12:36:56,665.66
12:36:56,663.4
12:36:56,664.44
12:36:56,664.66
12:36:56,665.2
12:36:57,665.12
12:36:57,664.27
12:36:57,664.96
12:36:57,664.98
12:36:57,664.99
12:36:57,664.19
12:36:57,664.92
12:36:57,665.75
12:36:57,665.85
12:36:57,665.51
12:36:57,665.71
12:36:57,667.42
12:36:57,666.85
12:36:57,666.11
12:36:57,664.47
12:36:57,664.68
12:36:57,665.21
12:36:57,664.33
12:36:57,663.8
12:36:57,663.48
12:36:57,663.29
12:36:57,663.97
12:36:57,664.78
12:36:57,664.87
12:36:57,664.92
12:36:57,664.95
12:36:57,664.17
12:36:57,663.7
12:36:57,665.02
12:36:57,664.61
12:36:57,664.77
12:36:57,665.26
12:36:57,665.56
12:36:57,665.73
12:36:57,665.84
12:36:57,664.7
12:36:57,664.02
12:36:57,662.81
12:36:57,664.09
12:36:57,663.25
12:36:57,664.35
12:36:57,665.01
12:36:57,663.41
12:36:57,663.24
12:36:57,664.35
12:36:57,665.41
12:36:57,665.24
12:36:57,664.35
12:36:58,663.81
12:36:58,663.48
12:36:58,663.29
12:36:58,664.77
12:36:58,664.06
12:36:58,664.04
12:36:58,663.62
12:36:58,664.57
12:36:58,665.54
12:36:58,663.33
12:36:58,663.2
12:36:58,663.12
12:36:58,664.27
12:36:58,664.96
12:36:58,663.38
12:36:58,664.43
12:36:58,665.06
12:36:58,664.23
12:36:58,664.94
12:36:58,662.96
12:36:58,663.78
12:36:58,664.27
12:36:58,664.96
12:36:58,664.18
12:36:58,662.11
12:36:58,662.06
12:36:58,662.04
12:36:58,662.82
12:36:58,664.49
12:36:58,663.1
12:36:58,663.06
12:36:58,663.43
12:36:58,664.46
12:36:58,664.68
12:36:58,663.21
12:36:58,663.12
12:36:58,662.67
12:36:58,664.4
12:36:58,663.84
12:36:58,666.31
12:36:58,664.58
12:36:58,664.75
12:36:58,665.25
12:36:58,665.55
12:36:58,665.73
12:36:58,665.84
12:36:58,666.3
12:36:58,666.18
12:36:58,666.11
12:36:59,667.27
12:36:59,665.56
12:36:59,665.74
12:36:59,665.84
12:36:59,664.7
12:36:59,664.82
12:36:59,665.29
12:36:59,665.58
12:36:59,665.35
12:36:59,665.61
12:36:59,665.76
12:36:59,665.86
12:36:59,665.92
12:36:59,665.95
12:36:59,665.57
12:36:59,665.74
12:36:59,665.85
12:36:59,665.51
12:36:59,664.5
12:36:59,663.9
12:36:59,663.54
12:36:59,664.53
12:36:59,664.72
12:36:59,665.23
12:36:59,665.54
12:36:59,665.32
12:36:59,664.39
12:36:59,665.04
12:36:59,664.22
12:36:59,664.93
12:36:59,665.76
12:36:59,664.66
12:36:59,665.59
12:36:59,665.36
12:36:59,665.61
12:36:59,665.77
12:36:59,664.66
12:36:59,665.2
12:36:59,665.52
12:36:59,665.71
12:36:59,665.83
12:36:59,664.7
12:36:59,664.82
12:36:59,665.69
12:36:59,665.41
12:36:59,665.65
12:36:59,662.99
12:36:59,663.79
12:37:00,664.28
12:37:00,664.97
12:37:00,664.18
12:37:00,664.11
12:37:00,664.06
12:37:00,664.04
12:37:00,664.42
12:37:00,665.05
12:37:00,663.83
12:37:00,664.7
12:37:00,665.62
12:37:00,665.77
12:37:00,665.46
12:37:00,664.48
12:37:00,665.09
12:37:00,664.25
12:37:00,664.95
12:37:00,664.97
12:37:00,664.18
12:37:00,664.91
12:37:00,664.55
12:37:00,665.13
12:37:00,665.08
12:37:00,663.45
12:37:00,664.47
12:37:00,665.08
12:37:00,663.85
12:37:00,664.31
12:37:00,663.79
12:37:00,664.67
12:37:00,665.2
12:37:00,665.12
12:37:00,665.07
12:37:00,664.64
12:37:00,665.19
12:37:00,665.51
12:37:00,664.51
12:37:00,665.1
12:37:00,663.06
12:37:00,663.04
12:37:00,663.42
12:37:00,664.45
12:37:00,665.07
12:37:00,664.24
12:37:00,664.95
12:37:00,664.97
12:37:00,665.38
12:37:00,665.23
12:37:00,664.74
12:37:01,665.24
12:37:01,665.55
12:37:01,665.33
12:37:01,665.2
12:37:01,663.12
12:37:01,663.07
12:37:01,663.44
12:37:01,664.47
12:37:01,664.68
12:37:01,663.21
12:37:01,663.52
12:37:01,664.51
12:37:01,663.91
12:37:01,664.75
12:37:01,666.45
12:37:01,666.27
12:37:01,665.76
12:37:01,665.86
12:37:01,664.71
12:37:01,666.83
12:37:01,666.5
12:37:01,666.3
12:37:01,666.58
12:37:01,665.15
12:37:01,667.09
12:37:01,665.45
12:37:01,665.67
12:37:01,665.8
12:37:01,664.68
12:37:01,664.01
12:37:01,663.61
12:37:01,663.36
12:37:01,664.42
12:37:01,665.45
12:37:01,665.67
12:37:01,665.8
12:37:01,665.48
12:37:01,665.29
12:37:01,664.37
12:37:01,665.02
12:37:01,663.81
12:37:01,664.69
12:37:01,664.81
12:37:01,665.29
12:37:01,665.17
12:37:01,664.3
12:37:01,664.98
12:37:01,665.39
12:37:02,665.23
12:37:02,665.54
12:37:02,662.92
12:37:02,664.15
12:37:02,664.89
12:37:02,664.14
12:37:02,664.88
12:37:02,664.13
12:37:02,663.68
12:37:02,664.61
12:37:02,665.16
12:37:02,665.5
12:37:02,662.9
12:37:02,663.74
12:37:02,664.64
12:37:02,664.79
12:37:02,664.47
12:37:02,663.88
12:37:02,664.33
12:37:02,663.8
12:37:02,663.48
12:37:02,663.29
12:37:02,663.57
12:37:02,664.54
12:37:02,665.53
12:37:02,665.72
12:37:02,665.83
12:37:02,664.7
12:37:02,665.22
12:37:02,665.13
12:37:02,665.08
12:37:02,665.45
12:37:02,663.27
12:37:02,664.36
12:37:02,665.02
12:37:02,664.61
12:37:02,664.77
12:37:02,664.06
12:37:02,664.04
12:37:02,663.22
12:37:02,663.13
12:37:02,663.88
12:37:02,662.73
12:37:02,664.04
12:37:02,663.62
12:37:02,664.57
12:37:02,664.74
12:37:02,664.05
12:37:02,664.03
12:37:03,664.02
12:37:03,664.01
12:37:03,664.01
12:37:03,665.6
12:37:03,665.36
12:37:03,665.62
12:37:03,665.77
12:37:03,665.46
12:37:03,666.88
12:37:03,666.13
12:37:03,664.88
12:37:03,664.93
12:37:03,664.56
12:37:03,665.53
12:37:03,665.32
12:37:03,664.39
12:37:03,665.04
12:37:03,665.42
12:37:03,665.65
12:37:03,665.79
12:37:03,665.47
12:37:03,665.69
12:37:03,664.21
12:37:03,664.53
12:37:03,665.12
12:37:03,664.27
12:37:03,663.76
12:37:03,664.66
12:37:03,664.79
12:37:03,664.88
12:37:03,664.93
12:37:03,665.36
12:37:03,665.61
12:37:03,665.37
12:37:03,665.22
12:37:03,664.33
12:37:03,663.8
12:37:03,663.48
12:37:03,662.89
12:37:03,662.93
12:37:03,664.16
12:37:03,663.7
12:37:03,664.62
12:37:03,665.17
12:37:03,663.5
12:37:03,664.1
12:37:03,664.86
12:37:04,663.72
12:37:04,664.63
12:37:04,663.98
12:37:04,664.39
12:37:04,665.03
12:37:04,664.22
12:37:04,664.93
12:37:04,662.56
12:37:04,663.94
12:37:04,665.16
12:37:04,665.5
12:37:04,665.7
12:37:04,663.42
12:37:04,664.45
12:37:04,665.47
12:37:04,665.28
12:37:04,665.17
12:37:04,664.3
12:37:04,664.98
12:37:04,665.39
12:37:04,665.23
12:37:04,665.54
12:37:04,664.92
12:37:04,665.35
12:37:04,665.61
12:37:04,665.77
12:37:04,665.46
12:37:04,662.88
12:37:04,663.73
12:37:04,664.64
12:37:04,664.78
12:37:04,664.07
12:37:04,662.84
12:37:04,663.7
12:37:04,664.22
12:37:04,664.93
12:37:04,664.96
12:37:04,663.38
12:37:04,664.83
12:37:04,665.3
12:37:04,665.58
12:37:04,664.55
12:37:04,663.53
12:37:04,664.12
12:37:04,663.67
12:37:04,664.6
12:37:04,663.96
12:37:04,663.58
12:37:04,664.95
12:37:05,665.77
12:37:05,666.26
12:37:05,666.16
12:37:05,663.69
12:37:05,665.02
12:37:05,664.61
12:37:05,663.97
12:37:05,663.58
12:37:05,662.55
12:37:05,663.93
12:37:05,664.76
12:37:05,665.25
12:37:05,665.55
12:37:05,664.53
12:37:05,665.12
12:37:05,663.87
12:37:05,664.32
12:37:05,664.59
12:37:05,663.16
12:37:05,663.89
12:37:05,664.34
12:37:05,665.0
12:37:05,665.0
12:37:05,664.6
12:37:05,664.76
12:37:05,665.66
12:37:05,666.19
12:37:05,666.12
12:37:05,665.27
12:37:05,665.56
12:37:05,665.74
12:37:05,666.24
12:37:05,665.75
12:37:05,663.45
12:37:05,664.47
12:37:05,665.08
12:37:05,664.25
12:37:05,664.95
12:37:05,663.37
12:37:05,664.42
12:37:05,664.65
12:37:05,665.59
12:37:05,665.36
12:37:05,667.21
12:37:05,665.53
12:37:05,664.52
12:37:05,663.91
12:37:05,664.75
12:37:06,666.45
12:37:06,666.27
12:37:06,666.16
12:37:06,664.9
12:37:06,664.94
12:37:06,666.16
12:37:06,664.9
12:37:06,664.94
12:37:06,664.96
12:37:06,664.18
12:37:06,664.91
12:37:06,665.34
12:37:06,665.61
12:37:06,664.96
12:37:06,664.58
12:37:06,663.95
12:37:06,664.77
12:37:06,665.66
12:37:06,665.8
12:37:06,664.68
12:37:06,664.01
12:37:06,664.8
12:37:06,664.88
12:37:06,664.93
12:37:06,664.56
12:37:06,664.73
12:37:06,665.24
12:37:06,665.54
12:37:06,666.13
12:37:06,665.68
12:37:06,664.61
12:37:06,664.36
12:37:06,665.02
12:37:06,664.61
12:37:06,664.77
12:37:06,665.66
12:37:06,663.0
12:37:06,663.4
12:37:06,664.84
12:37:06,664.9
12:37:06,664.14
12:37:06,662.49
12:37:06,663.49
12:37:06,664.09
12:37:06,664.86
12:37:06,664.11
12:37:06,663.27
12:37:06,663.16
12:37:06,663.1
12:37:07,663.86
12:37:07,663.51
12:37:07,663.31
12:37:07,663.19
12:37:07,663.91
12:37:07,664.75
12:37:07,664.85
12:37:07,662.91
12:37:07,664.15
12:37:07,664.89
12:37:07,664.93
12:37:07,665.76
12:37:07,664.66
12:37:07,665.59
12:37:07,665.36
12:37:07,666.01
12:37:07,665.21
12:37:07,664.32
12:37:07,663.8
12:37:07,663.48
12:37:07,663.29
12:37:07,663.97
12:37:07,663.58
12:37:07,664.55
12:37:07,665.13
12:37:07,665.08
12:37:07,665.45
12:37:07,664.47
12:37:07,665.08
12:37:07,664.25
12:37:07,664.95
12:37:07,664.17
12:37:07,662.1
12:37:07,663.66
12:37:07,665.0
12:37:07,664.6
12:37:07,664.76
12:37:07,664.06
12:37:07,663.63
12:37:07,663.38
12:37:07,664.43
12:37:07,665.06
12:37:07,664.63
12:37:07,664.78
12:37:07,665.67
12:37:07,665.8
12:37:07,664.68
12:37:07,664.01
12:37:08,663.61
12:37:08,663.36
12:37:08,664.02
12:37:08,663.61
12:37:08,666.17
12:37:08,666.1
12:37:08,665.66
12:37:08,665.8
12:37:08,665.48
12:37:08,666.49
12:37:08,666.69
12:37:08,666.82
12:37:08,666.49
12:37:08,665.09
12:37:08,665.46
12:37:08,665.67
12:37:08,665.8
12:37:08,665.48
12:37:08,664.09
12:37:08,664.45
12:37:08,665.47
12:37:08,665.68
12:37:08,665.41
12:37:08,665.65
12:37:08,665.39
12:37:08,665.23
12:37:08,664.34
12:37:08,665.0
12:37:08,665.4
12:37:08,664.44
12:37:08,662.26
12:37:08,663.36
12:37:08,664.42
12:37:08,665.05
12:37:08,665.43
12:37:08,664.46
12:37:08,665.47
12:37:08,665.68
12:37:08,664.61
12:37:08,664.77
12:37:08,662.06
12:37:08,662.84
12:37:08,664.1
12:37:08,664.86
12:37:08,663.72
12:37:08,661.83
12:37:08,663.9
12:37:08,664.34
12:37:09,665.4
12:37:09,664.44
12:37:09,663.87
12:37:09,665.12
12:37:09,664.27
12:37:09,664.96
12:37:09,664.18
12:37:09,662.51
12:37:09,663.9
12:37:09,664.34
12:37:09,665.01
12:37:09,664.6
12:37:09,663.96
12:37:09,664.38
12:37:09,665.43
12:37:09,664.46
12:37:09,665.47
12:37:09,663.28
12:37:09,664.37
12:37:09,665.02
12:37:09,664.61
12:37:09,664.77
12:37:09,664.06
12:37:09,664.04
12:37:09,663.62
12:37:09,663.37
12:37:09,664.42
12:37:09,662.65
12:37:09,663.99
12:37:09,664.8
12:37:09,665.28
12:37:09,665.17
12:37:09,662.7
12:37:09,664.42
12:37:09,663.85
12:37:09,664.31
12:37:09,664.59
12:37:09,663.15
12:37:09,663.09
12:37:09,663.05
12:37:09,662.63
12:37:09,663.98
12:37:09,663.59
12:37:09,664.15
12:37:09,663.69
12:37:09,664.21
12:37:09,664.93
12:37:09,664.96
12:37:09,664.97
12:37:10,665.38
12:37:10,666.03
12:37:10,665.22
12:37:10,665.53
12:37:10,665.72
12:37:10,665.83
12:37:10,665.9
12:37:10,664.74
12:37:10,665.24
12:37:10,663.95
12:37:10,665.17
12:37:10,664.3
12:37:10,664.58
12:37:10,664.75
12:37:10,665.25
12:37:10,665.55
12:37:10,665.73
12:37:10,665.84
12:37:10,664.7
12:37:10,662.42
12:37:10,663.85
12:37:10,664.31
12:37:10,664.59
12:37:10,663.55
12:37:10,663.33
12:37:10,663.2
12:37:10,664.32
12:37:10,664.99
12:37:10,664.59
12:37:10,662.76
12:37:10,664.05
12:37:10,663.23
12:37:10,664.34
12:37:10,665.0
12:37:10,663.4
12:37:10,664.84
12:37:10,664.9
12:37:10,665.34
12:37:10,665.61
12:37:10,662.96
12:37:10,663.78
12:37:10,664.27
12:37:10,664.96
12:37:10,664.18
12:37:10,662.51
12:37:10,662.7
12:37:10,663.62
12:37:10,664.57
12:37:11,664.74
12:37:11,664.05
12:37:11,663.23
12:37:11,663.14
12:37:11,663.08
12:37:11,663.85
12:37:11,662.71
12:37:11,662.43
12:37:11,663.86
12:37:11,664.31
12:37:11,664.99
12:37:11,663.79
12:37:11,664.28
12:37:11,664.97
12:37:11,664.98
12:37:11,664.59
12:37:11,663.15
12:37:11,663.09
12:37:11,663.05
12:37:11,663.43
12:37:11,664.46
12:37:11,666.68
12:37:11,666.01
12:37:11,665.2
12:37:11,665.92
12:37:11,665.55
12:37:11,665.73
12:37:11,665.84
12:37:11,666.3
12:37:11,666.58
12:37:11,665.55
12:37:11,665.73
12:37:11,665.84
12:37:11,665.5
12:37:11,665.3
12:37:11,665.18
12:37:11,665.51
12:37:11,664.51
12:37:11,663.9
12:37:11,664.74
12:37:11,665.65
12:37:11,666.19
12:37:11,666.11
12:37:11,664.47
12:37:11,665.08
12:37:11,665.45
12:37:11,665.27
12:37:11,665.56
12:37:12,665.74
12:37:12,665.84
12:37:12,664.71
12:37:12,664.82
12:37:12,664.09
12:37:12,663.66
12:37:12,664.59
12:37:12,663.96
12:37:12,664.37
12:37:12,663.82
12:37:12,664.69
12:37:12,664.82
12:37:12,664.89
12:37:12,664.53
12:37:12,663.92
12:37:12,664.75
12:37:12,665.25
12:37:12,665.15
12:37:12,665.49
12:37:12,663.29
12:37:12,664.78
12:37:12,665.67
12:37:12,665.4
12:37:12,665.24
12:37:12,662.74
12:37:12,664.05
12:37:12,663.23
12:37:12,663.94
12:37:12,663.56
12:37:12,662.14
12:37:12,662.48
12:37:12,663.49
12:37:12,664.09
12:37:12,664.46
12:37:12,663.87
12:37:12,665.12
12:37:12,664.27
12:37:12,664.96
12:37:12,663.78
12:37:12,662.67
12:37:12,664.0
12:37:12,663.6
12:37:12,664.16
12:37:12,664.5
12:37:12,662.3
12:37:12,663.78
12:37:12,664.27
12:37:12,664.96
12:37:12,664.18
12:37:13,662.11
12:37:13,662.06
12:37:13,662.84
12:37:13,664.5
12:37:13,664.7
12:37:13,666.02
12:37:13,665.21
12:37:13,663.93
12:37:13,664.76
12:37:13,665.65
12:37:13,666.19
12:37:13,666.12
12:37:13,664.87
12:37:13,665.72
12:37:13,665.83
12:37:13,666.3
12:37:13,666.18
12:37:13,666.11
12:37:13,664.46
12:37:13,664.68
12:37:13,664.81
12:37:13,665.28
12:37:13,665.57
12:37:13,665.74
12:37:13,665.45
12:37:13,665.27
12:37:13,665.56
12:37:13,666.14
12:37:13,664.88
12:37:13,664.13
12:37:13,664.48
12:37:13,664.69
12:37:13,664.81
12:37:13,665.29
12:37:13,665.17
12:37:13,665.5
12:37:13,664.1
12:37:13,664.86
12:37:13,664.92
12:37:13,664.95
12:37:13,663.77
12:37:13,663.86
12:37:13,665.12
12:37:13,664.27
12:37:13,664.96
12:37:13,664.98
12:37:13,662.99
12:37:13,663.79
12:37:13,664.28
12:37:14,664.57
12:37:14,664.74
12:37:14,664.44
12:37:14,665.07
12:37:14,663.84
12:37:14,664.3
12:37:14,665.38
12:37:14,662.83
12:37:14,664.1
12:37:14,664.86
12:37:14,664.92
12:37:14,665.35
12:37:14,664.41
12:37:14,663.85
12:37:14,664.71
12:37:14,664.82
12:37:14,665.29
12:37:14,663.18
12:37:14,664.31
12:37:14,663.78
12:37:14,663.07
12:37:14,663.04
12:37:14,663.03
12:37:14,663.42
12:37:14,664.05
12:37:14,664.03
12:37:14,663.22
12:37:14,661.53
12:37:14,662.92
12:37:14,664.15
12:37:14,663.69
12:37:14,664.21
12:37:14,664.13
12:37:14,663.68
12:37:14,663.81
12:37:14,664.28
12:37:14,664.57
12:37:14,663.94
12:37:14,664.77
12:37:14,665.26
12:37:14,665.56
12:37:14,665.33
12:37:14,664.8
12:37:14,664.88
12:37:14,664.93
12:37:14,665.76
12:37:14,665.45
12:37:15,664.47
12:37:15,665.08
12:37:15,664.25
12:37:15,664.95
12:37:15,664.17
12:37:15,664.1
12:37:15,664.86
12:37:15,664.92
12:37:15,665.35
12:37:15,665.61
12:37:15,664.17
12:37:15,663.7
12:37:15,664.62
12:37:15,665.17
12:37:15,665.1
12:37:15,664.26
12:37:15,663.76
12:37:15,664.65
12:37:15,665.19
12:37:15,665.52
12:37:15,663.31
12:37:15,662.79
12:37:15,664.07
12:37:15,664.04
12:37:15,663.63
12:37:15,664.98
12:37:15,664.99
12:37:15,664.99
12:37:15,664.99
12:37:15,664.2
12:37:15,664.92
12:37:15,665.35
12:37:15,665.61
12:37:15,664.57
12:37:15,664.74
12:37:15,665.64
12:37:15,665.79
12:37:15,666.27
12:37:15,666.16
12:37:15,666.1
12:37:15,666.06
12:37:15,665.24
12:37:15,665.54
12:37:15,666.12
12:37:15,664.87
12:37:15,664.13
12:37:15,663.28
12:37:15,664.36
12:37:15,665.02
12:37:16,663.81
12:37:16,664.69
12:37:16,664.01
12:37:16,664.41
12:37:16,664.24
12:37:16,664.95
12:37:16,664.97
12:37:16,662.58
12:37:16,663.55
12:37:16,664.53
12:37:16,665.12
12:37:16,665.47
12:37:16,662.88
12:37:16,663.73
12:37:16,664.64
12:37:16,664.78
12:37:16,664.07
12:37:16,663.24
12:37:16,664.35
12:37:16,665.01
12:37:16,664.6
12:37:16,664.76
12:37:16,662.46
12:37:16,663.87
12:37:16,664.32
12:37:16,664.99
12:37:16,664.6
12:37:16,662.76
12:37:16,664.05
12:37:16,663.63
12:37:16,663.38
12:37:16,664.03
12:37:16,663.22
12:37:16,663.93
12:37:16,665.16
12:37:16,664.29
12:37:16,664.98
12:37:16,663.79
12:37:16,664.67
12:37:16,665.2
12:37:16,665.52
12:37:16,665.71
12:37:16,665.03
12:37:16,664.62
12:37:16,665.17
12:37:16,664.3
12:37:16,665.38
12:37:16,664.03
12:37:17,664.02
12:37:17,664.01
12:37:17,663.61
12:37:17,664.56
12:37:17,662.74
12:37:17,664.04
12:37:17,663.63
12:37:17,663.38
12:37:17,664.03
12:37:17,665.22
12:37:17,664.33
12:37:17,663.8
12:37:17,664.28
12:37:17,664.57
12:37:17,665.54
12:37:17,665.72
12:37:17,665.83
12:37:17,665.9
12:37:17,664.74
12:37:17,664.84
12:37:17,664.91
12:37:17,665.34
12:37:17,665.61
12:37:17,665.76
12:37:17,665.86
12:37:17,666.32
12:37:17,664.99
12:37:17,664.99
12:37:17,664.6
12:37:17,665.16
12:37:17,664.29
12:37:17,664.98
12:37:17,664.99
12:37:17,664.19
12:37:17,664.92
12:37:17,665.35
12:37:17,665.61
12:37:17,664.57
12:37:17,665.14
12:37:17,665.48
12:37:17,665.69
12:37:17,665.41
12:37:17,665.25
12:37:17,665.55
12:37:17,666.13
12:37:17,665.68
12:37:17,665.41
12:37:17,665.24
12:37:18,665.55
12:37:18,665.33
12:37:18,664.8
12:37:18,665.28
12:37:18,665.57
12:37:18,665.34
12:37:18,666.0
12:37:18,664.4
12:37:18,665.44
12:37:18,666.06
12:37:18,665.64
12:37:18,665.38
12:37:18,664.83
12:37:18,665.3
12:37:18,665.58
12:37:18,664.55
12:37:18,665.13
12:37:18,663.48
12:37:18,663.69
12:37:18,663.81
12:37:18,664.69
12:37:18,664.01
12:37:18,662.81
12:37:18,664.08
12:37:18,663.65
12:37:18,664.59
12:37:18,663.95
12:37:18,663.57
12:37:18,664.14
12:37:18,664.89
12:37:18,664.13
12:37:18,664.48
12:37:18,663.09
12:37:18,663.05
12:37:18,663.43
12:37:18,664.46
12:37:18,664.68
12:37:18,664.01
12:37:18,663.6
12:37:18,664.56
12:37:18,665.54
12:37:18,666.12
12:37:18,664.87
12:37:18,664.92
12:37:18,665.35
12:37:18,665.21
12:37:18,665.53
12:37:18,663.32
12:37:18,663.19
12:37:19,663.91
12:37:19,664.75
12:37:19,664.85
12:37:19,663.31
12:37:19,663.19
12:37:19,664.31
12:37:19,663.39
12:37:19,664.03
12:37:19,663.22
12:37:19,663.13
12:37:19,662.68
12:37:19,663.61
12:37:19,664.56
12:37:19,664.34
12:37:19,665.0
12:37:19,664.2
12:37:19,664.92
12:37:19,665.35
12:37:19,664.41
12:37:19,663.85
12:37:19,664.71
12:37:19,664.03
12:37:19,664.02
12:37:19,666.01
12:37:19,664.81
12:37:19,664.88
12:37:19,664.93
12:37:19,664.96
12:37:19,666.17
12:37:19,664.9
12:37:19,664.94
12:37:19,665.77
12:37:19,665.86
12:37:19,664.32
12:37:19,663.79
12:37:19,664.67
12:37:19,665.2
12:37:19,664.72
12:37:19,665.23
12:37:19,665.54
12:37:19,665.72
12:37:19,665.83
12:37:19,665.9
12:37:19,664.74
12:37:19,665.24
12:37:19,665.55
12:37:19,665.73
12:37:19,665.84
12:37:20,664.7
12:37:20,665.62
12:37:20,665.77
12:37:20,665.86
12:37:20,664.32
12:37:20,664.99
12:37:20,664.19
12:37:20,664.92
12:37:20,665.35
12:37:20,665.61
12:37:20,665.37
12:37:20,664.42
12:37:20,665.05
12:37:20,664.23
12:37:20,664.94
12:37:20,664.16
12:37:20,662.5
12:37:20,664.3
12:37:20,664.58
12:37:20,663.95
12:37:20,663.17
12:37:20,662.3
12:37:20,664.18
12:37:20,664.91
12:37:20,665.35
12:37:20,665.61
12:37:20,664.56
12:37:20,665.54
12:37:20,665.72
12:37:20,665.83
12:37:20,665.5
12:37:20,663.3
12:37:20,664.78
12:37:20,665.27
12:37:20,665.56
12:37:20,665.34
12:37:20,664.8
12:37:20,664.88
12:37:20,664.93
12:37:20,664.96
12:37:20,664.97
12:37:20,662.58
12:37:20,664.35
12:37:20,665.01
12:37:20,664.61
12:37:20,664.76
12:37:20,664.06
12:37:20,664.04
12:37:20,663.22
12:37:21,663.13
12:37:21,663.88
12:37:21,662.73
12:37:21,664.04
12:37:21,663.22
12:37:21,663.13
12:37:21,663.88
12:37:21,662.73
12:37:21,663.64
12:37:21,664.58
12:37:21,665.15
12:37:21,665.49
12:37:21,663.29
12:37:21,664.38
12:37:21,665.03
12:37:21,664.62
12:37:21,665.17
12:37:21,662.7
12:37:21,663.62
12:37:21,664.57
12:37:21,665.14
12:37:21,665.49
12:37:21,666.49
12:37:21,666.7
12:37:21,664.82
12:37:21,665.29
12:37:21,665.17
12:37:21,665.5
12:37:21,664.9
12:37:21,665.74
12:37:21,665.85
12:37:21,664.71
12:37:21,664.82
12:37:21,665.29
12:37:21,665.58
12:37:21,666.15
12:37:21,666.09
12:37:21,666.05
12:37:21,664.83
12:37:21,665.3
12:37:21,665.58
12:37:21,664.55
12:37:21,665.53
12:37:21,665.72
12:37:21,665.83
12:37:21,665.9
12:37:21,665.14
12:37:21,665.48
12:37:22,664.49
12:37:22,665.09
12:37:22,664.26
12:37:22,664.95
12:37:22,664.17
12:37:22,662.5
12:37:22,663.5
12:37:22,664.1
12:37:22,664.46
12:37:22,665.48
12:37:22,662.89
12:37:22,663.73
12:37:22,664.64
12:37:22,665.18
12:37:22,665.91
12:37:22,665.15
12:37:22,664.29
12:37:22,665.37
12:37:22,665.62
12:37:22,665.77
12:37:22,664.66
12:37:22,665.2
12:37:22,665.92
12:37:22,665.95
12:37:22,664.77
12:37:22,662.46
12:37:22,663.88
12:37:22,664.73
12:37:22,665.24
12:37:22,665.14
12:37:22,663.08
12:37:22,663.05
12:37:22,663.43
12:37:22,664.46
12:37:22,664.68
12:37:22,662.81
12:37:22,664.08
12:37:22,663.65
12:37:22,664.59
12:37:22,663.95
12:37:22,662.77
12:37:22,664.06
12:37:22,663.24
12:37:22,664.34
12:37:22,664.61
12:37:22,662.36
12:37:22,663.82
12:37:22,664.69
12:37:22,665.61
12:37:23,665.37
12:37:23,663.22
12:37:23,663.13
12:37:23,663.08
12:37:23,663.05
12:37:23,663.83
12:37:23,665.9
12:37:23,665.94
12:37:23,666.36
12:37:23,666.22
12:37:23,666.13
12:37:23,667.68
12:37:23,666.61
12:37:23,665.16
12:37:23,664.3
12:37:23,664.98
12:37:23,664.19
12:37:23,664.91
12:37:23,665.35
12:37:23,665.61
12:37:23,665.77
12:37:23,665.46
12:37:23,665.68
12:37:23,665.41
12:37:23,664.44
12:37:23,664.67
12:37:23,664.8
12:37:23,664.88
12:37:23,664.93
12:37:23,665.36
12:37:23,665.61
12:37:23,665.77
12:37:23,666.26
12:37:23,666.16
12:37:23,664.89
12:37:23,664.14
12:37:23,664.48
12:37:23,663.49
12:37:23,664.09
12:37:23,663.66
12:37:23,664.19
12:37:23,664.92
12:37:23,662.15
12:37:23,663.69
12:37:23,664.21
12:37:23,664.53
12:37:23,665.12
12:37:24,663.07
12:37:24,663.04
12:37:24,662.63
12:37:24,663.98
12:37:24,663.59
12:37:24,661.75
12:37:24,663.45
12:37:24,664.47
12:37:24,664.68
12:37:24,664.01
12:37:24,663.21
12:37:24,662.72
12:37:24,663.63
12:37:24,664.58
12:37:24,663.95
12:37:24,663.57
12:37:24,664.54
12:37:24,665.12
12:37:24,665.07
12:37:24,665.04
12:37:24,664.23
12:37:24,663.74
12:37:24,664.64
12:37:24,665.19
12:37:24,665.91
12:37:24,663.15
12:37:24,663.09
12:37:24,663.05
12:37:24,663.43
12:37:24,664.46
12:37:24,663.88
12:37:24,664.33
12:37:24,664.2
12:37:24,663.32
12:37:24,664.39
12:37:24,663.83
12:37:24,664.7
12:37:24,664.82
12:37:24,665.29
12:37:24,665.18
12:37:24,664.31
12:37:24,663.78
12:37:24,664.67
12:37:24,665.2
12:37:24,665.12
12:37:24,664.67
12:37:24,665.2
12:37:24,665.12
12:37:24,664.27
12:37:25,664.96
12:37:25,663.38
12:37:25,664.43
12:37:25,665.06
12:37:25,663.83
12:37:25,664.7
12:37:25,663.22
12:37:25,663.93
12:37:25,664.76
12:37:25,665.26
12:37:25,665.55
12:37:25,664.53
12:37:25,663.92
12:37:25,664.75
12:37:25,665.25
12:37:25,665.55
12:37:25,664.53
12:37:25,665.12
12:37:25,664.27
12:37:25,664.96
12:37:25,664.98
12:37:25,663.39
12:37:25,664.03
12:37:25,664.02
12:37:25,664.01
12:37:25,664.01
12:37:25,664.0
12:37:25,663.6
12:37:25,664.56
12:37:25,665.54
12:37:25,666.12
12:37:25,665.67
12:37:25,665.8
12:37:25,665.48
12:37:25,665.29
12:37:25,665.17
12:37:25,665.5
12:37:25,665.3
12:37:25,665.58
12:37:25,665.35
12:37:25,665.61
12:37:25,665.77
12:37:25,665.86
12:37:25,665.92
12:37:25,665.95
12:37:25,664.77
12:37:25,665.66
12:37:25,665.8
12:37:26,665.48
12:37:26,665.29
12:37:26,665.17
12:37:26,665.5
12:37:26,664.5
12:37:26,665.1
12:37:26,665.46
12:37:26,665.28
12:37:26,665.17
12:37:26,663.5
12:37:26,664.5
12:37:26,665.1
12:37:26,665.06
12:37:26,665.04
12:37:26,663.82
12:37:26,664.69
12:37:26,664.82
12:37:26,664.89
12:37:26,664.13
12:37:26,662.88
12:37:26,663.73
12:37:26,664.24
12:37:26,664.94
12:37:26,664.17
12:37:26,662.5
12:37:26,664.3
12:37:26,664.98
12:37:26,664.19
12:37:26,665.31
12:37:26,663.99
12:37:26,664.79
12:37:26,664.88
12:37:26,664.13
12:37:26,664.48
12:37:26,662.69
12:37:26,664.01
12:37:26,664.01
12:37:26,663.6
12:37:26,664.16
12:37:26,662.1
12:37:26,663.66
12:37:26,664.6
12:37:26,663.96
12:37:26,664.37
12:37:26,662.22
12:37:26,662.53
12:37:26,663.92
12:37:26,664.75
12:37:27,664.45
12:37:27,663.87
12:37:27,665.12
12:37:27,664.27
12:37:27,664.56
12:37:27,664.74
12:37:27,664.04
12:37:27,663.63
12:37:27,664.18
12:37:27,664.91
12:37:27,665.34
12:37:27,664.41
12:37:27,663.84
12:37:27,665.11
12:37:27,663.86
12:37:27,664.32
12:37:27,662.19
12:37:27,663.71
12:37:27,663.43
12:37:27,663.26
12:37:27,664.35
12:37:27,662.61
12:37:27,662.77
12:37:27,664.46
12:37:27,665.08
12:37:27,665.45
12:37:27,663.27
12:37:27,664.36
12:37:27,665.02
12:37:27,664.61
12:37:27,664.77
12:37:27,666.86
12:37:27,666.52
12:37:27,666.31
12:37:27,664.99
12:37:27,664.19
12:37:27,664.91
12:37:27,665.35
12:37:27,665.61
12:37:27,664.57
12:37:27,664.74
12:37:27,664.84
12:37:27,664.91
12:37:27,665.34
12:37:27,665.61
12:37:27,665.76
12:37:27,665.46
12:37:27,665.67
12:37:27,666.2
12:37:28,666.12
12:37:28,666.07
12:37:28,665.64
12:37:28,665.39
12:37:28,665.63
12:37:28,665.78
12:37:28,664.67
12:37:28,665.6
12:37:28,664.56
12:37:28,665.14
12:37:28,665.08
12:37:28,665.45
12:37:28,665.27
12:37:28,664.36
12:37:28,664.22
12:37:28,663.73
12:37:28,664.64
12:37:28,665.58
12:37:28,663.35
12:37:28,664.41
12:37:28,663.85
12:37:28,664.31
12:37:28,664.58
12:37:28,662.35
12:37:28,663.81
12:37:28,664.29
12:37:28,664.57
12:37:28,665.54
12:37:28,662.93
12:37:28,664.16
12:37:28,664.49
12:37:28,663.9
12:37:28,664.34
12:37:28,663.8
12:37:28,664.28
12:37:28,664.97
12:37:28,664.18
12:37:28,664.51
12:37:28,663.11
12:37:28,663.46
12:37:28,664.08
12:37:28,664.85
12:37:28,664.11
12:37:28,662.46
12:37:28,664.28
12:37:28,664.97
12:37:28,664.98
12:37:28,664.59
12:37:29,663.55
12:37:29,664.53
12:37:29,665.12
12:37:29,664.27
12:37:29,664.96
12:37:29,663.38
12:37:29,664.43
12:37:29,665.06
12:37:29,663.83
12:37:29,665.1
12:37:29,663.06
12:37:29,663.44
12:37:29,664.46
12:37:29,665.08
12:37:29,665.45
12:37:29,664.47
12:37:29,665.48
12:37:29,665.29
12:37:29,665.57
12:37:29,665.34
12:37:29,663.21
12:37:29,663.12
12:37:29,663.47
12:37:29,664.48
12:37:29,663.89
12:37:29,662.73
12:37:29,664.04
12:37:29,663.62
12:37:29,664.57
12:37:29,664.74
12:37:29,665.65
12:37:29,665.79
12:37:29,665.47
12:37:29,665.68
12:37:29,664.61
12:37:29,664.77
12:37:29,665.26
12:37:29,665.16
12:37:29,665.49
12:37:29,664.5
12:37:29,665.1
12:37:29,665.46
12:37:29,665.68
12:37:29,665.41
12:37:29,665.64
12:37:29,665.39
12:37:29,665.63
12:37:29,665.78
12:37:30,665.47
12:37:30,666.08
12:37:30,666.05
12:37:30,665.63
12:37:30,665.78
12:37:30,665.87
12:37:30,664.72
12:37:30,665.23
12:37:30,663.54
12:37:30,664.52
12:37:30,665.11
12:37:30,665.07
12:37:30,665.04
12:37:30,663.82
12:37:30,664.69
12:37:30,664.82
12:37:30,664.89
12:37:30,664.13
12:37:30,662.88
12:37:30,664.13
12:37:30,663.28
12:37:30,663.97
12:37:30,664.38
12:37:30,662.23
12:37:30,662.54
12:37:30,663.92
12:37:30,665.15
12:37:30,665.49
12:37:30,662.9
12:37:30,664.14
12:37:30,663.68
12:37:30,663.41
12:37:30,664.45
12:37:30,663.87
12:37:30,664.32
12:37:30,663.79
12:37:30,663.48
12:37:30,663.29
12:37:30,663.17
12:37:30,663.1
12:37:30,664.26
12:37:30,664.96
12:37:30,664.17
12:37:30,662.1
12:37:30,663.26
12:37:30,664.36
12:37:30,665.01
12:37:30,664.61
12:37:30,662.37
12:37:31,662.62
12:37:31,663.57
12:37:31,664.54
12:37:31,665.13
12:37:31,664.28
12:37:31,664.97
12:37:31,665.38
12:37:31,666.03
12:37:31,665.22
12:37:31,662.73
12:37:31,663.64
12:37:31,664.98
12:37:31,664.59
12:37:31,663.95
12:37:31,662.77
12:37:31,664.06
12:37:31,663.24
12:37:31,664.34
12:37:31,665.41
12:37:31,662.84
12:37:31,664.11
12:37:31,663.66
12:37:31,664.6
12:37:31,664.76
12:37:31,666.46
12:37:31,666.27
12:37:31,665.76
12:37:31,665.86
12:37:31,664.32
12:37:31,664.99
12:37:31,664.99
12:37:31,665.0
12:37:31,664.6
12:37:31,664.76
12:37:31,664.86
12:37:31,665.31
12:37:31,663.99
12:37:31,664.39
12:37:31,664.64
12:37:31,664.78
12:37:31,664.87
12:37:31,664.92
12:37:31,665.35
12:37:31,665.61
12:37:31,665.77
12:37:31,665.86
12:37:31,666.32
12:37:31,664.99
12:37:32,664.19
12:37:32,665.32
12:37:32,664.39
12:37:32,665.03
12:37:32,664.62
12:37:32,665.17
12:37:32,665.5
12:37:32,664.5
12:37:32,665.1
12:37:32,665.46
12:37:32,664.08
12:37:32,664.45
12:37:32,662.27
12:37:32,663.76
12:37:32,664.66
12:37:32,664.79
12:37:32,665.28
12:37:32,662.77
12:37:32,664.06
12:37:32,663.24
12:37:32,664.34
12:37:32,665.0
12:37:32,663.0
12:37:32,663.0
12:37:32,662.6
12:37:32,663.56
12:37:32,664.54
12:37:32,663.92
12:37:32,664.75
12:37:32,665.65
12:37:32,665.79
12:37:32,664.67
12:37:32,664.0
12:37:32,663.6
12:37:32,664.56
12:37:32,665.14
12:37:32,665.48
12:37:32,663.69
12:37:32,664.21
12:37:32,663.73
12:37:32,664.64
12:37:32,664.78
12:37:32,662.87
12:37:32,664.52
12:37:32,664.71
12:37:32,664.83
12:37:32,665.7
12:37:32,664.62
12:37:32,664.77
12:37:33,665.26
12:37:33,665.56
12:37:33,665.33
12:37:33,664.4
12:37:33,665.04
12:37:33,663.82
12:37:33,664.69
12:37:33,664.02
12:37:33,666.01
12:37:33,666.01
12:37:33,664.8
12:37:33,664.88
12:37:33,664.13
12:37:33,666.08
12:37:33,664.85
12:37:33,664.91
12:37:33,664.94
12:37:33,664.17
12:37:33,664.5
12:37:33,664.7
12:37:33,664.82
12:37:33,665.29
12:37:33,665.18
12:37:33,665.91
12:37:33,665.54
12:37:33,666.13
12:37:33,664.88
12:37:33,664.13
12:37:33,664.48
12:37:33,664.69
12:37:33,665.21
12:37:33,664.33
12:37:33,665.4
12:37:33,666.04
12:37:33,665.62
12:37:33,665.77
12:37:33,665.86
12:37:33,664.72
12:37:33,665.23
12:37:33,664.34
12:37:33,665.0
12:37:33,664.2
12:37:33,664.52
12:37:33,665.11
12:37:33,663.87
12:37:33,664.72
12:37:33,665.23
12:37:33,665.54
12:37:34,665.32
12:37:34,663.19
12:37:34,664.32
12:37:34,664.99
12:37:34,664.19
12:37:34,664.92
12:37:34,662.55
12:37:34,663.93
12:37:34,664.76
12:37:34,664.85
12:37:34,664.11
12:37:34,662.87
12:37:34,663.72
12:37:34,664.63
12:37:34,665.18
12:37:34,665.51
12:37:34,663.7
12:37:34,664.22
12:37:34,663.73
12:37:34,665.04
12:37:34,665.02
12:37:34,663.41
12:37:34,663.25
12:37:34,664.35
12:37:34,665.41
12:37:34,665.65
12:37:34,663.39
12:37:34,664.43
12:37:34,665.06
12:37:34,663.84
12:37:34,664.3
12:37:34,663.78
12:37:34,665.07
12:37:34,663.84
12:37:34,664.3
12:37:34,664.58
12:37:34,663.15
12:37:34,663.09
12:37:34,662.65
12:37:34,663.99
12:37:34,663.6
12:37:34,661.76
12:37:34,663.45
12:37:34,664.47
12:37:34,665.08
12:37:34,665.05
12:37:34,664.63
12:37:34,665.18
12:37:35,665.51
12:37:35,664.5
12:37:35,664.7
12:37:35,663.22
12:37:35,663.13
12:37:35,662.68
12:37:35,663.61
12:37:35,664.56
12:37:35,666.74
12:37:35,666.44
12:37:35,665.87
12:37:35,665.52
12:37:35,665.71
12:37:35,665.83
12:37:35,665.9
12:37:35,665.94
12:37:35,665.96
12:37:35,664.78
12:37:35,666.87
12:37:35,666.12
12:37:35,664.47
12:37:35,665.08
12:37:35,665.45
12:37:35,665.27
12:37:35,665.56
12:37:35,665.74
12:37:35,666.24
12:37:35,666.15
12:37:35,666.09
12:37:35,664.85
12:37:35,665.71
12:37:35,664.63
12:37:35,665.18
12:37:35,665.11
12:37:35,664.26
12:37:35,664.96
12:37:35,664.97
12:37:35,664.18
12:37:35,665.31
12:37:35,663.99
12:37:35,664.39
12:37:35,664.64
12:37:35,665.18
12:37:35,665.11
12:37:35,665.07
12:37:35,663.84
12:37:35,665.1
12:37:35,665.46
12:37:35,665.68
12:37:36,663.41
12:37:36,663.24
12:37:36,664.35
12:37:36,665.01
12:37:36,664.6
12:37:36,662.36
12:37:36,663.82
12:37:36,665.09
12:37:36,665.45
12:37:36,665.67
12:37:36,665.0
12:37:36,664.2
12:37:36,664.92
12:37:36,664.55
12:37:36,665.53
12:37:36,664.92
12:37:36,665.35
12:37:36,665.61
12:37:36,665.77
12:37:36,665.46
12:37:36,662.88
12:37:36,663.73
12:37:36,664.64
12:37:36,664.78
12:37:36,663.67
12:37:36,662.2
12:37:36,663.72
12:37:36,664.23
12:37:36,663.34
12:37:36,664.4
12:37:36,663.04
12:37:36,663.03
12:37:36,663.42
12:37:36,664.45
12:37:36,665.47
12:37:36,663.28
12:37:36,664.37
12:37:36,665.02
12:37:36,664.61
12:37:36,665.17
12:37:36,662.7
12:37:36,663.62
12:37:36,664.57
12:37:36,665.54
12:37:36,665.73
12:37:36,663.44
12:37:36,664.86
12:37:36,665.32
12:37:37,664.39
12:37:37,664.23
12:37:37,663.74
12:37:37,664.64
12:37:37,664.39
12:37:37,665.03
12:37:37,663.82
12:37:37,665.89
12:37:37,665.53
12:37:37,665.32
12:37:37,664.39
12:37:37,664.64
12:37:37,666.78
12:37:37,666.07
12:37:37,664.84
12:37:37,665.3
12:37:37,665.18
12:37:37,665.51
12:37:37,664.51
12:37:37,663.5
12:37:37,664.1
12:37:37,664.86
12:37:37,664.12
12:37:37,663.67
12:37:37,664.6
12:37:37,664.76
12:37:37,664.86
12:37:37,663.71
12:37:37,663.43
12:37:37,664.06
12:37:37,664.03
12:37:37,664.02
12:37:37,663.21
12:37:37,663.93
12:37:37,664.76
12:37:37,665.25
12:37:37,665.55
12:37:37,666.13
12:37:37,665.68
12:37:37,665.41
12:37:37,665.24
12:37:37,665.15
12:37:37,665.49
12:37:37,664.49
12:37:37,665.5
12:37:37,665.7
12:37:37,665.42
12:37:37,665.65
12:37:37,664.59
12:37:38,664.75
12:37:38,665.25
12:37:38,665.55
12:37:38,665.33
12:37:38,664.4
12:37:38,665.04
12:37:38,664.22
12:37:38,664.53
12:37:38,665.12
12:37:38,663.87
12:37:38,664.32
12:37:38,663.79
12:37:38,664.28
12:37:38,664.17
12:37:38,662.5
12:37:38,663.9
12:37:38,663.94
12:37:38,663.56
12:37:38,664.94
12:37:38,662.56
12:37:38,663.94
12:37:38,664.36
12:37:38,665.02
12:37:38,664.21
12:37:38,663.33
12:37:38,663.2
12:37:38,663.12
12:37:38,663.87
12:37:38,663.12
12:37:38,662.67
12:37:38,664.0
12:37:38,663.6
12:37:38,663.36
12:37:38,664.02
12:37:38,663.21
12:37:38,663.13
12:37:38,663.08
12:37:38,663.05
12:37:38,663.03
12:37:38,661.82
12:37:38,663.49
12:37:38,664.09
12:37:38,663.66
12:37:38,664.59
12:37:38,663.96
12:37:38,664.37
12:37:38,665.02
12:37:38,664.61
12:37:39,665.17
12:37:39,664.7
12:37:39,665.22
12:37:39,664.33
12:37:39,663.8
12:37:39,663.48
12:37:39,662.49
12:37:39,663.09
12:37:39,663.06
12:37:39,663.43
12:37:39,664.86
12:37:39,666.52
12:37:39,666.31
12:37:39,664.99
12:37:39,664.59
12:37:39,663.55
12:37:39,666.13
12:37:39,664.88
12:37:39,664.53
12:37:39,664.72
12:37:39,665.23
12:37:39,665.54
12:37:39,665.72
12:37:39,664.63
12:37:39,664.78
12:37:39,664.07
12:37:39,663.24
12:37:39,664.34
12:37:39,665.01
12:37:39,664.2
12:37:39,664.52
12:37:39,665.11
12:37:39,664.67
12:37:39,665.2
12:37:39,665.12
12:37:39,665.07
12:37:39,665.04
12:37:39,663.83
12:37:39,664.7
12:37:39,665.22
12:37:39,665.53
12:37:39,665.72
12:37:39,664.63
12:37:39,665.18
12:37:39,665.51
12:37:39,665.7
12:37:39,664.22
12:37:39,662.53
12:37:40,663.92
12:37:40,664.75
12:37:40,664.85
12:37:40,664.11
12:37:40,663.27
12:37:40,664.36
12:37:40,665.02
12:37:40,664.21
12:37:40,664.53
12:37:40,664.32
12:37:40,663.79
12:37:40,665.07
12:37:40,665.04
12:37:40,665.03
12:37:40,663.42
12:37:40,664.45
12:37:40,665.07
12:37:40,664.24
12:37:40,664.95
12:37:40,663.37
12:37:40,664.42
12:37:40,665.05
12:37:40,664.23
12:37:40,664.54
12:37:40,663.92
12:37:40,664.75
12:37:40,665.25
12:37:40,665.55
12:37:40,665.73
12:37:40,663.04
12:37:40,663.42
12:37:40,664.45
12:37:40,665.07
12:37:40,665.04
12:37:40,664.63
12:37:40,664.78
12:37:40,664.87
12:37:40,664.92
12:37:40,664.95
12:37:40,663.37
12:37:40,664.42
12:37:40,664.65
12:37:40,665.19
12:37:40,665.12
12:37:40,662.67
12:37:40,664.0
12:37:40,663.6
12:37:40,664.56
12:37:41,664.74
12:37:41,665.24
12:37:41,665.55
12:37:41,665.73
12:37:41,665.84
12:37:41,664.7
12:37:41,664.02
12:37:41,664.01
12:37:41,663.61
12:37:41,663.36
12:37:41,664.42
12:37:41,665.45
12:37:41,665.67
12:37:41,665.8
12:37:41,665.48
12:37:41,664.49
12:37:41,663.49
12:37:41,661.7
12:37:41,663.02
12:37:41,662.61
12:37:41,663.57
12:37:41,664.54
12:37:41,662.32
12:37:41,662.59
12:37:41,664.36
12:37:41,665.41
12:37:41,665.25
12:37:41,664.75
12:37:41,665.25
12:37:41,665.55
12:37:41,665.73
12:37:41,665.84
12:37:41,663.5
12:37:41,664.1
12:37:41,664.86
12:37:41,663.72
12:37:41,664.63
12:37:41,664.38
12:37:41,665.03
12:37:41,664.62
12:37:41,665.17
12:37:41,665.5
12:37:41,663.7
12:37:41,664.22
12:37:41,663.73
12:37:41,664.64
12:37:41,664.38
12:37:41,662.63
12:37:41,663.98
12:37:42,664.79
12:37:42,664.07
12:37:42,664.44
12:37:42,663.87
12:37:42,664.72
12:37:42,665.23
12:37:42,664.34
12:37:42,665.4
12:37:42,663.64
12:37:42,664.59
12:37:42,664.75
12:37:42,665.25
12:37:42,665.95
12:37:42,663.97
12:37:42,665.18
12:37:42,665.51
12:37:42,664.51
12:37:42,664.7
12:37:42,663.22
12:37:42,663.13
12:37:42,663.48
12:37:42,664.09
12:37:42,664.85
12:37:42,662.91
12:37:42,664.15
12:37:42,663.69
12:37:42,665.01
12:37:42,664.21
12:37:42,663.72
12:37:42,663.43
12:37:42,664.06
12:37:42,664.04
12:37:42,664.42
12:37:42,665.45
12:37:42,665.67
12:37:42,665.8
12:37:42,665.48
12:37:42,664.49
12:37:42,663.49
12:37:42,664.1
12:37:42,664.06
12:37:42,664.03
12:37:42,664.02
12:37:42,663.21
12:37:42,663.13
12:37:42,663.48
12:37:42,664.09
12:37:42,664.45
12:37:43,664.67
12:37:43,665.6
12:37:43,665.36
12:37:43,665.22
12:37:43,665.53
12:37:43,665.72
12:37:43,665.83
12:37:43,665.9
12:37:43,665.54
12:37:43,665.32
12:37:43,665.59
12:37:43,664.56
12:37:43,665.13
12:37:43,664.28
12:37:43,665.37
12:37:43,665.62
12:37:43,664.57
12:37:43,665.14
12:37:43,665.49
12:37:43,664.49
12:37:43,664.7
12:37:43,663.62
12:37:43,664.57
12:37:43,665.14
12:37:43,665.49
12:37:43,664.49
12:37:43,662.29
12:37:43,664.18
12:37:43,664.91
12:37:43,665.74
12:37:43,665.85
12:37:43,663.51
12:37:43,663.3
12:37:43,664.38
12:37:43,664.63
12:37:43,665.58
12:37:43,663.35
12:37:43,664.41
12:37:43,663.84
12:37:43,664.31
12:37:43,664.98
12:37:43,664.19
12:37:43,664.91
12:37:43,665.35
12:37:43,665.61
12:37:43,665.77
12:37:43,663.06
12:37:43,663.44
12:37:43,664.06
12:37:44,664.04
12:37:44,664.42
12:37:44,662.25
12:37:44,663.75
12:37:44,664.65
12:37:44,665.19
12:37:44,665.51
12:37:44,664.91
12:37:44,665.35
12:37:44,665.61
12:37:44,664.16
12:37:44,664.9
12:37:44,663.34
12:37:44,664.4
12:37:44,664.64
12:37:44,665.19
12:37:44,665.51
12:37:44,664.51
12:37:44,663.9
12:37:44,664.34
12:37:44,665.01
12:37:44,664.6
12:37:44,663.96
12:37:44,664.38
12:37:44,664.63
12:37:44,664.78
12:37:44,664.07
12:37:44,662.44
12:37:44,664.26
12:37:44,663.76
12:37:44,664.65
12:37:44,664.79
12:37:44,663.28
12:37:44,664.37
12:37:44,665.02
12:37:44,664.61
12:37:44,665.17
12:37:44,667.1
12:37:44,666.66
12:37:44,666.4
12:37:44,666.24
12:37:44,666.54
12:37:44,667.93
12:37:44,667.16
12:37:44,665.49
12:37:44,666.1
12:37:44,666.06
12:37:45,666.83
12:37:45,666.9
12:37:45,666.14
12:37:45,664.88
12:37:45,664.13
12:37:45,664.48
12:37:45,664.29
12:37:45,664.97
12:37:45,664.98
12:37:45,664.59
12:37:45,664.75
12:37:45,665.25
12:37:45,665.55
12:37:45,665.73
12:37:45,665.84
12:37:45,664.3
12:37:45,664.98
12:37:45,664.99
12:37:45,665.39
12:37:45,665.24
12:37:45,665.94
12:37:45,664.77
12:37:45,665.26
12:37:45,665.56
12:37:45,665.33
12:37:45,665.6
12:37:45,664.16
12:37:45,663.7
12:37:45,664.62
12:37:45,665.17
12:37:45,665.5
12:37:45,662.9
12:37:45,663.74
12:37:45,665.04
12:37:45,664.23
12:37:45,664.54
12:37:45,664.32
12:37:45,663.79
12:37:45,665.08
12:37:45,665.05
12:37:45,665.03
12:37:45,663.42
12:37:45,664.45
12:37:45,665.07
12:37:45,664.24
12:37:45,664.95
12:37:45,663.37
12:37:45,664.42
12:37:45,665.05
12:37:46,664.23
12:37:46,664.54
12:37:46,664.32
12:37:46,663.79
12:37:46,664.28
12:37:46,664.97
12:37:46,664.18
12:37:46,662.51
12:37:46,662.7
12:37:46,664.02
12:37:46,664.01
12:37:46,664.01
12:37:46,663.21
12:37:46,662.72
12:37:46,662.83
12:37:46,664.1
12:37:46,664.46
12:37:46,663.88
12:37:46,664.33
12:37:46,663.8
12:37:46,664.68
12:37:46,664.01
12:37:46,663.2
12:37:46,664.32
12:37:46,663.79
12:37:46,664.68
12:37:46,664.01
12:37:46,665.2
12:37:46,665.92
12:37:46,666.35
12:37:46,665.81
12:37:46,665.89
12:37:46,666.73
12:37:46,665.24
12:37:46,665.54
12:37:46,665.33
12:37:46,665.6
12:37:46,666.16
12:37:46,664.89
12:37:46,664.94
12:37:46,665.36
12:37:46,665.22
12:37:46,665.53
12:37:46,665.72
12:37:46,665.83
12:37:46,665.9
12:37:46,664.74
12:37:46,665.24
12:37:47,665.55
12:37:47,665.73
12:37:47,665.84
12:37:47,664.7
12:37:47,664.82
12:37:47,665.29
12:37:47,665.58
12:37:47,665.35
12:37:47,665.61
12:37:47,665.76
12:37:47,666.26
12:37:47,666.16
12:37:47,664.89
12:37:47,664.14
12:37:47,664.48
12:37:47,663.89
12:37:47,664.33
12:37:47,663.8
12:37:47,663.48
12:37:47,664.09
12:37:47,662.85
12:37:47,663.71
12:37:47,663.43
12:37:47,664.46
12:37:47,663.47
12:37:47,663.28
12:37:47,664.37
12:37:47,665.02
12:37:47,664.21
12:37:47,664.93
12:37:47,662.56
12:37:47,663.93
12:37:47,664.76
12:37:47,664.86
12:37:47,664.11
12:37:47,662.47
12:37:47,663.88
12:37:47,664.33
12:37:47,665.0
12:37:47,665.0
12:37:47,664.6
12:37:47,665.16
12:37:47,664.7
12:37:47,665.22
12:37:47,665.53
12:37:47,663.32
12:37:47,662.79
12:37:47,663.67
12:37:47,664.2
12:37:48,665.32
12:37:48,664.79
12:37:48,665.28
12:37:48,665.57
12:37:48,665.34
12:37:48,665.6
12:37:48,663.36
12:37:48,664.42
12:37:48,665.05
12:37:48,663.83
12:37:48,665.1
12:37:48,662.66
12:37:48,664.0
12:37:48,664.0
12:37:48,664.0
12:37:48,664.4
12:37:48,663.84
12:37:48,664.7
12:37:48,665.62
12:37:48,664.57
12:37:48,665.54
12:37:48,663.33
12:37:48,663.2
12:37:48,663.12
12:37:48,663.07
12:37:48,663.84
12:37:48,663.11
12:37:48,663.46
12:37:48,664.48
12:37:48,664.69
12:37:48,664.01
12:37:48,665.61
12:37:48,664.56
12:37:48,664.74
12:37:48,665.24
12:37:48,665.15
12:37:48,665.49
12:37:48,665.29
12:37:48,665.98
12:37:48,665.99
12:37:48,664.79
12:37:48,664.07
12:37:48,664.04
12:37:48,663.23
12:37:48,663.14
12:37:48,664.28
12:37:48,663.77
12:37:48,664.66
12:37:48,665.2
12:37:49,665.52
12:37:49,665.71
12:37:49,665.83
12:37:49,664.3
12:37:49,663.78
12:37:49,664.67
12:37:49,664.8
12:37:49,664.08
12:37:49,662.45
12:37:49,663.87
12:37:49,664.32
12:37:49,664.99
12:37:49,664.2
12:37:49,662.92
12:37:49,664.15
12:37:49,664.89
12:37:49,664.13
12:37:49,664.88
12:37:49,664.13
12:37:49,663.68
12:37:49,663.81
12:37:49,664.68
12:37:49,663.61
12:37:49,662.57
12:37:49,663.94
12:37:49,664.36
12:37:49,665.42
12:37:49,665.65
12:37:49,662.99
12:37:49,663.79
12:37:49,664.28
12:37:49,664.57
12:37:49,664.74
12:37:49,662.44
12:37:49,663.87
12:37:49,664.32
12:37:49,664.99
12:37:49,664.2
12:37:49,663.72
12:37:49,664.63
12:37:49,664.78
12:37:49,664.07
12:37:49,663.64
12:37:49,663.38
12:37:49,664.43
12:37:49,664.66
12:37:49,665.2
12:37:49,664.72
12:37:50,662.83
12:37:50,663.7
12:37:50,664.62
12:37:50,665.17
12:37:50,665.5
12:37:50,663.3
12:37:50,663.98
12:37:50,664.39
12:37:50,665.43
12:37:50,665.66
12:37:50,664.6
12:37:50,664.76
12:37:50,665.25
12:37:50,665.55
12:37:50,665.33
12:37:50,664.8
12:37:50,664.88
12:37:50,664.93
12:37:50,665.36
12:37:50,665.61
12:37:50,662.97
12:37:50,664.58
12:37:50,664.75
12:37:50,665.25
12:37:50,665.95
12:37:50,664.77
12:37:50,665.26
12:37:50,665.56
12:37:50,665.73
12:37:50,665.44
12:37:50,664.46
12:37:50,665.08
12:37:50,665.45
12:37:50,666.07
12:37:50,664.44
12:37:50,664.26
12:37:50,664.96
12:37:50,664.98
12:37:50,664.99
12:37:50,664.19
12:37:50,662.51
12:37:50,662.71
12:37:50,662.83
12:37:50,664.1
12:37:50,664.06
12:37:50,666.43
12:37:50,665.86
12:37:50,665.52
12:37:51,665.71
12:37:51,665.83
12:37:51,667.5
12:37:51,665.7
12:37:51,665.82
12:37:51,665.89
12:37:51,664.73
12:37:51,666.84
12:37:51,666.9
12:37:51,666.14
12:37:51,665.69
12:37:51,664.61
12:37:51,666.77
12:37:51,666.46
12:37:51,666.68
12:37:51,666.81
12:37:51,666.48
12:37:51,665.09
12:37:51,663.85
12:37:51,664.71
12:37:51,664.03
12:37:51,664.02
12:37:51,663.21
12:37:51,662.73
12:37:51,664.04
12:37:51,664.02
12:37:51,663.21
12:37:51,663.93
12:37:51,663.96
12:37:51,664.77
12:37:51,665.26
12:37:51,665.56
12:37:51,665.34
12:37:51,664.8
12:37:51,664.88
12:37:51,664.93
12:37:51,664.96
12:37:51,664.17
12:37:51,662.5
12:37:51,663.5
12:37:51,664.5
12:37:51,663.9
12:37:51,663.54
12:37:51,663.32
12:37:51,663.19
12:37:51,664.32
12:37:51,664.59
12:37:51,663.95
12:37:52,661.97
12:37:52,663.18
12:37:52,664.31
12:37:52,664.59
12:37:52,663.55
12:37:52,663.33
12:37:52,662.8
12:37:52,664.08
12:37:52,664.85
12:37:52,664.11
12:37:52,662.47
12:37:52,664.28
12:37:52,665.37
12:37:52,665.62
12:37:52,665.77
12:37:52,663.46
12:37:52,664.48
12:37:52,664.69
12:37:52,664.01
12:37:52,664.01
12:37:52,663.2
12:37:52,664.32
12:37:52,663.79
12:37:52,664.68
12:37:52,664.01
12:37:52,663.2
12:37:52,664.32
12:37:52,663.79
12:37:52,664.68
12:37:52,663.61
12:37:52,661.76
12:37:52,663.46
12:37:52,664.47
12:37:52,665.08
12:37:52,665.05
12:37:52,664.23
12:37:52,663.74
12:37:52,664.64
12:37:52,665.19
12:37:52,665.51
12:37:52,664.51
12:37:52,663.9
12:37:52,664.34
12:37:52,664.61
12:37:52,665.16
12:37:52,662.7
12:37:52,664.02
12:37:52,664.01
12:37:52,663.61
12:37:53,663.76
12:37:53,666.26
12:37:53,666.16
12:37:53,666.09
12:37:53,664.86
12:37:53,664.11
12:37:53,664.47
12:37:53,665.08
12:37:53,664.25
12:37:53,664.95
12:37:53,664.17
12:37:53,664.5
12:37:53,664.7
12:37:53,664.82
12:37:53,665.29
12:37:53,665.18
12:37:53,665.11
12:37:53,663.86
12:37:53,664.32
12:37:53,663.79
12:37:53,663.47
12:37:53,664.88
12:37:53,662.93
12:37:53,664.16
12:37:53,663.7
12:37:53,664.22
12:37:53,664.93
12:37:53,662.56
12:37:53,663.93
12:37:53,664.76
12:37:53,664.86
12:37:53,664.11
12:37:53,662.87
12:37:53,663.72
12:37:53,664.63
12:37:53,665.18
12:37:53,665.51
12:37:53,663.3
12:37:53,664.38
12:37:53,665.03
12:37:53,664.22
12:37:53,664.53
12:37:53,663.12
12:37:53,663.07
12:37:53,662.64
12:37:53,664.39
12:37:53,664.63
12:37:53,663.98
12:37:54,664.39
12:37:54,665.03
12:37:54,663.82
12:37:54,665.09
12:37:54,664.66
12:37:54,665.59
12:37:54,665.36
12:37:54,665.61
12:37:54,665.37
12:37:54,663.22
12:37:54,663.13
12:37:54,663.08
12:37:54,662.65
12:37:54,663.99
12:37:54,662.79
12:37:54,663.68
12:37:54,664.21
12:37:54,663.72
12:37:54,664.63
12:37:54,662.78
12:37:54,663.67
12:37:54,664.6
12:37:54,664.76
12:37:54,665.26
12:37:54,663.15
12:37:54,663.09
12:37:54,662.66
12:37:54,663.99
12:37:54,663.6
12:37:54,662.16
12:37:54,662.49
12:37:54,663.9
12:37:54,665.14
12:37:54,665.48
12:37:54,663.69
12:37:54,665.01
12:37:54,664.21
12:37:54,663.73
12:37:54,664.64
12:37:54,666.38
12:37:54,666.63
12:37:54,665.98
12:37:54,665.59
12:37:54,664.55
12:37:54,665.13
12:37:54,664.28
12:37:54,665.37
12:37:54,665.62
12:37:55,665.77
12:37:55,667.06
12:37:55,665.04
12:37:55,664.62
12:37:55,665.17
12:37:55,665.5
12:37:55,665.3
12:37:55,665.58
12:37:55,665.35
12:37:55,666.01
12:37:55,665.21
12:37:55,665.12
12:37:55,664.27
12:37:55,664.56
12:37:55,665.14
12:37:55,665.48
12:37:55,664.49
12:37:55,663.49
12:37:55,664.1
12:37:55,664.86
12:37:55,664.91
12:37:55,665.35
12:37:55,665.61
12:37:55,664.57
12:37:55,665.14
12:37:55,665.48
12:37:55,664.49
12:37:55,662.29
12:37:55,663.78
12:37:55,664.27
12:37:55,664.96
12:37:55,664.18
12:37:55,663.71
12:37:55,663.42
12:37:55,664.45
12:37:55,664.67
12:37:55,665.6
12:37:55,663.36
12:37:55,664.42
12:37:55,665.45
12:37:55,666.07
12:37:55,665.64
12:37:55,664.99
12:37:55,664.99
12:37:55,664.99
12:37:55,664.2
12:37:55,664.92
12:37:55,662.55
12:37:55,663.93
12:37:56,665.16
12:37:56,665.5
12:37:56,664.5
12:37:56,662.7
12:37:56,664.02
12:37:56,663.21
12:37:56,662.73
12:37:56,664.04
12:37:56,663.62
12:37:56,664.57
12:37:56,665.14
12:37:56,665.49
12:37:56,664.09
12:37:56,664.06
12:37:56,664.03
12:37:56,663.62
12:37:56,664.17
12:37:56,664.9
12:37:56,663.34
12:37:56,664.41
12:37:56,665.04
12:37:56,664.23
12:37:56,664.94
12:37:56,666.16
12:37:56,664.9
12:37:56,664.94
12:37:56,664.96
12:37:56,664.18
12:37:56,664.91
12:37:56,665.34
12:37:56,665.61
12:37:56,664.56
12:37:56,665.14
12:37:56,665.48
12:37:56,665.29
12:37:56,665.17
12:37:56,665.5
12:37:56,664.1
12:37:56,664.86
12:37:56,665.32
12:37:56,664.79
12:37:56,665.27
12:37:56,664.76
12:37:56,665.26
12:37:56,665.56
12:37:56,665.73
12:37:56,665.84
12:37:56,664.7
12:37:57,663.62
12:37:57,663.37
12:37:57,663.22
12:37:57,663.13
12:37:57,664.28
12:37:57,664.57
12:37:57,662.34
12:37:57,663.8
12:37:57,664.68
12:37:57,663.61
12:37:57,664.57
12:37:57,662.34
12:37:57,663.8
12:37:57,664.28
12:37:57,664.57
12:37:57,665.14
12:37:57,664.29
12:37:57,664.97
12:37:57,665.78
12:37:57,665.47
12:37:57,665.28
12:37:57,662.77
12:37:57,664.06
12:37:57,663.64
12:37:57,664.18
12:37:57,664.51
12:37:57,663.51
12:37:57,663.3
12:37:57,664.38
12:37:57,664.63
12:37:57,665.18
12:37:57,664.71
12:37:57,664.02
12:37:57,664.01
12:37:57,663.61
12:37:57,664.17
12:37:57,662.1
12:37:57,663.66
12:37:57,664.6
12:37:57,665.16
12:37:57,665.49
12:37:57,663.7
12:37:57,664.62
12:37:57,664.77
12:37:57,665.26
12:37:57,665.56
12:37:57,664.53
12:37:57,663.92
12:37:58,664.75
12:37:58,665.65
12:37:58,666.19
12:37:58,664.91
12:37:58,664.15
12:37:58,663.69
12:37:58,664.21
12:37:58,664.53
12:37:58,662.72
12:37:58,663.63
12:37:58,664.58
12:37:58,665.15
12:37:58,665.49
12:37:58,663.69
12:37:58,664.22
12:37:58,664.53
12:37:58,664.72
12:37:58,665.23
12:37:58,662.74
12:37:58,664.04
12:37:58,663.23
12:37:58,663.14
12:37:58,664.28
12:37:58,663.77
12:37:58,664.66
12:37:58,665.2
12:37:58,665.52
12:37:58,665.71
12:37:58,663.03
12:37:58,663.02
12:37:58,663.41
12:37:58,663.25
12:37:58,664.35
12:37:58,665.01
12:37:58,664.61
12:37:58,663.96
12:37:58,664.78
12:37:58,664.07
12:37:58,663.64
12:37:58,664.58
12:37:58,665.55
12:37:58,665.73
12:37:58,665.44
12:37:58,665.26
12:37:58,665.56
12:37:58,665.73
12:37:58,665.44
12:37:58,665.26
12:37:58,665.56
12:37:59,665.74
12:37:59,665.84
12:37:59,665.5
12:37:59,665.3
12:37:59,665.18
12:37:59,665.51
12:37:59,664.51
12:37:59,663.9
12:37:59,663.94
12:37:59,663.17
12:37:59,662.7
12:37:59,664.02
12:37:59,662.81
12:37:59,664.09
12:37:59,664.45
12:37:59,663.87
12:37:59,665.12
12:37:59,664.27
12:37:59,664.96
12:37:59,664.98
12:37:59,664.19
12:37:59,664.91
12:37:59,665.35
12:37:59,665.61
12:37:59,665.77
12:37:59,663.06
12:37:59,663.44
12:37:59,664.46
12:37:59,665.08
12:37:59,665.45
12:37:59,662.87
12:37:59,664.52
12:37:59,664.71
12:37:59,665.23
12:37:59,665.54
12:37:59,664.52
12:37:59,663.91
12:37:59,664.75
12:37:59,664.85
12:37:59,664.11
12:37:59,662.47
12:37:59,663.88
12:37:59,664.33
12:37:59,665.0
12:37:59,665.0
12:37:59,664.6
12:37:59,665.16
12:38:00,664.3
12:38:00,664.98
12:38:00,664.19
12:38:00,662.11
12:38:00,662.87
12:38:00,664.12
12:38:00,663.67
12:38:00,664.2
12:38:00,663.72
12:38:00,664.63
12:38:00,664.78
12:38:00,664.87
12:38:00,664.92
12:38:00,664.15
12:38:00,663.69
12:38:00,664.21
12:38:00,663.73
12:38:00,664.64
12:38:00,662.78
12:38:00,663.67
12:38:00,664.6
12:38:00,664.76
12:38:00,664.86
12:38:00,663.31
12:38:00,663.19
12:38:00,664.31
12:38:00,663.39
12:38:00,664.03
12:38:00,663.22
12:38:00,663.13
12:38:00,663.08
12:38:00,663.05
12:38:00,663.83
12:38:00,663.5
12:38:00,664.5
12:38:00,665.5
12:38:00,665.7
12:38:00,665.42
12:38:00,663.25
12:38:00,663.95
12:38:00,663.97
12:38:00,664.78
12:38:00,664.07
12:38:00,662.84
12:38:00,663.71
12:38:00,663.42
12:38:00,664.05
12:38:00,664.43
12:38:00,665.06
12:38:00,663.84
12:38:01,663.9
12:38:01,664.34
12:38:01,664.6
12:38:01,663.96
12:38:01,664.38
12:38:01,665.43
12:38:01,665.66
12:38:01,666.19
12:38:01,666.12
12:38:01,664.87
12:38:01,664.92
12:38:01,665.35
12:38:01,665.61
12:38:01,665.37
12:38:01,665.62
12:38:01,664.57
12:38:01,665.14
12:38:01,665.49
12:38:01,664.49
12:38:01,663.9
12:38:01,663.54
12:38:01,664.52
12:38:01,665.11
12:38:01,665.07
12:38:01,663.84
12:38:01,663.9
12:38:01,664.34
12:38:01,665.01
12:38:01,664.6
12:38:01,662.76
12:38:01,664.06
12:38:01,663.63
12:38:01,664.58
12:38:01,663.95
12:38:01,661.97
12:38:01,663.98
12:38:01,664.39
12:38:01,663.83
12:38:01,665.1
12:38:01,663.06
12:38:01,663.44
12:38:01,664.46
12:38:01,665.08
12:38:01,665.45
12:38:01,664.47
12:38:01,665.08
12:38:01,664.25
12:38:01,663.75
12:38:02,664.65
12:38:02,663.99
12:38:02,664.39
12:38:02,665.04
12:38:02,664.22
12:38:02,664.93
12:38:02,663.76
12:38:02,665.06
12:38:02,663.83
12:38:02,664.7
12:38:02,664.02
12:38:02,662.81
12:38:02,663.69
12:38:02,665.01
12:38:02,664.21
12:38:02,664.92
12:38:02,662.95
12:38:02,663.77
12:38:02,664.66
12:38:02,665.2
12:38:02,665.12
12:38:02,665.47
12:38:02,666.08
12:38:02,664.45
12:38:02,665.47
12:38:02,664.88
12:38:02,664.13
12:38:02,663.28
12:38:02,664.37
12:38:02,665.02
12:38:02,663.81
12:38:02,664.69
12:38:02,664.81
12:38:02,665.29
12:38:02,665.57
12:38:02,665.34
12:38:02,665.61
12:38:02,664.56
12:38:02,665.14
12:38:02,665.08
12:38:02,665.05
12:38:02,665.03
12:38:02,663.42
12:38:02,664.45
12:38:02,665.07
12:38:02,665.04
12:38:02,665.83
12:38:02,663.1
12:38:03,663.46
12:38:03,664.47
12:38:03,664.68
12:38:03,664.01
12:38:03,663.61
12:38:03,663.36
12:38:03,664.42
12:38:03,664.65
12:38:03,665.19
12:38:03,664.71
12:38:03,664.03
12:38:03,663.62
12:38:03,664.57
12:38:03,664.74
12:38:03,664.45
12:38:03,664.67
12:38:03,665.2
12:38:03,664.32
12:38:03,664.59
12:38:03,662.76
12:38:03,664.45
12:38:03,665.07
12:38:03,663.84
12:38:03,663.51
12:38:03,662.9
12:38:03,663.74
12:38:03,664.25
12:38:03,664.95
12:38:03,664.97
12:38:03,662.98
12:38:03,663.79
12:38:03,664.67
12:38:03,665.6
12:38:03,665.36
12:38:03,663.22
12:38:03,664.33
12:38:03,663.8
12:38:03,664.28
12:38:03,664.57
12:38:03,663.94
12:38:03,664.36
12:38:03,665.02
12:38:03,664.61
12:38:03,664.77
12:38:03,664.06
12:38:03,663.24
12:38:03,664.34
12:38:03,665.01
12:38:04,664.6
12:38:04,663.96
12:38:04,664.38
12:38:04,665.03
12:38:04,664.62
12:38:04,665.17
12:38:04,664.7
12:38:04,665.22
12:38:04,665.53
12:38:04,665.72
12:38:04,665.83
12:38:04,663.5
12:38:04,664.1
12:38:04,664.46
12:38:04,665.08
12:38:04,665.45
12:38:04,666.87
12:38:04,666.12
12:38:04,664.87
12:38:04,664.92
12:38:04,664.95
12:38:04,665.77
12:38:04,665.86
12:38:04,666.32
12:38:04,664.99
12:38:04,664.19
12:38:04,664.92
12:38:04,665.35
12:38:04,665.21
12:38:04,664.33
12:38:04,664.6
12:38:04,664.76
12:38:04,665.25
12:38:04,665.55
12:38:04,665.73
12:38:04,665.84
12:38:04,664.7
12:38:04,664.82
12:38:04,665.29
12:38:04,665.58
12:38:04,664.15
12:38:04,664.89
12:38:04,665.33
12:38:04,664.4
12:38:04,665.04
12:38:04,665.02
12:38:04,663.81
12:38:04,662.69
12:38:04,663.61
12:38:05,663.37
12:38:05,664.42
12:38:05,665.05
12:38:05,663.83
12:38:05,664.7
12:38:05,665.22
12:38:05,665.53
12:38:05,665.72
12:38:05,664.63
12:38:05,663.98
12:38:05,664.39
12:38:05,664.63
12:38:05,665.18
12:38:05,662.71
12:38:05,662.82
12:38:05,664.09
12:38:05,664.86
12:38:05,664.11
12:38:05,662.87
12:38:05,664.12
12:38:05,663.67
12:38:05,664.6
12:38:05,663.96
12:38:05,661.98
12:38:05,663.59
12:38:05,664.15
12:38:05,664.89
12:38:05,664.53
12:38:05,662.32
12:38:05,662.59
12:38:05,664.36
12:38:05,663.81
12:38:05,664.69
12:38:05,663.21
12:38:05,663.13
12:38:05,663.08
12:38:05,663.05
12:38:05,663.83
12:38:05,663.5
12:38:05,664.5
12:38:05,664.7
12:38:05,665.22
12:38:05,665.53
12:38:05,662.92
12:38:05,664.15
12:38:05,664.49
12:38:05,664.29
12:38:05,664.98
12:38:06,663.39
12:38:06,664.83
12:38:06,665.3
12:38:06,665.98
12:38:06,664.79
12:38:06,664.07
12:38:06,664.04
12:38:06,664.03
12:38:06,664.02
12:38:06,664.01
12:38:06,663.21
12:38:06,663.12
12:38:06,662.67
12:38:06,664.0
12:38:06,664.8
12:38:06,664.48
12:38:06,665.09
12:38:06,664.25
12:38:06,664.95
12:38:06,664.17
12:38:06,664.9
12:38:06,665.34
12:38:06,665.6
12:38:06,665.36
12:38:06,665.62
12:38:06,665.77
12:38:06,666.26
12:38:06,666.16
12:38:06,665.69
12:38:06,664.62
12:38:06,665.17
12:38:06,663.5
12:38:06,664.5
12:38:06,664.7
12:38:06,664.02
12:38:06,664.01
12:38:06,662.41
12:38:06,663.84
12:38:06,664.31
12:38:06,664.58
12:38:06,663.95
12:38:06,661.97
12:38:06,662.78
12:38:06,664.07
12:38:06,664.84
12:38:06,664.1
12:38:06,662.46
12:38:06,663.88
12:38:07,664.73
12:38:07,665.24
12:38:07,665.54
12:38:07,663.32
12:38:07,663.2
12:38:07,663.12
12:38:07,663.07
12:38:07,662.64
12:38:07,662.79
12:38:07,664.07
12:38:07,664.04
12:38:07,663.63
12:38:07,664.58
12:38:07,663.15
12:38:07,664.29
12:38:07,665.37
12:38:07,664.42
12:38:07,665.05
12:38:07,664.63
12:38:07,663.98
12:38:07,664.39
12:38:07,665.03
12:38:07,663.82
12:38:07,662.29
12:38:07,663.78
12:38:07,664.27
12:38:07,664.96
12:38:07,664.18
12:38:07,664.91
12:38:07,665.34
12:38:07,665.61
12:38:07,664.56
12:38:07,665.14
12:38:07,665.48
12:38:07,665.29
12:38:07,665.57
12:38:07,665.74
12:38:07,665.45
12:38:07,665.67
12:38:07,665.8
12:38:07,665.48
12:38:07,665.29
12:38:07,665.17
12:38:07,665.5
12:38:07,665.3
12:38:07,665.58
12:38:07,666.15
12:38:07,666.09
12:38:07,666.05
12:38:08,664.83
12:38:08,665.3
12:38:08,665.58
12:38:08,664.55
12:38:08,665.53
12:38:08,664.92
12:38:08,665.35
12:38:08,665.61
12:38:08,665.77
12:38:08,665.46
12:38:08,664.08
12:38:08,663.65
12:38:08,664.59
12:38:08,663.95
12:38:08,663.17
12:38:08,661.9
12:38:08,663.14
12:38:08,664.29
12:38:08,664.57
12:38:08,665.14
12:38:08,664.29
12:38:08,664.97
12:38:08,665.78
12:38:08,665.47
12:38:08,666.08
12:38:08,664.45
12:38:08,664.67
12:38:08,665.2
12:38:08,665.12
12:38:08,665.07
12:38:08,663.84
12:38:08,663.91
12:38:08,664.74
12:38:08,664.85
12:38:08,663.71
12:38:08,663.82
12:38:08,664.69
12:38:08,664.82
12:38:08,664.49
12:38:08,663.49
12:38:08,662.1
12:38:08,663.66
12:38:08,664.59
12:38:08,663.96
12:38:08,664.37
12:38:08,662.22
12:38:08,662.53
12:38:08,662.72
12:38:09,663.63
12:38:09,664.58
12:38:09,663.15
12:38:09,663.09
12:38:09,663.05
12:38:09,663.43
12:38:09,664.86
12:38:09,662.92
12:38:09,663.75
12:38:09,664.65
12:38:09,664.79
12:38:09,664.07
12:38:09,662.84
12:38:09,663.71
12:38:09,663.42
12:38:09,663.25
12:38:09,664.35
12:38:09,662.61
12:38:09,662.77
12:38:09,664.06
12:38:09,663.24
12:38:09,664.34
12:38:09,665.01
12:38:09,664.2
12:38:09,665.32
12:38:09,664.39
12:38:09,664.64
12:38:09,663.58
12:38:09,664.15
12:38:09,663.69
12:38:09,664.61
12:38:09,665.17
12:38:09,665.5
12:38:09,665.3
12:38:09,665.18
12:38:09,665.11
12:38:09,665.06
12:38:09,665.04
12:38:09,664.22
12:38:09,664.13
12:38:09,663.28
12:38:09,663.97
12:38:09,664.38
12:38:09,663.43
12:38:09,664.46
12:38:09,665.47
12:38:09,665.68
12:38:09,664.61
12:38:09,663.57
12:38:10,664.54
12:38:10,665.52
12:38:10,665.71
12:38:10,665.83
12:38:10,663.1
12:38:10,663.06
12:38:10,663.44
12:38:10,664.06
12:38:10,664.44
12:38:10,664.26
12:38:10,664.96
12:38:10,664.97
12:38:10,664.18
12:38:10,664.91
12:38:10,664.15
12:38:10,664.09
12:38:10,663.65
12:38:10,664.59
12:38:10,663.56
12:38:10,663.33
12:38:10,663.2
12:38:10,664.32
12:38:10,664.59
12:38:10,663.96
12:38:10,663.57
12:38:10,664.54
12:38:10,665.13
12:38:10,665.08
12:38:10,665.05
12:38:10,664.23
12:38:10,663.74
12:38:10,664.64
12:38:10,665.19
12:38:10,665.91
12:38:10,663.15
12:38:10,663.09
12:38:10,663.05
12:38:10,663.43
12:38:10,664.46
12:38:10,662.68
12:38:10,663.61
12:38:10,663.36
12:38:10,663.22
12:38:10,664.33
12:38:10,662.2
12:38:10,663.72
12:38:10,664.63
12:38:10,665.18
12:38:11,665.11
12:38:11,664.26
12:38:11,664.96
12:38:11,664.98
12:38:11,664.99
12:38:11,664.19
12:38:11,662.51
12:38:11,662.71
12:38:11,662.83
12:38:11,664.1
12:38:11,664.46
12:38:11,662.67
12:38:11,664.0
12:38:11,663.6
12:38:11,664.16
12:38:11,664.9
12:38:11,663.34
12:38:11,664.4
12:38:11,664.64
12:38:11,665.19
12:38:11,665.51
12:38:11,665.71
12:38:11,664.62
12:38:11,664.77
12:38:11,665.26
12:38:11,665.16
12:38:11,665.5
12:38:11,664.5
12:38:11,665.1
12:38:11,665.46
12:38:11,665.28
12:38:11,666.77
12:38:11,666.46
12:38:11,666.68
12:38:11,666.41
12:38:11,666.24
12:38:11,666.55
12:38:11,666.33
12:38:11,665.8
12:38:11,665.48
12:38:11,664.49
12:38:11,663.49
12:38:11,664.1
12:38:11,663.66
12:38:11,664.59
12:38:11,663.96
12:38:11,664.37
12:38:11,665.02
12:38:12,664.61
12:38:12,663.97
12:38:12,665.18
12:38:12,665.51
12:38:12,664.91
12:38:12,665.34
12:38:12,665.61
12:38:12,665.76
12:38:12,665.46
12:38:12,664.07
12:38:12,664.04
12:38:12,663.63
12:38:12,664.58
12:38:12,663.95
12:38:12,663.97
12:38:12,664.38
12:38:12,665.03
12:38:12,663.82
12:38:12,664.29
12:38:12,662.17
12:38:12,662.1
12:38:12,663.66
12:38:12,664.2
12:38:12,664.92
12:38:12,662.95
12:38:12,664.57
12:38:12,665.14
12:38:12,665.49
12:38:12,664.49
12:38:12,663.49
12:38:12,664.1
12:38:12,663.66
12:38:12,664.59
12:38:12,663.96
12:38:12,663.57
12:38:12,664.54
12:38:12,665.13
12:38:12,664.28
12:38:12,664.57
12:38:12,663.54
12:38:12,664.52
12:38:12,665.11
12:38:12,664.67
12:38:12,665.2
12:38:12,664.32
12:38:12,663.79
12:38:12,664.28
12:38:12,664.97
12:38:12,664.18
12:38:13,662.11
12:38:13,662.86
12:38:13,664.52
12:38:13,664.71
12:38:13,665.23
12:38:13,662.74
12:38:13,664.04
12:38:13,663.63
12:38:13,664.58
12:38:13,663.95
12:38:13,663.57
12:38:13,664.54
12:38:13,665.12
12:38:13,663.87
12:38:13,663.52
12:38:13,663.71
12:38:13,663.43
12:38:13,663.66
12:38:13,664.59
12:38:13,663.96
12:38:13,666.37
12:38:13,666.22
12:38:13,664.93
12:38:13,665.36
12:38:13,665.62
12:38:13,665.77
12:38:13,665.86
12:38:13,665.52
12:38:13,665.71
12:38:13,665.43
12:38:13,665.66
12:38:13,665.79
12:38:13,665.48
12:38:13,665.29
12:38:13,665.17
12:38:13,665.5
12:38:13,665.3
12:38:13,665.18
12:38:13,665.51
12:38:13,665.71
12:38:13,665.82
12:38:13,665.89
12:38:13,665.54
12:38:13,665.72
12:38:13,665.83
12:38:13,665.5
12:38:13,665.7
12:38:13,665.42
12:38:14,665.65
12:38:14,665.39
12:38:14,666.03
12:38:14,665.22
12:38:14,664.33
12:38:14,663.8
12:38:14,663.08
12:38:14,664.25
12:38:14,664.95
12:38:14,664.97
12:38:14,665.38
12:38:14,665.23
12:38:14,665.54
12:38:14,664.12
12:38:14,663.27
12:38:14,664.36
12:38:14,665.42
12:38:14,665.65
12:38:14,662.99
12:38:14,663.79
12:38:14,664.28
12:38:14,664.57
12:38:14,664.74
12:38:14,664.44
12:38:14,665.07
12:38:14,664.24
12:38:14,664.94
12:38:14,664.17
12:38:14,662.9
12:38:14,663.74
12:38:14,664.24
12:38:14,664.95
12:38:14,664.17
12:38:14,663.3
12:38:14,664.38
12:38:14,665.03
12:38:14,664.22
12:38:14,664.93
12:38:14,662.56
12:38:14,663.53
12:38:14,664.52
12:38:14,665.11
12:38:14,665.07
12:38:14,663.44
12:38:14,664.86
12:38:14,665.72
12:38:14,665.83
12:38:15,665.1
12:38:15,663.06
12:38:15,663.04
12:38:15,663.02
12:38:15,663.41
12:38:15,664.05
12:38:15,664.03
12:38:15,664.02
12:38:15,664.01
12:38:15,663.61
12:38:15,664.16
12:38:15,664.1
12:38:15,664.46
12:38:15,665.08
12:38:15,664.25
12:38:15,664.95
12:38:15,663.37
12:38:15,664.42
12:38:15,665.05
12:38:15,664.23
12:38:15,664.54
12:38:15,665.12
12:38:15,664.27
12:38:15,664.56
12:38:15,665.14
12:38:15,665.48
12:38:15,664.49
12:38:15,665.09
12:38:15,664.26
12:38:15,663.75
12:38:15,664.25
12:38:15,664.95
12:38:15,664.97
12:38:15,664.98
12:38:15,664.99
12:38:15,664.59
12:38:15,664.76
12:38:15,665.25
12:38:15,665.15
12:38:15,665.49
12:38:15,664.49
12:38:15,663.9
12:38:15,661.54
12:38:15,663.32
12:38:15,663.19
12:38:15,664.72
12:38:15,665.23
12:38:15,663.54
12:38:15,664.52
12:38:15,665.11
12:38:16,664.27
12:38:16,664.96
12:38:16,662.98
12:38:16,663.79
12:38:16,664.27
12:38:16,664.96
12:38:16,664.98
12:38:16,664.19
12:38:16,664.91
12:38:16,665.35
12:38:16,666.01
12:38:16,665.21
12:38:16,663.52
12:38:16,664.51
12:38:16,663.91
12:38:16,664.75
12:38:16,664.45
12:38:16,662.27
12:38:16,663.76
12:38:16,664.66
12:38:16,664.79
12:38:16,664.08
12:38:16,662.45
12:38:16,664.27
12:38:16,664.96
12:38:16,664.18
12:38:16,665.31
12:38:16,663.58
12:38:16,664.15
12:38:16,664.49
12:38:16,663.89
12:38:16,663.54
12:38:16,663.32
12:38:16,663.19
12:38:16,664.32
12:38:16,663.79
12:38:16,664.27
12:38:16,662.56
12:38:16,663.94
12:38:16,664.36
12:38:16,665.02
12:38:16,664.61
12:38:16,662.37
12:38:16,663.42
12:38:16,664.45
12:38:16,665.07
12:38:16,665.04
12:38:16,664.23
12:38:17,663.74
12:38:17,664.64
12:38:17,665.18
12:38:17,665.11
12:38:17,664.27
12:38:17,663.76
12:38:17,664.66
12:38:17,664.79
12:38:17,663.68
12:38:17,662.61
12:38:17,662.76
12:38:17,664.06
12:38:17,664.03
12:38:17,663.62
12:38:17,664.57
12:38:17,665.14
12:38:17,665.09
12:38:17,664.25
12:38:17,664.95
12:38:17,664.17
12:38:17,663.7
12:38:17,664.22
12:38:17,663.73
12:38:17,664.64
12:38:17,664.78
12:38:17,664.87
12:38:17,665.32
12:38:17,664.39
12:38:17,665.04
12:38:17,665.02
12:38:17,665.41
12:38:17,664.45
12:38:17,665.07
12:38:17,665.44
12:38:17,665.26
12:38:17,665.56
12:38:17,665.74
12:38:17,665.84
12:38:17,664.7
12:38:17,664.82
12:38:17,664.49
12:38:17,665.1
12:38:17,664.26
12:38:17,664.95
12:38:17,664.17
12:38:17,662.5
12:38:17,663.5
12:38:17,664.1
12:38:18,664.46
12:38:18,665.08
12:38:18,663.05
12:38:18,663.03
12:38:18,663.42
12:38:18,664.45
12:38:18,664.67
12:38:18,662.4
12:38:18,663.44
12:38:18,664.46
12:38:18,664.68
12:38:18,663.61
12:38:18,661.76
12:38:18,663.46
12:38:18,664.48
12:38:18,663.49
12:38:18,663.29
12:38:18,661.97
12:38:18,663.18
12:38:18,664.31
12:38:18,663.39
12:38:18,664.03
12:38:18,663.22
12:38:18,663.13
12:38:18,663.48
12:38:18,663.69
12:38:18,663.41
12:38:18,663.65
12:38:18,664.59
12:38:18,664.75
12:38:18,665.25
12:38:18,664.75
12:38:18,662.45
12:38:18,663.87
12:38:18,665.12
12:38:18,664.27
12:38:18,664.96
12:38:18,664.58
12:38:18,665.15
12:38:18,665.09
12:38:18,664.25
12:38:18,664.95
12:38:18,663.77
12:38:18,665.06
12:38:18,664.64
12:38:18,665.18
12:38:18,665.11
12:38:18,663.47
12:38:18,664.48
12:38:19,664.69
12:38:19,665.61
12:38:19,665.77
12:38:19,664.66
12:38:19,665.2
12:38:19,665.52
12:38:19,665.31
12:38:19,665.19
12:38:19,663.11
12:38:19,663.47
12:38:19,664.48
12:38:19,664.69
12:38:19,664.01
12:38:19,665.61
12:38:19,664.56
12:38:19,665.14
12:38:19,665.48
12:38:19,664.49
12:38:19,663.49
12:38:19,664.1
12:38:19,664.46
12:38:19,665.07
12:38:19,665.04
12:38:19,665.43
12:38:19,665.66
12:38:19,665.79
12:38:19,665.48
12:38:19,664.49
12:38:19,663.49
12:38:19,662.09
12:38:19,662.46
12:38:19,663.87
12:38:19,663.52
12:38:19,664.51
12:38:19,663.51
12:38:19,663.31
12:38:19,663.58
12:38:19,664.15
12:38:19,664.89
12:38:19,662.93
12:38:19,663.76
12:38:19,664.66
12:38:19,664.79
12:38:19,664.08
12:38:19,662.45
12:38:19,663.87
12:38:19,664.32
12:38:19,664.99
12:38:20,664.6
12:38:20,662.36
12:38:20,662.61
12:38:20,662.77
12:38:20,664.06
12:38:20,664.44
12:38:20,663.86
12:38:20,665.12
12:38:20,664.27
12:38:20,664.56
12:38:20,664.74
12:38:20,664.04
12:38:20,664.03
12:38:20,664.02
12:38:20,664.01
12:38:20,664.01
12:38:20,663.2
12:38:20,664.32
12:38:20,664.99
12:38:20,665.0
12:38:20,664.2
12:38:20,662.52
12:38:20,663.91
12:38:20,664.75
12:38:20,665.25
12:38:20,665.15
12:38:20,665.49
12:38:20,665.29
12:38:20,665.58
12:38:20,665.35
12:38:20,665.61
12:38:20,665.76
12:38:20,665.86
12:38:20,666.32
12:38:20,664.99
12:38:20,664.19
12:38:20,664.92
12:38:20,665.35
12:38:20,665.21
12:38:20,664.33
12:38:20,665.0
12:38:20,663.8
12:38:20,664.68
12:38:20,665.61
12:38:20,664.56
12:38:20,665.14
12:38:20,665.48
12:38:20,665.29
12:38:20,665.57
12:38:21,665.74
12:38:21,665.45
12:38:21,665.67
12:38:21,665.8
12:38:21,665.88
12:38:21,665.93
12:38:21,665.96
12:38:21,664.77
12:38:21,665.26
12:38:21,665.56
12:38:21,665.74
12:38:21,665.44
12:38:21,665.26
12:38:21,665.96
12:38:21,665.98
12:38:21,665.59
12:38:21,664.55
12:38:21,664.73
12:38:21,664.04
12:38:21,663.62
12:38:21,664.17
12:38:21,664.9
12:38:21,664.14
12:38:21,663.69
12:38:21,664.21
12:38:21,663.73
12:38:21,664.64
12:38:21,664.78
12:38:21,662.47
12:38:21,663.88
12:38:21,664.33
12:38:21,665.0
12:38:21,665.0
12:38:21,663.8
12:38:21,664.28
12:38:21,664.97
12:38:21,664.18
12:38:21,664.91
12:38:21,662.55
12:38:21,663.93
12:38:21,665.16
12:38:21,665.49
12:38:21,664.5
12:38:21,662.3
12:38:21,663.78
12:38:21,664.27
12:38:21,664.96
12:38:21,664.18
12:38:22,662.51
12:38:22,662.7
12:38:22,664.02
12:38:22,664.01
12:38:22,664.01
12:38:22,663.2
12:38:22,664.32
12:38:22,663.79
12:38:22,663.88
12:38:22,663.53
12:38:22,661.72
12:38:22,663.03
12:38:22,663.42
12:38:22,664.45
12:38:22,664.67
12:38:22,666.4
12:38:22,665.84
12:38:22,665.5
12:38:22,665.3
12:38:22,665.18
12:38:22,665.51
12:38:22,664.51
12:38:22,663.9
12:38:22,664.34
12:38:22,665.01
12:38:22,666.6
12:38:22,666.36
12:38:22,666.22
12:38:22,666.13
12:38:22,665.68
12:38:22,664.21
12:38:22,663.72
12:38:22,663.43
12:38:22,664.06
12:38:22,663.64
12:38:22,664.98
12:38:22,664.99
12:38:22,665.39
12:38:22,665.64
12:38:22,665.38
12:38:22,665.23
12:38:22,665.54
12:38:22,665.72
12:38:22,665.83
12:38:22,666.3
12:38:22,666.58
12:38:22,666.35
12:38:22,666.21
12:38:23,664.93
12:38:23,665.36
12:38:23,665.61
12:38:23,665.77
12:38:23,665.86
12:38:23,665.52
12:38:23,665.71
12:38:23,665.83
12:38:23,665.9
12:38:23,665.94
12:38:23,665.56
12:38:23,665.34
12:38:23,665.6
12:38:23,664.16
12:38:23,663.7
12:38:23,664.62
12:38:23,665.17
12:38:23,665.5
12:38:23,664.1
12:38:23,664.86
12:38:23,664.92
12:38:23,665.35
12:38:23,665.21
12:38:23,663.93
12:38:23,664.76
12:38:23,665.25
12:38:23,665.55
12:38:23,666.13
12:38:23,664.48
12:38:23,664.69
12:38:23,664.81
12:38:23,665.29
12:38:23,665.17
12:38:23,663.1
12:38:23,664.26
12:38:23,664.96
12:38:23,663.77
12:38:23,664.66
12:38:23,662.4
12:38:23,663.84
12:38:23,664.3
12:38:23,663.78
12:38:23,664.27
12:38:23,663.76
12:38:23,664.66
12:38:23,665.19
12:38:23,665.92
12:38:23,666.35
12:38:23,665.01
12:38:24,664.21
12:38:24,663.32
12:38:24,663.99
12:38:24,663.6
12:38:24,663.76
12:38:24,664.65
12:38:24,665.19
12:38:24,665.12
12:38:24,665.47
12:38:24,664.88
12:38:24,664.93
12:38:24,665.36
12:38:24,665.61
12:38:24,665.37
12:38:24,664.42
12:38:24,665.05
12:38:24,664.23
12:38:24,664.94
12:38:24,664.16
12:38:24,664.1
12:38:24,664.86
12:38:24,664.92
12:38:24,664.95
12:38:24,664.17
12:38:24,662.1
12:38:24,664.06
12:38:24,664.04
12:38:24,663.62
12:38:24,664.57
12:38:24,663.94
12:38:24,664.37
12:38:24,665.42
12:38:24,665.65
12:38:24,665.39
12:38:24,663.23
12:38:24,663.54
12:38:24,664.52
12:38:24,665.11
12:38:24,665.07
12:38:24,664.24
12:38:24,664.94
12:38:24,664.97
12:38:24,664.98
12:38:24,664.59
12:38:24,663.15
12:38:24,663.09
12:38:24,663.06
12:38:24,663.03
12:38:25,663.42
12:38:25,664.45
12:38:25,665.07
12:38:25,663.84
12:38:25,664.71
12:38:25,665.22
12:38:25,665.53
12:38:25,665.32
12:38:25,664.39
12:38:25,665.04
12:38:25,665.42
12:38:25,665.65
12:38:25,665.79
12:38:25,666.28
12:38:25,666.17
12:38:25,666.1
12:38:25,666.46
12:38:25,666.28
12:38:25,666.17
12:38:25,664.9
12:38:25,664.14
12:38:25,664.48
12:38:25,663.89
12:38:25,664.33
12:38:25,663.8
12:38:25,663.48
12:38:25,663.29
12:38:25,663.17
12:38:25,663.1
12:38:25,664.26
12:38:25,665.36
12:38:25,665.21
12:38:25,663.13
12:38:25,663.08
12:38:25,663.05
12:38:25,663.83
12:38:25,664.7
12:38:25,664.02
12:38:25,664.01
12:38:25,663.61
12:38:25,664.16
12:38:25,664.9
12:38:25,662.94
12:38:25,664.16
12:38:25,664.9
12:38:25,664.94
12:38:25,663.76
12:38:25,663.46
12:38:26,664.47
12:38:26,665.08
12:38:26,664.25
12:38:26,664.95
12:38:26,662.97
12:38:26,663.78
12:38:26,665.07
12:38:26,664.64
12:38:26,665.18
12:38:26,664.31
12:38:26,664.19
12:38:26,664.91
12:38:26,665.35
12:38:26,665.21
12:38:26,664.72
12:38:26,665.23
12:38:26,665.54
12:38:26,666.12
12:38:26,665.67
12:38:26,664.6
12:38:26,665.16
12:38:26,665.5
12:38:26,665.7
12:38:26,665.42
12:38:26,662.85
12:38:26,663.71
12:38:26,663.43
12:38:26,663.66
12:38:26,664.59
12:38:26,662.76
12:38:26,664.05
12:38:26,664.03
12:38:26,664.02
12:38:26,664.01
12:38:26,666.01
12:38:26,664.8
12:38:26,664.88
12:38:26,664.93
12:38:26,664.96
12:38:26,664.17
12:38:26,663.7
12:38:26,664.22
12:38:26,663.73
12:38:26,664.64
12:38:26,664.78
12:38:26,665.27
12:38:26,665.56
12:38:26,665.74
12:38:26,665.44
12:38:27,666.07
12:38:27,664.84
12:38:27,664.9
12:38:27,665.34
12:38:27,665.61
12:38:27,665.76
12:38:27,665.86
12:38:27,665.51
12:38:27,664.51
12:38:27,664.71
12:38:27,665.22
12:38:27,665.53
12:38:27,665.72
12:38:27,665.43
12:38:27,665.66
12:38:27,665.4
12:38:27,664.04
12:38:27,663.22
12:38:27,663.53
12:38:27,664.52
12:38:27,665.11
12:38:27,663.87
12:38:27,664.72
12:38:27,665.23
12:38:27,665.54
12:38:27,666.12
12:38:27,664.47
12:38:27,665.08
12:38:27,664.25
12:38:27,664.95
12:38:27,664.17
12:38:27,662.5
12:38:27,663.5
12:38:27,664.1
12:38:27,664.46
12:38:27,663.48
12:38:27,662.09
12:38:27,662.45
12:38:27,663.47
12:38:27,664.08
12:38:27,664.85
12:38:27,663.31
12:38:27,663.19
12:38:27,663.91
12:38:27,664.75
12:38:27,665.65
12:38:27,664.59
12:38:27,665.15
12:38:28,664.29
12:38:28,664.58
12:38:28,663.55
12:38:28,663.33
12:38:28,663.2
12:38:28,663.92
12:38:28,664.35
12:38:28,665.01
12:38:28,663.41
12:38:28,663.24
12:38:28,664.35
12:38:28,665.01
12:38:28,664.6
12:38:28,663.96
12:38:28,664.78
12:38:28,664.87
12:38:28,664.12
12:38:28,664.47
12:38:28,662.68
12:38:28,663.61
12:38:28,663.37
12:38:28,664.42
12:38:28,665.05
12:38:28,664.23
12:38:28,663.74
12:38:28,664.64
12:38:28,665.19
12:38:28,665.11
12:38:28,664.27
12:38:28,664.96
12:38:28,664.98
12:38:28,665.39
12:38:28,664.43
12:38:28,662.26
12:38:28,663.76
12:38:28,664.65
12:38:28,665.19
12:38:28,664.72
12:38:28,662.83
12:38:28,664.1
12:38:28,664.46
12:38:28,665.08
12:38:28,665.45
12:38:28,664.47
12:38:28,665.08
12:38:28,664.25
12:38:28,664.95
12:38:28,664.17
12:38:29,662.1
12:38:29,663.66
12:38:29,664.6
12:38:29,665.16
12:38:29,665.49
12:38:29,666.5
12:38:29,666.3
12:38:29,666.18
12:38:29,666.11
12:38:29,665.66
12:38:29,667.4
12:38:29,666.84
12:38:29,666.1
12:38:29,666.06
12:38:29,665.64
12:38:29,667.38
12:38:29,666.83
12:38:29,666.5
12:38:29,665.9
12:38:29,665.14
12:38:29,665.48
12:38:29,665.29
12:38:29,665.57
12:38:29,665.74
12:38:29,666.25
12:38:29,666.15
12:38:29,664.89
12:38:29,664.93
12:38:29,665.36
12:38:29,666.02
12:38:29,665.21
12:38:29,664.33
12:38:29,663.8
12:38:29,664.68
12:38:29,663.61
12:38:29,664.56
12:38:29,663.54
12:38:29,664.52
12:38:29,664.71
12:38:29,665.23
12:38:29,665.54
12:38:29,664.12
12:38:29,663.27
12:38:29,664.36
12:38:29,665.02
12:38:29,663.81
12:38:29,663.49
12:38:29,664.09
12:38:30,663.66
12:38:30,664.59
12:38:30,663.56
12:38:30,663.73
12:38:30,663.44
12:38:30,664.46
12:38:30,664.68
12:38:30,664.01
12:38:30,662.8
12:38:30,663.68
12:38:30,664.21
12:38:30,664.53
12:38:30,665.12
12:38:30,663.87
12:38:30,664.32
12:38:30,663.79
12:38:30,663.48
12:38:30,662.89
12:38:30,662.13
12:38:30,662.08
12:38:30,662.45
12:38:30,663.87
12:38:30,663.52
12:38:30,661.71
12:38:30,662.23
12:38:30,662.54
12:38:30,663.92
12:38:30,664.35
12:38:30,663.81
12:38:30,664.69
12:38:30,664.81
12:38:30,664.89
12:38:30,664.13
12:38:30,663.28
12:38:30,664.37
12:38:30,665.02
12:38:30,664.61
12:38:30,665.17
12:38:30,664.3
12:38:30,664.98
12:38:30,664.99
12:38:30,665.39
12:38:30,665.24
12:38:30,664.34
12:38:30,665.0
12:38:30,664.2
12:38:30,664.92
12:38:30,664.95
12:38:30,662.97
12:38:31,663.78
12:38:31,665.07
12:38:31,664.24
12:38:31,664.95
12:38:31,665.77
12:38:31,665.86
12:38:31,665.52
12:38:31,665.31
12:38:31,665.59
12:38:31,666.15
12:38:31,665.69
12:38:31,665.81
12:38:31,665.89
12:38:31,664.73
12:38:31,665.24
12:38:31,665.54
12:38:31,665.73
12:38:31,665.84
12:38:31,664.7
12:38:31,664.82
12:38:31,665.29
12:38:31,665.58
12:38:31,665.35
12:38:31,665.61
12:38:31,665.76
12:38:31,666.26
12:38:31,665.76
12:38:31,665.85
12:38:31,664.71
12:38:31,664.83
12:38:31,665.3
12:38:31,665.58
12:38:31,665.35
12:38:31,665.61
12:38:31,665.36
12:38:31,665.62
12:38:31,665.77
12:38:31,665.86
12:38:31,664.72
12:38:31,665.23
12:38:31,664.34
12:38:31,665.0
12:38:31,664.2
12:38:31,664.52
12:38:31,665.11
12:38:31,663.87
12:38:31,664.72
12:38:31,665.23
12:38:32,665.54
12:38:32,665.72
12:38:32,665.03
12:38:32,664.22
12:38:32,663.73
12:38:32,664.24
12:38:32,664.94
12:38:32,662.97
12:38:32,663.78
12:38:32,664.27
12:38:32,664.56
12:38:32,665.14
12:38:32,664.68
12:38:32,665.61
12:38:32,664.57
12:38:32,665.14
12:38:32,665.88
12:38:32,663.53
12:38:32,664.52
12:38:32,665.11
12:38:32,665.07
12:38:32,665.84
12:38:32,663.5
12:38:32,664.9
12:38:32,664.94
12:38:32,663.76
12:38:32,665.06
12:38:32,663.44
12:38:32,664.86
12:38:32,665.32
12:38:32,665.59
12:38:32,664.55
12:38:32,663.93
12:38:32,664.76
12:38:32,665.26
12:38:32,665.55
12:38:32,665.73
12:38:32,663.44
12:38:32,664.46
12:38:32,665.48
12:38:32,664.49
12:38:32,663.49
12:38:32,662.5
12:38:32,663.1
12:38:32,663.06
12:38:32,663.44
12:38:32,664.46
12:38:32,663.88
12:38:32,664.33
12:38:33,663.8
12:38:33,665.08
12:38:33,665.45
12:38:33,664.47
12:38:33,665.08
12:38:33,664.25
12:38:33,664.95
12:38:33,664.17
12:38:33,662.1
12:38:33,663.66
12:38:33,665.0
12:38:33,664.6
12:38:33,664.76
12:38:33,662.86
12:38:33,663.71
12:38:33,663.43
12:38:33,663.26
12:38:33,664.35
12:38:33,665.01
12:38:33,664.61
12:38:33,663.96
12:38:33,664.38
12:38:33,664.63
12:38:33,665.18
12:38:33,665.51
12:38:33,665.7
12:38:33,665.42
12:38:33,665.25
12:38:33,665.55
12:38:33,665.73
12:38:33,665.44
12:38:33,665.66
12:38:33,665.4
12:38:33,664.44
12:38:33,665.06
12:38:33,663.84
12:38:33,664.3
12:38:33,664.58
12:38:33,663.95
12:38:33,663.17
12:38:33,663.1
12:38:33,664.26
12:38:33,664.96
12:38:33,664.17
12:38:33,662.9
12:38:33,663.74
12:38:33,664.65
12:38:33,664.79
12:38:34,664.07
12:38:34,663.24
12:38:34,664.35
12:38:34,665.01
12:38:34,664.6
12:38:34,664.76
12:38:34,664.46
12:38:34,665.07
12:38:34,664.24
12:38:34,664.95
12:38:34,664.17
12:38:34,663.3
12:38:34,664.38
12:38:34,665.03
12:38:34,664.22
12:38:34,664.93
12:38:34,664.16
12:38:34,663.69
12:38:34,664.22
12:38:34,664.93
12:38:34,664.96
12:38:34,662.97
12:38:34,663.78
12:38:34,663.87
12:38:34,664.32
12:38:34,664.59
12:38:34,663.16
12:38:34,663.09
12:38:34,663.06
12:38:34,662.63
12:38:34,663.98
12:38:34,662.79
12:38:34,663.67
12:38:34,664.6
12:38:34,664.76
12:38:34,664.86
12:38:34,664.11
12:38:34,664.07
12:38:34,664.04
12:38:34,663.22
12:38:34,663.93
12:38:34,662.36
12:38:34,663.82
12:38:34,665.09
12:38:34,663.85
12:38:34,663.51
12:38:34,663.31
12:38:34,663.18
12:38:35,663.91
12:38:35,664.75
12:38:35,664.85
12:38:35,662.51
12:38:35,662.71
12:38:35,662.82
12:38:35,664.09
12:38:35,664.86
12:38:35,666.51
12:38:35,665.11
12:38:35,664.67
12:38:35,665.2
12:38:35,665.12
12:38:35,667.07
12:38:35,665.84
12:38:35,665.91
12:38:35,665.94
12:38:35,664.77
12:38:35,664.86
12:38:35,665.32
12:38:35,664.39
12:38:35,665.03
12:38:35,664.22
12:38:35,664.53
12:38:35,665.12
12:38:35,664.27
12:38:35,664.96
12:38:35,664.98
12:38:35,664.19
12:38:35,664.91
12:38:35,665.35
12:38:35,665.61
12:38:35,665.77
12:38:35,665.46
12:38:35,664.48
12:38:35,665.49
12:38:35,666.09
12:38:35,665.65
12:38:35,665.39
12:38:35,662.84
12:38:35,663.7
12:38:35,664.62
12:38:35,665.17
12:38:35,665.5
12:38:35,663.3
12:38:35,664.38
12:38:35,665.03
12:38:35,664.62
12:38:36,665.17
12:38:36,663.5
12:38:36,664.1
12:38:36,664.86
12:38:36,664.92
12:38:36,664.55
12:38:36,663.93
12:38:36,664.76
12:38:36,665.25
12:38:36,665.55
12:38:36,665.73
12:38:36,664.64
12:38:36,665.18
12:38:36,665.51
12:38:36,665.31
12:38:36,665.58
12:38:36,663.35
12:38:36,664.41
12:38:36,663.85
12:38:36,664.31
12:38:36,664.58
12:38:36,662.75
12:38:36,663.65
12:38:36,664.59
12:38:36,663.55
12:38:36,664.93
12:38:36,662.96
12:38:36,664.18
12:38:36,664.91
12:38:36,665.74
12:38:36,665.85
12:38:36,663.51
12:38:36,663.3
12:38:36,664.38
12:38:36,664.63
12:38:36,665.18
12:38:36,663.11
12:38:36,662.66
12:38:36,664.0
12:38:36,663.6
12:38:36,664.56
12:38:36,663.94
12:38:36,664.36
12:38:36,664.62
12:38:36,665.17
12:38:36,665.1
12:38:36,664.26
12:38:36,664.96
12:38:36,664.97
12:38:37,665.38
12:38:37,665.23
12:38:37,664.74
12:38:37,665.24
12:38:37,665.55
12:38:37,665.73
12:38:37,665.84
12:38:37,663.9
12:38:37,664.74
12:38:37,665.24
12:38:37,665.55
12:38:37,665.33
12:38:37,662.8
12:38:37,664.08
12:38:37,663.25
12:38:37,663.15
12:38:37,664.29
12:38:37,663.77
12:38:37,664.66
12:38:37,665.2
12:38:37,665.52
12:38:37,665.71
12:38:37,663.03
12:38:37,663.42
12:38:37,664.45
12:38:37,665.07
12:38:37,665.04
12:38:37,664.23
12:38:37,663.74
12:38:37,664.64
12:38:37,665.18
12:38:37,665.91
12:38:37,663.15
12:38:37,663.09
12:38:37,663.05
12:38:37,662.63
12:38:37,663.98
12:38:37,663.59
12:38:37,664.15
12:38:37,664.49
12:38:37,664.69
12:38:37,663.62
12:38:37,664.57
12:38:37,665.14
12:38:37,665.09
12:38:37,664.25
12:38:37,664.95
12:38:37,664.17
12:38:37,664.9
12:38:38,664.94
12:38:38,664.96
12:38:38,664.98
12:38:38,664.19
12:38:38,664.91
12:38:38,664.95
12:38:38,664.97
12:38:38,663.78
12:38:38,663.47
12:38:38,663.28
12:38:38,664.37
12:38:38,664.62
12:38:38,664.77
12:38:38,665.26
12:38:38,664.76
12:38:38,665.25
12:38:38,665.55
12:38:38,665.73
12:38:38,665.84
12:38:38,663.5
12:38:38,664.1
12:38:38,664.86
12:38:38,664.12
12:38:38,664.47
12:38:38,662.28
12:38:38,663.77
12:38:38,665.06
12:38:38,664.64
12:38:38,664.78
12:38:38,662.87
12:38:38,664.52
12:38:38,664.71
12:38:38,664.83
12:38:38,664.9
12:38:38,663.34
12:38:38,664.4
12:38:38,664.64
12:38:38,664.79
12:38:38,664.07
12:38:38,664.04
12:38:38,664.03
12:38:38,664.02
12:38:38,664.01
12:38:38,664.01
12:38:38,663.2
12:38:38,664.72
12:38:38,665.23
12:38:38,664.34
12:38:39,665.0
12:38:39,664.2
12:38:39,664.92
12:38:39,665.35
12:38:39,665.61
12:38:39,665.77
12:38:39,664.66
12:38:39,665.2
12:38:39,665.12
12:38:39,664.27
12:38:39,664.96
12:38:39,663.38
12:38:39,664.43
12:38:39,665.06
12:38:39,664.23
12:38:39,664.94
12:38:39,665.76
12:38:39,665.86
12:38:39,665.52
12:38:39,665.71
12:38:39,665.83
12:38:39,665.9
12:38:39,665.94
12:38:39,665.96
12:38:39,665.58
12:38:39,664.55
12:38:39,665.13
12:38:39,664.28
12:38:39,664.97
12:38:39,665.38
12:38:39,664.43
12:38:39,665.06
12:38:39,663.83
12:38:39,664.7
12:38:39,664.82
12:38:39,665.29
12:38:39,665.18
12:38:39,665.51
12:38:39,664.5
12:38:39,664.7
12:38:39,663.62
12:38:39,664.57
12:38:39,663.54
12:38:39,664.53
12:38:39,665.12
12:38:39,665.47
12:38:39,666.08
12:38:39,664.45
12:38:40,665.07
12:38:40,664.24
12:38:40,664.55
12:38:40,664.73
12:38:40,664.04
12:38:40,663.62
12:38:40,663.37
12:38:40,664.42
12:38:40,665.05
12:38:40,663.83
12:38:40,664.7
12:38:40,664.82
12:38:40,664.89
12:38:40,663.74
12:38:40,663.44
12:38:40,664.46
12:38:40,665.08
12:38:40,665.45
12:38:40,665.27
12:38:40,663.16
12:38:40,663.1
12:38:40,663.06
12:38:40,663.43
12:38:40,664.46
12:38:40,662.68
12:38:40,663.61
12:38:40,664.16
12:38:40,663.7
12:38:40,664.22
12:38:40,662.13
12:38:40,662.08
12:38:40,662.45
12:38:40,663.87
12:38:40,663.52
12:38:40,661.71
12:38:40,662.23
12:38:40,662.14
12:38:40,662.48
12:38:40,662.69
12:38:40,663.21
12:38:40,663.13
12:38:40,663.48
12:38:40,664.09
12:38:40,664.85
12:38:40,663.31
12:38:40,663.19
12:38:40,664.31
12:38:40,663.79
12:38:41,663.47
12:38:41,664.48
12:38:41,664.69
12:38:41,665.61
12:38:41,664.57
12:38:41,665.14
12:38:41,665.48
12:38:41,665.29
12:38:41,665.97
12:38:41,665.98
12:38:41,664.79
12:38:41,663.67
12:38:41,664.6
12:38:41,664.76
12:38:41,665.26
12:38:41,665.55
12:38:41,665.33
12:38:41,664.4
12:38:41,664.64
12:38:41,665.18
12:38:41,665.51
12:38:41,665.31
12:38:41,664.38
12:38:41,665.03
12:38:41,664.62
12:38:41,665.17
12:38:41,665.5
12:38:41,664.5
12:38:41,665.1
12:38:41,665.46
12:38:41,665.28
12:38:41,665.17
12:38:41,663.9
12:38:41,664.34
12:38:41,665.0
12:38:41,665.4
12:38:41,664.04
12:38:41,663.22
12:38:41,663.14
12:38:41,663.08
12:38:41,663.85
12:38:41,663.51
12:38:41,662.91
12:38:41,664.14
12:38:41,663.69
12:38:41,664.21
12:38:41,664.53
12:38:41,663.92
12:38:41,664.75
12:38:42,665.25
12:38:42,665.55
12:38:42,665.33
12:38:42,663.2
12:38:42,664.32
12:38:42,663.79
12:38:42,664.27
12:38:42,664.96
12:38:42,662.98
12:38:42,663.79
12:38:42,664.27
12:38:42,664.56
12:38:42,665.54
12:38:42,664.52
12:38:42,664.71
12:38:42,664.03
12:38:42,664.02
12:38:42,663.21
12:38:42,663.13
12:38:42,662.68
12:38:42,663.61
12:38:42,664.56
12:38:42,665.54
12:38:42,664.52
12:38:42,663.91
12:38:42,663.55
12:38:42,664.53
12:38:42,665.12
12:38:42,663.87
12:38:42,663.92
12:38:42,664.75
12:38:42,664.85
12:38:42,663.71
12:38:42,663.43
12:38:42,664.46
12:38:42,665.07
12:38:42,665.04
12:38:42,665.03
12:38:42,663.42
12:38:42,664.45
12:38:42,665.07
12:38:42,664.64
12:38:42,664.79
12:38:42,664.07
12:38:42,664.04
12:38:42,664.03
12:38:42,664.02
12:38:42,664.01
12:38:42,663.21
12:38:43,663.12
12:38:43,662.67
12:38:43,664.0
12:38:43,664.8
12:38:43,663.68
12:38:43,663.81
12:38:43,663.49
12:38:43,664.89
12:38:43,664.13
12:38:43,665.28
12:38:43,665.57
12:38:43,666.14
12:38:43,664.88
12:38:43,664.13
12:38:43,665.28
12:38:43,665.57
12:38:43,665.74
12:38:43,665.84
12:38:43,664.71
12:38:43,665.22
12:38:43,664.33
12:38:43,663.8
12:38:43,664.28
12:38:43,664.57
12:38:43,665.14
12:38:43,664.28
12:38:43,664.97
12:38:43,664.98
12:38:43,664.19
12:38:43,665.31
12:38:43,664.39
12:38:43,665.03
12:38:43,664.62
12:38:43,665.17
12:38:43,665.5
12:38:43,664.1
12:38:43,664.86
12:38:43,665.32
12:38:43,665.59
12:38:43,664.55
12:38:43,662.33
12:38:43,662.6
12:38:43,663.96
12:38:43,663.58
12:38:43,664.15
12:38:43,662.49
12:38:43,663.49
12:38:44,664.5
12:38:44,665.1
12:38:44,665.46
12:38:44,662.88
12:38:44,663.73
12:38:44,664.64
12:38:44,665.58
12:38:44,665.35
12:38:44,664.41
12:38:44,663.85
12:38:44,665.11
12:38:44,663.86
12:38:44,664.32
12:38:44,662.99
12:38:44,664.19
12:38:44,664.92
12:38:44,664.95
12:38:44,664.17
12:38:44,662.9
12:38:44,663.74
12:38:44,665.04
12:38:44,665.03
12:38:44,663.82
12:38:44,662.29
12:38:44,663.37
12:38:44,664.42
12:38:44,664.65
12:38:44,664.79
12:38:44,663.28
12:38:44,664.77
12:38:44,665.26
12:38:44,665.56
12:38:44,665.33
12:38:44,664.4
12:38:44,664.64
12:38:44,665.18
12:38:44,665.51
12:38:44,665.71
12:38:44,663.02
12:38:44,663.41
12:38:44,663.25
12:38:44,663.15
12:38:44,664.29
12:38:44,663.77
12:38:44,664.66
12:38:44,665.2
12:38:44,665.52
12:38:44,665.31
12:38:44,664.39
12:38:45,665.03
12:38:45,664.22
12:38:45,664.93
12:38:45,665.76
12:38:45,663.46
12:38:45,664.47
12:38:45,664.68
12:38:45,665.61
12:38:45,665.77
12:38:45,663.46
12:38:45,664.88
12:38:45,665.33
12:38:45,664.4
12:38:45,665.04
12:38:45,664.62
12:38:45,665.17
12:38:45,664.3
12:38:45,664.98
12:38:45,664.19
12:38:45,664.91
12:38:45,665.35
12:38:45,665.21
12:38:45,664.33
12:38:45,664.6
12:38:45,665.16
12:38:45,665.09
12:38:45,664.26
12:38:45,664.95
12:38:45,664.57
12:38:45,665.14
12:38:45,665.09
12:38:45,664.25
12:38:45,663.75
12:38:45,664.65
12:38:45,665.59
12:38:45,665.75
12:38:45,665.85
12:38:45,665.51
12:38:45,665.71
12:38:45,665.82
12:38:45,665.89
12:38:45,665.54
12:38:45,665.72
12:38:45,666.23
12:38:45,665.74
12:38:45,665.84
12:38:45,665.51
12:38:45,665.7
12:38:46,664.62
12:38:46,665.17
12:38:46,664.7
12:38:46,665.22
12:38:46,664.33
12:38:46,665.0
12:38:46,665.4
12:38:46,664.44
12:38:46,665.06
12:38:46,664.64
12:38:46,665.58
12:38:46,665.35
12:38:46,664.81
12:38:46,664.89
12:38:46,665.33
12:38:46,665.6
12:38:46,665.36
12:38:46,664.42
12:38:46,665.05
12:38:46,664.63
12:38:46,665.18
12:38:46,665.51
12:38:46,664.5
12:38:46,665.5
12:38:46,665.3
12:38:46,664.78
12:38:46,663.67
12:38:46,663.4
12:38:46,664.04
12:38:46,664.02
12:38:46,663.61
12:38:46,664.17
12:38:46,663.7
12:38:46,664.62
12:38:46,665.17
12:38:46,665.5
12:38:46,664.1
12:38:46,662.46
12:38:46,663.88
12:38:46,664.33
12:38:46,665.0
12:38:46,665.0
12:38:46,664.2
12:38:46,664.92
12:38:46,664.95
12:38:46,664.97
12:38:46,664.18
12:38:46,662.51
12:38:47,662.71
12:38:47,662.82
12:38:47,664.09
12:38:47,664.86
12:38:47,662.91
12:38:47,664.15
12:38:47,663.69
12:38:47,664.21
12:38:47,664.93
12:38:47,664.16
12:38:47,663.69
12:38:47,664.22
12:38:47,663.73
12:38:47,664.64
12:38:47,662.78
12:38:47,663.67
12:38:47,664.6
12:38:47,665.16
12:38:47,665.5
12:38:47,664.5
12:38:47,665.5
12:38:47,665.7
12:38:47,665.82
12:38:47,665.49
12:38:47,663.7
12:38:47,663.42
12:38:47,663.25
12:38:47,664.35
12:38:47,665.01
12:38:47,663.01
12:38:47,663.4
12:38:47,664.84
12:38:47,665.71
12:38:47,665.42
12:38:47,667.25
12:38:47,666.35
12:38:47,666.21
12:38:47,664.93
12:38:47,664.96
12:38:47,666.97
12:38:47,666.18
12:38:47,666.11
12:38:47,664.47
12:38:47,665.08
12:38:47,665.45
12:38:47,665.67
12:38:47,665.8
12:38:47,665.48
12:38:47,664.49
12:38:48,664.69
12:38:48,664.82
12:38:48,665.29
12:38:48,664.77
12:38:48,665.66
12:38:48,665.4
12:38:48,665.24
12:38:48,665.54
12:38:48,665.73
12:38:48,665.44
12:38:48,665.26
12:38:48,665.56
12:38:48,665.73
12:38:48,665.84
12:38:48,664.7
12:38:48,665.62
12:38:48,664.57
12:38:48,665.14
12:38:48,665.49
12:38:48,664.49
12:38:48,663.9
12:38:48,663.54
12:38:48,664.92
12:38:48,665.35
12:38:48,665.61
12:38:48,665.77
12:38:48,663.06
12:38:48,663.44
12:38:48,664.46
12:38:48,664.68
12:38:48,664.01
12:38:48,663.6
12:38:48,664.96
12:38:48,665.38
12:38:48,665.23
12:38:48,665.54
12:38:48,662.92
12:38:48,664.15
12:38:48,663.69
12:38:48,664.22
12:38:48,664.93
12:38:48,664.56
12:38:48,665.13
12:38:48,664.28
12:38:48,664.57
12:38:48,664.74
12:38:48,662.44
12:38:48,663.87
12:38:49,664.32
12:38:49,664.99
12:38:49,664.2
12:38:49,663.72
12:38:49,664.63
12:38:49,664.78
12:38:49,664.07
12:38:49,663.64
12:38:49,663.38
12:38:49,664.83
12:38:49,665.3
12:38:49,665.18
12:38:49,665.91
12:38:49,663.54
12:38:49,664.93
12:38:49,665.36
12:38:49,665.61
12:38:49,665.77
12:38:49,664.26
12:38:49,663.76
12:38:49,664.65
12:38:49,664.79
12:38:49,663.68
12:38:49,662.61
12:38:49,662.76
12:38:49,664.06
12:38:49,663.23
12:38:49,664.34
12:38:49,662.6
12:38:49,663.56
12:38:49,664.14
12:38:49,663.68
12:38:49,664.21
12:38:49,663.73
12:38:49,663.44
12:38:49,664.46
12:38:49,665.08
12:38:49,665.45
12:38:49,664.47
12:38:49,665.48
12:38:49,665.29
12:38:49,665.97
12:38:49,664.78
12:38:49,664.07
12:38:49,663.64
12:38:49,664.59
12:38:49,664.75
12:38:49,665.65
12:38:49,664.99
12:38:50,664.99
12:38:50,665.0
12:38:50,664.6
12:38:50,663.96
12:38:50,662.38
12:38:50,663.43
12:38:50,664.46
12:38:50,665.07
12:38:50,665.04
12:38:50,667.03
12:38:50,665.82
12:38:50,666.29
12:38:50,666.17
12:38:50,666.1
12:38:50,667.26
12:38:50,666.76
12:38:50,666.45
12:38:50,666.27
12:38:50,666.56
12:38:50,666.74
12:38:50,666.84
12:38:50,666.91
12:38:50,665.34
12:38:50,665.61
12:38:50,665.76
12:38:50,665.86
12:38:50,665.51
12:38:50,664.51
12:38:50,664.71
12:38:50,665.22
12:38:50,665.53
12:38:50,665.72
12:38:50,665.83
12:38:50,666.3
12:38:50,666.18
12:38:50,666.11
12:38:50,664.46
12:38:50,665.08
12:38:50,665.45
12:38:50,665.27
12:38:50,665.56
12:38:50,665.74
12:38:50,665.84
12:38:50,664.71
12:38:50,664.82
12:38:50,665.69
12:38:50,665.42
12:38:50,665.65
12:38:51,665.39
12:38:51,665.23
12:38:51,665.54
12:38:51,665.72
12:38:51,665.83
12:38:51,666.3
12:38:51,665.78
12:38:51,664.67
12:38:51,665.2
12:38:51,665.92
12:38:51,665.55
12:38:51,665.33
12:38:51,664.0
12:38:51,663.6
12:38:51,664.56
12:38:51,664.74
12:38:51,665.64
12:38:51,662.98
12:38:51,664.19
12:38:51,664.91
12:38:51,665.35
12:38:51,666.01
12:38:51,664.01
12:38:51,664.0
12:38:51,663.6
12:38:51,664.56
12:38:51,665.14
12:38:51,664.28
12:38:51,664.97
12:38:51,664.98
12:38:51,664.19
12:38:51,665.31
12:38:51,664.39
12:38:51,665.03
12:38:51,663.82
12:38:51,665.09
12:38:51,665.46
12:38:51,664.47
12:38:51,665.08
12:38:51,664.25
12:38:51,664.95
12:38:51,664.17
12:38:51,662.1
12:38:51,663.66
12:38:51,664.6
12:38:51,665.16
12:38:51,665.49
12:38:51,663.7
12:38:51,664.62
12:38:52,665.17
12:38:52,665.1
12:38:52,665.46
12:38:52,664.48
12:38:52,665.09
12:38:52,664.25
12:38:52,663.75
12:38:52,664.65
12:38:52,663.99
12:38:52,664.39
12:38:52,665.04
12:38:52,663.82
12:38:52,665.09
12:38:52,664.66
12:38:52,665.19
12:38:52,665.52
12:38:52,665.71
12:38:52,665.43
12:38:52,664.46
12:38:52,665.07
12:38:52,664.64
12:38:52,665.19
12:38:52,665.11
12:38:52,664.27
12:38:52,663.76
12:38:52,664.66
12:38:52,665.19
12:38:52,665.52
12:38:52,663.31
12:38:52,663.19
12:38:52,663.91
12:38:52,664.75
12:38:52,664.85
12:38:52,665.71
12:38:52,664.63
12:38:52,663.98
12:38:52,664.39
12:38:52,665.43
12:38:52,665.66
12:38:52,665.8
12:38:52,665.88
12:38:52,665.93
12:38:52,665.56
12:38:52,666.93
12:38:52,666.56
12:38:52,666.34
12:38:52,666.2
12:38:52,665.72
12:38:53,665.83
12:38:53,665.9
12:38:53,665.54
12:38:53,665.72
12:38:53,665.83
12:38:53,665.5
12:38:53,665.3
12:38:53,665.58
12:38:53,665.35
12:38:53,665.61
12:38:53,665.77
12:38:53,665.86
12:38:53,665.52
12:38:53,665.71
12:38:53,665.83
12:38:53,665.5
12:38:53,665.3
12:38:53,665.58
12:38:53,665.35
12:38:53,665.61
12:38:53,665.36
12:38:53,665.62
12:38:53,665.77
12:38:53,666.26
12:38:53,666.16
12:38:53,665.69
12:38:53,665.42
12:38:53,665.65
12:38:53,666.19
12:38:53,666.11
12:38:53,665.67
12:38:53,665.8
12:38:53,665.88
12:38:53,665.93
12:38:53,665.96
12:38:53,664.77
12:38:53,665.26
12:38:53,665.56
12:38:53,665.74
12:38:53,665.44
12:38:53,665.26
12:38:53,665.96
12:38:53,665.58
12:38:53,665.35
12:38:53,665.61
12:38:53,665.36
12:38:53,666.02
12:38:53,665.21
12:38:54,664.33
12:38:54,664.6
12:38:54,665.16
12:38:54,663.49
12:38:54,663.7
12:38:54,664.62
12:38:54,665.17
12:38:54,665.5
12:38:54,663.3
12:38:54,663.58
12:38:54,664.95
12:38:54,664.97
12:38:54,664.18
12:38:54,663.71
12:38:54,663.43
12:38:54,664.06
12:38:54,664.43
12:38:54,665.06
12:38:54,663.84
12:38:54,665.1
12:38:54,665.46
12:38:54,665.28
12:38:54,663.97
12:38:54,662.38
12:38:54,663.83
12:38:54,664.7
12:38:54,664.82
12:38:54,664.89
12:38:54,663.33
12:38:54,663.2
12:38:54,664.32
12:38:54,664.99
12:38:54,664.2
12:38:54,664.12
12:38:54,663.67
12:38:54,664.6
12:38:54,663.96
12:38:54,664.38
12:38:54,663.83
12:38:54,664.7
12:38:54,665.22
12:38:54,665.53
12:38:54,665.72
12:38:54,663.43
12:38:54,664.46
12:38:54,665.08
12:38:54,664.25
12:38:54,664.95
12:38:55,663.37
12:38:55,664.42
12:38:55,665.05
12:38:55,664.23
12:38:55,664.94
12:38:55,663.36
12:38:55,664.42
12:38:55,665.05
12:38:55,663.83
12:38:55,665.1
12:38:55,662.66
12:38:55,664.0
12:38:55,663.6
12:38:55,664.56
12:38:55,664.73
12:38:55,662.84
12:38:55,663.7
12:38:55,664.22
12:38:55,663.73
12:38:55,664.24
12:38:55,662.54
12:38:55,663.93
12:38:55,665.16
12:38:55,664.29
12:38:55,665.38
12:38:55,666.03
12:38:55,665.22
12:38:55,664.33
12:38:55,663.4
12:38:55,664.04
12:38:55,664.42
12:38:55,665.05
12:38:55,664.23
12:38:55,663.74
12:38:55,664.24
12:38:55,664.95
12:38:55,664.97
12:38:55,664.98
12:38:55,665.39
12:38:55,665.23
12:38:55,665.54
12:38:55,665.72
12:38:55,665.83
12:38:55,665.9
12:38:55,664.74
12:38:55,664.84
12:38:55,664.11
12:38:55,663.66
12:38:56,664.6
12:38:56,664.76
12:38:56,665.26
12:38:56,665.55
12:38:56,665.73
12:38:56,665.44
12:38:56,664.46
12:38:56,665.48
12:38:56,662.89
12:38:56,664.13
12:38:56,663.68
12:38:56,663.41
12:38:56,664.04
12:38:56,663.23
12:38:56,663.14
12:38:56,663.88
12:38:56,663.53
12:38:56,664.52
12:38:56,664.31
12:38:56,663.79
12:38:56,664.27
12:38:56,664.96
12:38:56,664.18
12:38:56,663.71
12:38:56,663.42
12:38:56,664.05
12:38:56,664.43
12:38:56,665.06
12:38:56,664.24
12:38:56,664.54
12:38:56,665.12
12:38:56,665.47
12:38:56,666.09
12:38:56,664.85
12:38:56,665.31
12:38:56,664.39
12:38:56,665.03
12:38:56,663.82
12:38:56,663.49
12:38:56,664.89
12:38:56,665.34
12:38:56,665.6
12:38:56,664.56
12:38:56,662.74
12:38:56,663.64
12:38:56,664.59
12:38:56,664.35
12:38:56,665.01
12:38:56,663.01
12:38:57,663.0
12:38:57,663.0
12:38:57,663.0
12:38:57,663.8
12:38:57,662.68
12:38:57,663.61
12:38:57,663.36
12:38:57,664.02
12:38:57,663.61
12:38:57,663.77
12:38:57,664.66
12:38:57,665.2
12:38:57,665.52
12:38:57,665.71
12:38:57,665.03
12:38:57,664.62
12:38:57,665.17
12:38:57,664.3
12:38:57,664.58
12:38:57,665.55
12:38:57,665.73
12:38:57,665.84
12:38:57,665.5
12:38:57,665.3
12:38:57,666.78
12:38:57,666.47
12:38:57,665.88
12:38:57,665.93
12:38:57,665.16
12:38:57,667.09
12:38:57,665.46
12:38:57,665.27
12:38:57,665.56
12:38:57,665.34
12:38:57,667.2
12:38:57,666.72
12:38:57,666.43
12:38:57,666.26
12:38:57,666.16
12:38:57,666.09
12:38:57,664.86
12:38:57,665.31
12:38:57,664.39
12:38:57,664.63
12:38:57,665.18
12:38:57,665.51
12:38:57,664.5
12:38:57,665.1
12:38:58,665.46
12:38:58,666.08
12:38:58,664.85
12:38:58,664.91
12:38:58,664.14
12:38:58,664.89
12:38:58,664.13
12:38:58,663.68
12:38:58,663.81
12:38:58,664.68
12:38:58,664.01
12:38:58,664.01
12:38:58,662.8
12:38:58,664.08
12:38:58,663.65
12:38:58,664.59
12:38:58,663.95
12:38:58,661.97
12:38:58,663.58
12:38:58,664.15
12:38:58,664.89
12:38:58,664.13
12:38:58,663.68
12:38:58,664.61
12:38:58,663.96
12:38:58,664.38
12:38:58,664.63
12:38:58,663.98
12:38:58,664.39
12:38:58,665.03
12:38:58,664.22
12:38:58,664.93
12:38:58,664.16
12:38:58,663.7
12:38:58,664.62
12:38:58,665.17
12:38:58,665.5
12:38:58,663.3
12:38:58,664.78
12:38:58,664.87
12:38:58,664.12
12:38:58,664.47
12:38:58,663.88
12:38:58,664.33
12:38:58,663.8
12:38:58,663.48
12:38:58,663.29
12:38:58,663.17
12:38:58,663.1
12:38:59,664.26
12:38:59,664.96
12:38:59,664.17
12:38:59,664.1
12:38:59,664.86
12:38:59,664.52
12:38:59,664.71
12:38:59,665.23
12:38:59,663.14
12:38:59,662.68
12:38:59,664.01
12:38:59,664.01
12:38:59,664.0
12:38:59,664.0
12:38:59,663.6
12:38:59,664.56
12:38:59,665.14
12:38:59,665.48
12:38:59,663.69
12:38:59,665.01
12:38:59,664.61
12:38:59,663.96
12:38:59,664.38
12:38:59,666.23
12:38:59,664.94
12:38:59,665.36
12:38:59,665.62
12:38:59,665.77
12:38:59,667.46
12:38:59,666.88
12:38:59,666.13
12:38:59,664.88
12:38:59,664.13
12:38:59,666.48
12:38:59,665.89
12:38:59,665.53
12:38:59,665.72
12:38:59,665.83
12:38:59,665.9
12:38:59,665.54
12:38:59,665.72
12:38:59,665.83
12:38:59,665.9
12:38:59,664.74
12:38:59,665.24
12:38:59,665.55
12:38:59,665.73
12:38:59,665.84
12:39:00,664.3
12:39:00,664.98
12:39:00,664.99
12:39:00,664.99
12:39:00,664.2
12:39:00,664.52
12:39:00,665.11
12:39:00,663.87
12:39:00,664.72
12:39:00,665.23
12:39:00,665.14
12:39:00,665.48
12:39:00,665.29
12:39:00,665.57
12:39:00,665.34
12:39:00,666.01
12:39:00,665.2
12:39:00,665.52
12:39:00,665.31
12:39:00,665.19
12:39:00,665.51
12:39:00,664.91
12:39:00,665.34
12:39:00,665.61
12:39:00,665.76
12:39:00,665.86
12:39:00,664.72
12:39:00,664.83
12:39:00,665.3
12:39:00,665.58
12:39:00,664.55
12:39:00,664.33
12:39:00,663.4
12:39:00,664.04
12:39:00,664.42
12:39:00,665.05
12:39:00,663.83
12:39:00,664.7
12:39:00,664.82
12:39:00,664.89
12:39:00,664.14
12:39:00,663.68
12:39:00,664.61
12:39:00,663.97
12:39:00,663.58
12:39:00,664.15
12:39:00,662.89
12:39:00,663.73
12:39:01,664.24
12:39:01,664.94
12:39:01,663.77
12:39:01,663.46
12:39:01,664.48
12:39:01,665.49
12:39:01,664.49
12:39:01,663.89
12:39:01,662.34
12:39:01,663.8
12:39:01,664.28
12:39:01,664.57
12:39:01,665.14
12:39:01,662.68
12:39:01,663.61
12:39:01,663.37
12:39:01,663.22
12:39:01,664.33
12:39:01,664.2
12:39:01,664.92
12:39:01,665.35
12:39:01,665.61
12:39:01,665.77
12:39:01,664.66
12:39:01,665.2
12:39:01,665.52
12:39:01,665.71
12:39:01,665.43
12:39:01,662.86
12:39:01,664.11
12:39:01,664.07
12:39:01,664.04
12:39:01,664.42
12:39:01,662.65
12:39:01,663.99
12:39:01,664.4
12:39:01,665.04
12:39:01,665.42
12:39:01,664.45
12:39:01,665.07
12:39:01,664.64
12:39:01,665.19
12:39:01,665.11
12:39:01,664.27
12:39:01,664.96
12:39:01,664.98
12:39:01,665.39
12:39:01,664.03
12:39:01,665.22
12:39:02,664.33
12:39:02,663.8
12:39:02,665.08
12:39:02,665.05
12:39:02,665.03
12:39:02,664.62
12:39:02,664.77
12:39:02,665.26
12:39:02,665.56
12:39:02,665.73
12:39:02,665.84
12:39:02,665.5
12:39:02,665.3
12:39:02,665.18
12:39:02,665.91
12:39:02,665.95
12:39:02,665.57
12:39:02,665.34
12:39:02,665.6
12:39:02,664.56
12:39:02,665.14
12:39:02,665.48
12:39:02,665.29
12:39:02,665.17
12:39:02,665.5
12:39:02,664.5
12:39:02,664.3
12:39:02,664.98
12:39:02,664.19
12:39:02,664.91
12:39:02,663.35
12:39:02,664.41
12:39:02,663.85
12:39:02,663.51
12:39:02,664.5
12:39:02,662.3
12:39:02,664.18
12:39:02,664.51
12:39:02,665.11
12:39:02,665.46
12:39:02,662.88
12:39:02,663.73
12:39:02,664.64
12:39:02,664.78
12:39:02,664.07
12:39:02,663.24
12:39:02,664.34
12:39:02,665.01
12:39:03,664.6
12:39:03,663.96
12:39:03,663.58
12:39:03,664.55
12:39:03,664.73
12:39:03,665.24
12:39:03,665.94
12:39:03,663.97
12:39:03,664.38
12:39:03,665.03
12:39:03,664.62
12:39:03,665.17
12:39:03,664.7
12:39:03,664.82
12:39:03,665.29
12:39:03,665.58
12:39:03,664.15
12:39:03,662.09
12:39:03,662.45
12:39:03,663.87
12:39:03,665.12
12:39:03,665.07
12:39:03,664.24
12:39:03,664.95
12:39:03,665.37
12:39:03,665.62
12:39:03,665.77
12:39:03,664.66
12:39:03,665.2
12:39:03,665.52
12:39:03,665.71
12:39:03,665.83
12:39:03,664.7
12:39:03,663.62
12:39:03,664.17
12:39:03,664.9
12:39:03,664.14
12:39:03,662.08
12:39:03,662.45
12:39:03,663.87
12:39:03,664.72
12:39:03,665.23
12:39:03,662.74
12:39:03,664.04
12:39:03,663.63
12:39:03,664.58
12:39:03,663.95
12:39:03,665.97
12:39:04,665.58
12:39:04,665.75
12:39:04,665.85
12:39:04,664.71
12:39:04,665.23
12:39:04,664.34
12:39:04,665.0
12:39:04,664.2
12:39:04,664.52
12:39:04,665.11
12:39:04,664.27
12:39:04,663.76
12:39:04,664.66
12:39:04,665.59
12:39:04,664.56
12:39:04,665.13
12:39:04,664.28
12:39:04,664.97
12:39:04,664.18
12:39:04,664.91
12:39:04,665.35
12:39:04,665.61
12:39:04,664.56
12:39:04,665.14
12:39:04,665.48
12:39:04,664.49
12:39:04,664.69
12:39:04,664.82
12:39:04,664.89
12:39:04,664.13
12:39:04,663.28
12:39:04,664.37
12:39:04,664.62
12:39:04,665.17
12:39:04,665.5
12:39:04,663.3
12:39:04,664.38
12:39:04,665.43
12:39:04,665.66
12:39:04,665.79
12:39:04,663.48
12:39:04,664.09
12:39:04,663.65
12:39:04,664.59
12:39:04,663.95
12:39:04,661.97
12:39:04,663.18
12:39:04,664.31
12:39:04,664.59
12:39:05,663.95
12:39:05,663.57
12:39:05,664.54
12:39:05,664.33
12:39:05,665.0
12:39:05,664.6
12:39:05,663.56
12:39:05,664.54
12:39:05,665.12
12:39:05,665.07
12:39:05,665.04
12:39:05,664.23
12:39:05,663.74
12:39:05,664.64
12:39:05,665.18
12:39:05,665.51
12:39:05,664.91
12:39:05,665.34
12:39:05,665.61
12:39:05,664.56
12:39:05,665.14
12:39:05,662.68
12:39:05,664.41
12:39:05,663.85
12:39:05,664.71
12:39:05,665.22
12:39:05,662.73
12:39:05,664.04
12:39:05,664.02
12:39:05,664.01
12:39:05,664.01
12:39:05,663.21
12:39:05,663.12
12:39:05,662.67
12:39:05,664.0
12:39:05,664.8
12:39:05,663.28
12:39:05,664.37
12:39:05,664.62
12:39:05,664.77
12:39:05,664.86
12:39:05,666.12
12:39:05,664.87
12:39:05,665.72
12:39:05,664.63
12:39:05,665.18
12:39:05,665.51
12:39:05,664.5
12:39:06,665.5
12:39:06,665.3
12:39:06,665.18
12:39:06,667.11
12:39:06,665.07
12:39:06,664.64
12:39:06,665.18
12:39:06,665.51
12:39:06,665.71
12:39:06,664.62
12:39:06,665.17
12:39:06,665.5
12:39:06,664.5
12:39:06,663.5
12:39:06,664.1
12:39:06,664.86
12:39:06,664.92
12:39:06,665.35
12:39:06,666.01
12:39:06,666.01
12:39:06,665.2
12:39:06,665.52
12:39:06,665.71
12:39:06,665.43
12:39:06,666.06
12:39:06,664.43
12:39:06,663.86
12:39:06,664.72
12:39:06,665.23
12:39:06,663.54
12:39:06,664.52
12:39:06,665.11
12:39:06,665.07
12:39:06,665.04
12:39:06,663.82
12:39:06,664.69
12:39:06,664.82
12:39:06,664.89
12:39:06,664.13
12:39:06,663.28
12:39:06,664.37
12:39:06,665.02
12:39:06,664.21
12:39:06,664.13
12:39:06,663.28
12:39:06,664.37
12:39:06,665.02
12:39:06,664.21
12:39:07,664.53
12:39:07,663.92
12:39:07,664.75
12:39:07,665.25
12:39:07,665.55
12:39:07,665.33
12:39:07,663.6
12:39:07,664.56
12:39:07,665.14
12:39:07,665.48
12:39:07,664.49
12:39:07,663.09
12:39:07,663.06
12:39:07,663.43
12:39:07,664.46
12:39:07,664.68
12:39:07,663.21
12:39:07,663.12
12:39:07,662.67
12:39:07,664.0
12:39:07,664.8
12:39:07,663.68
12:39:07,663.81
12:39:07,664.29
12:39:07,664.97
12:39:07,663.78
12:39:07,662.67
12:39:07,664.0
12:39:07,663.6
12:39:07,664.16
12:39:07,664.9
12:39:07,663.34
12:39:07,664.4
12:39:07,664.64
12:39:07,665.18
12:39:07,665.51
12:39:07,665.71
12:39:07,664.62
12:39:07,663.97
12:39:07,664.78
12:39:07,664.07
12:39:07,663.24
12:39:07,664.35
12:39:07,664.61
12:39:07,664.76
12:39:07,664.86
12:39:07,664.92
12:39:07,665.75
12:39:07,665.85
12:39:08,665.51
12:39:08,665.71
12:39:08,665.82
12:39:08,665.89
12:39:08,665.54
12:39:08,665.72
12:39:08,665.83
12:39:08,665.5
12:39:08,665.7
12:39:08,665.42
12:39:08,665.65
12:39:08,665.79
12:39:08,664.67
12:39:08,663.6
12:39:08,664.16
12:39:08,663.7
12:39:08,664.22
12:39:08,664.93
12:39:08,663.76
12:39:08,664.66
12:39:08,664.39
12:39:08,664.64
12:39:08,664.78
12:39:08,662.47
12:39:08,663.88
12:39:08,664.33
12:39:08,665.0
12:39:08,665.0
12:39:08,663.0
12:39:08,663.0
12:39:08,663.4
12:39:08,664.04
12:39:08,664.42
12:39:08,663.85
12:39:08,664.71
12:39:08,664.03
12:39:08,664.02
12:39:08,663.21
12:39:08,663.13
12:39:08,663.08
12:39:08,663.05
12:39:08,663.43
12:39:08,664.46
12:39:08,663.87
12:39:08,665.12
12:39:08,664.27
12:39:08,663.76
12:39:08,663.86
12:39:08,662.32
12:39:09,663.79
12:39:09,664.27
12:39:09,664.96
12:39:09,663.78
12:39:09,663.87
12:39:09,664.72
12:39:09,665.23
12:39:09,664.34
12:39:09,665.4
12:39:09,664.44
12:39:09,665.07
12:39:09,663.84
12:39:09,663.9
12:39:09,663.54
12:39:09,662.13
12:39:09,662.48
12:39:09,663.89
12:39:09,664.73
12:39:09,665.24
12:39:09,664.34
12:39:09,664.61
12:39:09,663.96
12:39:09,664.78
12:39:09,664.07
12:39:09,666.04
12:39:09,664.82
12:39:09,665.29
12:39:09,665.18
12:39:09,665.11
12:39:09,667.06
12:39:09,665.84
12:39:09,666.3
12:39:09,666.18
12:39:09,665.71
12:39:09,667.43
12:39:09,666.86
12:39:09,666.91
12:39:09,666.55
12:39:09,666.33
12:39:09,666.2
12:39:09,666.12
12:39:09,664.87
12:39:09,665.32
12:39:09,665.59
12:39:09,665.36
12:39:09,665.61
12:39:09,664.57
12:39:10,665.14
12:39:10,665.48
12:39:10,664.49
12:39:10,665.09
12:39:10,664.26
12:39:10,664.95
12:39:10,664.17
12:39:10,664.5
12:39:10,663.9
12:39:10,664.74
12:39:10,665.24
12:39:10,665.15
12:39:10,665.49
12:39:10,664.49
12:39:10,664.7
12:39:10,664.82
12:39:10,664.89
12:39:10,664.13
12:39:10,663.28
12:39:10,664.37
12:39:10,665.02
12:39:10,664.21
12:39:10,664.53
12:39:10,663.92
12:39:10,664.75
12:39:10,665.25
12:39:10,665.95
12:39:10,665.57
12:39:10,664.94
12:39:10,665.77
12:39:10,665.86
12:39:10,664.72
12:39:10,665.23
12:39:10,664.34
12:39:10,665.0
12:39:10,664.2
12:39:10,664.52
12:39:10,665.11
12:39:10,663.87
12:39:10,664.72
12:39:10,664.03
12:39:10,664.02
12:39:10,663.21
12:39:10,663.13
12:39:10,662.68
12:39:10,663.61
12:39:10,664.56
12:39:10,664.74
12:39:10,662.44
12:39:11,663.87
12:39:11,664.32
12:39:11,664.99
12:39:11,664.6
12:39:11,663.16
12:39:11,663.49
12:39:11,664.1
12:39:11,664.86
12:39:11,664.11
12:39:11,662.87
12:39:11,664.52
12:39:11,665.11
12:39:11,665.07
12:39:11,665.04
12:39:11,664.22
12:39:11,663.73
12:39:11,664.64
12:39:11,665.18
12:39:11,665.51
12:39:11,664.51
12:39:11,663.9
12:39:11,664.34
12:39:11,665.01
12:39:11,664.6
12:39:11,663.96
12:39:11,665.18
12:39:11,665.51
12:39:11,665.3
12:39:11,665.18
12:39:11,664.31
12:39:11,663.39
12:39:11,664.43
12:39:11,665.06
12:39:11,665.04
12:39:11,664.22
12:39:11,663.73
12:39:11,663.44
12:39:11,664.46
12:39:11,664.68
12:39:11,663.21
12:39:11,663.12
12:39:11,662.67
12:39:11,664.0
12:39:11,664.4
12:39:11,663.04
12:39:11,663.43
12:39:11,664.06
12:39:11,663.23
12:39:12,664.34
12:39:12,666.2
12:39:12,666.12
12:39:12,664.87
12:39:12,664.92
12:39:12,664.95
12:39:12,665.77
12:39:12,665.86
12:39:12,665.12
12:39:12,663.87
12:39:12,664.32
12:39:12,666.59
12:39:12,666.76
12:39:12,666.45
12:39:12,666.27
12:39:12,665.36
12:39:12,665.62
12:39:12,665.77
12:39:12,665.86
12:39:12,665.52
12:39:12,665.31
12:39:12,667.19
12:39:12,666.71
12:39:12,665.23
12:39:12,664.34
12:39:12,665.0
12:39:12,665.0
12:39:12,664.2
12:39:12,664.92
12:39:12,665.75
12:39:12,665.85
12:39:12,665.51
12:39:12,664.51
12:39:12,663.9
12:39:12,664.34
12:39:12,665.01
12:39:12,664.6
12:39:12,665.16
12:39:12,664.3
12:39:12,664.58
12:39:12,663.95
12:39:12,665.17
12:39:12,664.7
12:39:12,665.22
12:39:12,664.33
12:39:12,664.6
12:39:12,665.56
12:39:12,665.74
12:39:12,666.24
12:39:13,665.75
12:39:13,665.45
12:39:13,665.27
12:39:13,665.56
12:39:13,665.74
12:39:13,666.24
12:39:13,666.15
12:39:13,666.09
12:39:13,663.65
12:39:13,664.59
12:39:13,664.75
12:39:13,664.85
12:39:13,664.11
12:39:13,662.87
12:39:13,663.72
12:39:13,664.63
12:39:13,665.58
12:39:13,665.35
12:39:13,664.41
12:39:13,663.85
12:39:13,664.71
12:39:13,664.82
12:39:13,665.29
12:39:13,662.78
12:39:13,664.47
12:39:13,665.08
12:39:13,665.45
12:39:13,665.67
12:39:13,663.0
12:39:13,663.0
12:39:13,663.0
12:39:13,662.6
12:39:13,662.76
12:39:13,661.66
12:39:13,663.39
12:39:13,664.44
12:39:13,665.46
12:39:13,665.68
12:39:13,663.81
12:39:13,664.68
12:39:13,664.81
12:39:13,665.29
12:39:13,665.17
12:39:13,662.3
12:39:13,663.78
12:39:13,664.27
12:39:13,664.96
12:39:13,664.98
12:39:14,663.79
12:39:14,665.07
12:39:14,663.84
12:39:14,664.71
12:39:14,664.82
12:39:14,664.09
12:39:14,663.26
12:39:14,664.35
12:39:14,664.61
12:39:14,665.17
12:39:14,662.7
12:39:14,664.02
12:39:14,664.01
12:39:14,664.01
12:39:14,664.0
12:39:14,664.8
12:39:14,664.88
12:39:14,664.93
12:39:14,665.36
12:39:14,665.61
12:39:14,665.37
12:39:14,665.62
12:39:14,665.37
12:39:14,665.62
12:39:14,665.77
12:39:14,665.46
12:39:14,665.68
12:39:14,665.41
12:39:14,664.44
12:39:14,665.07
12:39:14,663.84
12:39:14,663.5
12:39:14,664.5
12:39:14,664.7
12:39:14,664.02
12:39:14,663.21
12:39:14,662.73
12:39:14,664.04
12:39:14,663.62
12:39:14,664.57
12:39:14,665.14
12:39:14,663.49
12:39:14,664.09
12:39:14,663.66
12:39:14,664.99
12:39:14,664.2
12:39:14,663.72
12:39:14,664.23
12:39:15,663.74
12:39:15,664.24
12:39:15,665.35
12:39:15,664.41
12:39:15,663.84
12:39:15,665.11
12:39:15,665.06
12:39:15,665.04
12:39:15,663.82
12:39:15,664.69
12:39:15,664.82
12:39:15,664.89
12:39:15,664.13
12:39:15,663.68
12:39:15,665.01
12:39:15,664.21
12:39:15,663.72
12:39:15,664.63
12:39:15,662.78
12:39:15,663.67
12:39:15,664.6
12:39:15,664.76
12:39:15,664.86
12:39:15,663.31
12:39:15,663.19
12:39:15,664.31
12:39:15,663.39
12:39:15,664.43
12:39:15,662.26
12:39:15,663.76
12:39:15,664.65
12:39:15,665.19
12:39:15,665.92
12:39:15,664.75
12:39:15,665.25
12:39:15,665.55
12:39:15,665.73
12:39:15,665.84
12:39:15,663.5
12:39:15,664.1
12:39:15,664.86
12:39:15,664.92
12:39:15,664.95
12:39:15,663.37
12:39:15,664.42
12:39:15,665.05
12:39:15,664.23
12:39:15,664.54
12:39:16,663.92
12:39:16,664.75
12:39:16,665.25
12:39:16,665.55
12:39:16,665.33
12:39:16,662.8
12:39:16,663.68
12:39:16,665.01
12:39:16,664.2
12:39:16,664.92
12:39:16,666.55
12:39:16,666.33
12:39:16,665.0
12:39:16,664.6
12:39:16,664.76
12:39:16,665.26
12:39:16,665.55
12:39:16,666.13
12:39:16,664.88
12:39:16,663.73
12:39:16,665.04
12:39:16,663.82
12:39:16,664.69
12:39:16,665.22
12:39:16,665.93
12:39:16,665.96
12:39:16,665.57
12:39:16,665.74
12:39:16,665.85
12:39:16,664.31
12:39:16,663.78
12:39:16,664.67
12:39:16,665.2
12:39:16,665.52
12:39:16,665.71
12:39:16,665.43
12:39:16,665.66
12:39:16,665.79
12:39:16,665.48
12:39:16,664.49
12:39:16,663.89
12:39:16,662.33
12:39:16,662.6
12:39:16,663.56
12:39:16,664.54
12:39:16,664.72
12:39:16,664.43
12:39:16,664.66
12:39:16,665.2
12:39:17,665.52
12:39:17,665.71
12:39:17,663.83
12:39:17,664.7
12:39:17,665.22
12:39:17,665.13
12:39:17,665.48
12:39:17,663.29
12:39:17,664.77
12:39:17,665.26
12:39:17,665.96
12:39:17,664.77
12:39:17,664.46
12:39:17,665.08
12:39:17,664.25
12:39:17,664.95
12:39:17,664.17
12:39:17,662.5
12:39:17,663.5
12:39:17,664.1
12:39:17,664.46
12:39:17,663.48
12:39:17,662.49
12:39:17,663.49
12:39:17,664.09
12:39:17,663.66
12:39:17,664.59
12:39:17,664.36
12:39:17,665.01
12:39:17,664.61
12:39:17,663.97
12:39:17,664.38
12:39:17,663.83
12:39:17,664.7
12:39:17,665.22
12:39:17,665.13
12:39:17,665.08
12:39:17,664.25
12:39:17,664.95
12:39:17,665.37
12:39:17,665.62
12:39:17,665.77
12:39:17,663.46
12:39:17,664.88
12:39:17,664.93
12:39:17,665.36
12:39:17,666.01
12:39:17,664.01
12:39:18,664.01
12:39:18,664.0
12:39:18,663.6
12:39:18,663.36
12:39:18,664.42
12:39:18,665.05
12:39:18,663.83
12:39:18,664.7
12:39:18,664.02
12:39:18,664.01
12:39:18,663.61
12:39:18,663.36
12:39:18,664.42
12:39:18,665.05
12:39:18,665.03
12:39:18,665.02
12:39:18,664.61
12:39:18,663.57
12:39:18,664.14
12:39:18,664.88
12:39:18,665.33
12:39:18,664.4
12:39:18,665.04
12:39:18,665.02
12:39:18,664.21
12:39:18,663.33
12:39:18,663.2
12:39:18,663.92
12:39:18,663.95
12:39:18,664.37
12:39:18,663.82
12:39:18,664.69
12:39:18,664.82
12:39:18,664.89
12:39:18,664.13
12:39:18,663.28
12:39:18,664.37
12:39:18,665.02
12:39:18,664.21
12:39:18,664.53
12:39:18,663.92
12:39:18,664.75
12:39:18,665.25
12:39:18,665.55
12:39:18,665.73
12:39:18,664.64
12:39:18,664.78
12:39:18,664.87
12:39:18,664.92
12:39:19,664.95
12:39:19,662.57
12:39:19,663.94
12:39:19,664.37
12:39:19,665.02
12:39:19,664.21
12:39:19,663.33
12:39:19,663.2
12:39:19,663.92
12:39:19,664.35
12:39:19,665.41
12:39:19,664.05
12:39:19,663.23
12:39:19,663.14
12:39:19,664.28
12:39:19,664.57
12:39:19,662.74
12:39:19,664.04
12:39:19,663.63
12:39:19,662.98
12:39:19,663.39
12:39:19,663.23
12:39:19,663.14
12:39:19,663.08
12:39:19,663.05
12:39:19,663.83
12:39:19,662.3
12:39:19,663.78
12:39:19,664.27
12:39:19,664.56
12:39:19,665.54
12:39:19,664.52
12:39:19,664.71
12:39:19,664.03
12:39:19,663.62
12:39:19,664.57
12:39:19,663.94
12:39:19,664.37
12:39:19,665.02
12:39:19,664.61
12:39:19,664.77
12:39:19,664.06
12:39:19,664.04
12:39:19,663.22
12:39:19,663.13
12:39:19,663.88
12:39:19,665.53
12:39:19,665.32
12:39:20,664.39
12:39:20,665.03
12:39:20,663.82
12:39:20,665.89
12:39:20,665.54
12:39:20,665.72
12:39:20,665.43
12:39:20,665.66
12:39:20,667.0
12:39:20,665.8
12:39:20,665.48
12:39:20,665.29
12:39:20,665.17
12:39:20,665.5
12:39:20,665.3
12:39:20,665.58
12:39:20,665.35
12:39:20,665.61
12:39:20,665.77
12:39:20,665.86
12:39:20,665.52
12:39:20,665.71
12:39:20,665.83
12:39:20,666.3
12:39:20,664.98
12:39:20,664.99
12:39:20,665.39
12:39:20,665.24
12:39:20,665.54
12:39:20,665.72
12:39:20,665.83
12:39:20,665.9
12:39:20,665.14
12:39:20,665.48
12:39:20,664.49
12:39:20,665.49
12:39:20,665.3
12:39:20,665.58
12:39:20,664.55
12:39:20,663.93
12:39:20,664.76
12:39:20,665.25
12:39:20,665.55
12:39:20,665.33
12:39:20,664.0
12:39:20,663.6
12:39:20,664.56
12:39:20,664.74
12:39:21,665.24
12:39:21,664.74
12:39:21,665.25
12:39:21,665.55
12:39:21,665.73
12:39:21,665.84
12:39:21,663.5
12:39:21,664.1
12:39:21,664.86
12:39:21,664.12
12:39:21,664.47
12:39:21,662.28
12:39:21,663.77
12:39:21,664.66
12:39:21,664.8
12:39:21,664.08
12:39:21,663.25
12:39:21,663.15
12:39:21,663.89
12:39:21,663.53
12:39:21,664.52
12:39:21,662.71
12:39:21,662.83
12:39:21,664.1
12:39:21,664.86
12:39:21,664.11
12:39:21,662.87
12:39:21,664.52
12:39:21,665.11
12:39:21,664.67
12:39:21,664.8
12:39:21,663.28
12:39:21,663.97
12:39:21,664.78
12:39:21,664.87
12:39:21,664.92
12:39:21,664.15
12:39:21,663.69
12:39:21,664.21
12:39:21,663.73
12:39:21,664.64
12:39:21,662.78
12:39:21,664.07
12:39:21,663.24
12:39:21,664.35
12:39:21,665.01
12:39:21,663.0
12:39:21,663.0
12:39:21,663.0
12:39:22,663.0
12:39:22,664.2
12:39:22,665.32
12:39:22,664.39
12:39:22,665.04
12:39:22,664.22
12:39:22,664.53
12:39:22,665.12
12:39:22,664.27
12:39:22,663.76
12:39:22,664.66
12:39:22,665.19
12:39:22,665.52
12:39:22,665.71
12:39:22,665.03
12:39:22,664.62
12:39:22,665.17
12:39:22,665.5
12:39:22,665.3
12:39:22,665.58
12:39:22,665.35
12:39:22,665.61
12:39:22,665.77
12:39:22,665.86
12:39:22,665.52
12:39:22,665.71
12:39:22,665.83
12:39:22,665.5
12:39:22,665.7
12:39:22,665.82
12:39:22,665.49
12:39:22,664.49
12:39:22,663.5
12:39:22,663.3
12:39:22,664.38
12:39:22,665.03
12:39:22,664.22
12:39:22,664.93
12:39:22,662.56
12:39:22,663.53
12:39:22,664.52
12:39:22,664.71
12:39:22,664.83
12:39:22,662.1
12:39:22,662.46
12:39:22,663.87
12:39:22,663.12
12:39:22,663.88
12:39:23,663.53
12:39:23,664.11
12:39:23,663.27
12:39:23,664.36
12:39:23,664.62
12:39:23,664.37
12:39:23,664.62
12:39:23,665.17
12:39:23,665.5
12:39:23,664.5
12:39:23,662.3
12:39:23,663.78
12:39:23,664.27
12:39:23,664.96
12:39:23,665.78
12:39:23,663.87
12:39:23,664.72
12:39:23,665.23
12:39:23,665.14
12:39:23,665.48
12:39:23,663.69
12:39:23,664.21
12:39:23,663.73
12:39:23,664.64
12:39:23,664.78
12:39:23,662.87
12:39:23,664.52
12:39:23,665.11
12:39:23,663.87
12:39:23,664.32
12:39:23,662.19
12:39:23,663.32
12:39:23,663.19
12:39:23,664.31
12:39:23,664.59
12:39:23,663.15
12:39:23,663.09
12:39:23,662.66
12:39:23,663.99
12:39:23,663.6
12:39:23,662.16
12:39:23,662.49
12:39:23,663.9
12:39:23,665.14
12:39:23,665.48
12:39:23,663.69
12:39:23,664.21
12:39:23,663.73
12:39:23,663.44
12:39:24,664.06
12:39:24,663.64
12:39:24,664.58
12:39:24,664.75
12:39:24,665.25
12:39:24,665.55
12:39:24,664.53
12:39:24,665.12
12:39:24,664.27
12:39:24,664.16
12:39:24,664.5
12:39:24,662.7
12:39:24,664.42
12:39:24,664.65
12:39:24,664.79
12:39:24,663.67
12:39:24,663.4
12:39:24,664.04
12:39:24,663.63
12:39:24,664.18
12:39:24,664.51
12:39:24,663.9
12:39:24,664.34
12:39:24,665.01
12:39:24,664.6
12:39:24,663.96
12:39:24,665.98
12:39:24,665.59
12:39:24,665.35
12:39:24,665.61
12:39:24,665.77
12:39:24,666.26
12:39:24,666.16
12:39:24,665.69
12:39:24,665.42
12:39:24,665.65
12:39:24,667.39
12:39:24,666.83
12:39:24,666.5
12:39:24,666.7
12:39:24,665.22
12:39:24,665.13
12:39:24,663.88
12:39:24,664.33
12:39:24,663.8
12:39:24,664.28
12:39:24,664.57
12:39:24,665.14
12:39:25,665.08
12:39:25,664.25
12:39:25,664.95
12:39:25,664.17
12:39:25,663.3
12:39:25,664.78
12:39:25,665.67
12:39:25,665.4
12:39:25,664.44
12:39:25,665.46
12:39:25,665.68
12:39:25,665.41
12:39:25,665.64
12:39:25,665.39
12:39:25,665.63
12:39:25,665.78
12:39:25,665.47
12:39:25,665.28
12:39:25,665.17
12:39:25,664.7
12:39:25,665.62
12:39:25,665.37
12:39:25,665.62
12:39:25,665.77
12:39:25,666.26
12:39:25,666.16
12:39:25,664.9
12:39:25,665.34
12:39:25,666.0
12:39:25,664.0
12:39:25,663.6
12:39:25,664.56
12:39:25,664.74
12:39:25,665.64
12:39:25,662.99
12:39:25,663.79
12:39:25,664.27
12:39:25,664.96
12:39:25,664.98
12:39:25,664.19
12:39:25,664.91
12:39:25,664.15
12:39:25,664.49
12:39:25,663.89
12:39:25,662.34
12:39:25,663.8
12:39:25,664.28
12:39:25,664.57
12:39:26,665.54
12:39:26,664.92
12:39:26,665.35
12:39:26,665.61
12:39:26,665.77
12:39:26,665.86
12:39:26,663.52
12:39:26,664.51
12:39:26,663.91
12:39:26,664.74
12:39:26,664.85
12:39:26,662.51
12:39:26,662.7
12:39:26,664.02
12:39:26,664.01
12:39:26,664.01
12:39:26,662.8
12:39:26,663.68
12:39:26,664.61
12:39:26,663.97
12:39:26,665.18
12:39:26,663.11
12:39:26,663.46
12:39:26,664.48
12:39:26,665.49
12:39:26,664.49
12:39:26,663.1
12:39:26,663.06
12:39:26,662.63
12:39:26,662.78
12:39:26,663.67
12:39:26,663.4
12:39:26,664.04
12:39:26,663.62
12:39:26,663.37
12:39:26,664.42
12:39:26,662.65
12:39:26,663.99
12:39:26,664.4
12:39:26,665.04
12:39:26,665.02
12:39:26,666.21
12:39:26,664.93
12:39:26,665.36
12:39:26,665.61
12:39:26,665.37
12:39:26,665.62
12:39:26,665.77
12:39:27,665.86
12:39:27,666.32
12:39:27,666.19
12:39:27,666.11
12:39:27,664.47
12:39:27,664.68
12:39:27,664.41
12:39:27,664.65
12:39:27,664.79
12:39:27,664.87
12:39:27,664.92
12:39:27,665.35
12:39:27,665.21
12:39:27,665.13
12:39:27,664.28
12:39:27,664.97
12:39:27,665.38
12:39:27,665.23
12:39:27,665.54
12:39:27,665.72
12:39:27,665.83
12:39:27,665.9
12:39:27,664.74
12:39:27,665.24
12:39:27,665.55
12:39:27,666.13
12:39:27,664.88
12:39:27,664.13
12:39:27,664.48
12:39:27,663.89
12:39:27,664.33
12:39:27,663.4
12:39:27,663.24
12:39:27,664.34
12:39:27,664.21
12:39:27,663.72
12:39:27,664.23
12:39:27,664.54
12:39:27,664.72
12:39:27,663.23
12:39:27,664.34
12:39:27,665.0
12:39:27,665.4
12:39:27,664.44
12:39:27,663.86
12:39:27,664.72
12:39:27,665.23
12:39:27,665.54
12:39:27,664.92
12:39:28,662.55
12:39:28,663.93
12:39:28,664.76
12:39:28,664.86
12:39:28,664.11
12:39:28,662.87
12:39:28,663.72
12:39:28,664.63
12:39:28,665.18
12:39:28,665.91
12:39:28,665.14
12:39:28,664.29
12:39:28,664.97
12:39:28,664.98
12:39:28,664.19
12:39:28,662.51
12:39:28,662.71
12:39:28,662.83
12:39:28,664.5
12:39:28,664.7
12:39:28,664.02
12:39:28,663.61
12:39:28,663.37
12:39:28,664.42
12:39:28,665.45
12:39:28,664.47
12:39:28,665.08
12:39:28,664.25
12:39:28,664.95
12:39:28,664.17
12:39:28,662.1
12:39:28,663.66
12:39:28,664.6
12:39:28,665.56
12:39:28,665.73
12:39:28,663.44
12:39:28,664.46
12:39:28,665.08
12:39:28,664.25
12:39:28,664.95
12:39:28,663.37
12:39:28,664.42
12:39:28,665.05
12:39:28,664.23
12:39:28,664.54
12:39:28,663.92
12:39:28,664.75
12:39:28,665.25
12:39:29,665.55
12:39:29,665.73
12:39:29,663.04
12:39:29,663.42
12:39:29,664.45
12:39:29,665.07
12:39:29,665.04
12:39:29,667.03
12:39:29,665.82
12:39:29,665.89
12:39:29,665.53
12:39:29,665.72
12:39:29,665.83
12:39:29,665.9
12:39:29,665.54
12:39:29,665.72
12:39:29,665.83
12:39:29,667.1
12:39:29,666.66
12:39:29,666.4
12:39:29,666.24
12:39:29,666.14
12:39:29,666.09
12:39:29,664.85
12:39:29,665.31
12:39:29,663.99
12:39:29,663.99
12:39:29,663.6
12:39:29,663.36
12:39:29,664.01
12:39:29,664.01
12:39:29,664.01
12:39:29,664.0
12:39:29,663.2
12:39:29,664.32
12:39:29,663.79
12:39:29,663.48
12:39:29,664.09
12:39:29,662.45
12:39:29,663.87
12:39:29,664.32
12:39:29,664.99
12:39:29,664.2
12:39:29,662.92
12:39:29,664.15
12:39:29,664.89
12:39:29,664.13
12:39:29,664.48
12:39:29,662.69
12:39:30,664.01
12:39:30,663.61
12:39:30,663.36
12:39:30,664.42
12:39:30,663.85
12:39:30,664.31
12:39:30,663.79
12:39:30,664.27
12:39:30,664.96
12:39:30,664.18
12:39:30,664.91
12:39:30,664.94
12:39:30,664.97
12:39:30,664.18
12:39:30,662.51
12:39:30,662.7
12:39:30,664.02
12:39:30,664.01
12:39:30,663.61
12:39:30,663.77
12:39:30,664.66
12:39:30,665.2
12:39:30,664.72
12:39:30,665.23
12:39:30,662.74
12:39:30,664.44
12:39:30,665.07
12:39:30,664.24
12:39:30,664.94
12:39:30,663.37
12:39:30,664.42
12:39:30,665.05
12:39:30,663.83
12:39:30,664.7
12:39:30,666.42
12:39:30,666.25
12:39:30,665.75
12:39:30,665.85
12:39:30,664.71
12:39:30,666.83
12:39:30,666.5
12:39:30,666.3
12:39:30,666.18
12:39:30,665.71
12:39:30,665.82
12:39:30,665.89
12:39:30,665.54
12:39:30,665.72
12:39:31,665.83
12:39:31,667.5
12:39:31,666.5
12:39:31,666.3
12:39:31,666.18
12:39:31,666.11
12:39:31,667.66
12:39:31,667.0
12:39:31,665.4
12:39:31,665.64
12:39:31,665.38
12:39:31,666.03
12:39:31,665.22
12:39:31,664.33
12:39:31,663.8
12:39:31,663.48
12:39:31,663.29
12:39:31,664.37
12:39:31,665.02
12:39:31,664.61
12:39:31,665.17
12:39:31,665.5
12:39:31,664.1
12:39:31,664.86
12:39:31,664.52
12:39:31,665.11
12:39:31,665.07
12:39:31,663.84
12:39:31,664.3
12:39:31,664.98
12:39:31,664.59
12:39:31,663.55
12:39:31,663.73
12:39:31,664.64
12:39:31,664.78
12:39:31,664.07
12:39:31,664.04
12:39:31,663.23
12:39:31,663.14
12:39:31,663.08
12:39:31,663.05
12:39:31,663.03
12:39:31,662.62
12:39:31,663.97
12:39:31,665.18
12:39:31,665.51
12:39:31,665.31
12:39:31,664.38
12:39:32,665.03
12:39:32,664.62
12:39:32,664.77
12:39:32,664.86
12:39:32,662.92
12:39:32,663.35
12:39:32,663.21
12:39:32,663.13
12:39:32,663.88
12:39:32,662.73
12:39:32,664.04
12:39:32,663.62
12:39:32,663.37
12:39:32,664.42
12:39:32,662.25
12:39:32,663.75
12:39:32,664.65
12:39:32,665.19
12:39:32,665.11
12:39:32,664.27
12:39:32,663.76
12:39:32,664.66
12:39:32,665.19
12:39:32,665.52
12:39:32,663.31
12:39:32,663.59
12:39:32,664.15
12:39:32,664.89
12:39:32,664.53
12:39:32,665.12
12:39:32,664.27
12:39:32,664.56
12:39:32,665.54
12:39:32,665.72
12:39:32,665.83
12:39:32,665.9
12:39:32,665.54
12:39:32,665.72
12:39:32,665.83
12:39:32,665.5
12:39:32,665.3
12:39:32,665.58
12:39:32,665.35
12:39:32,665.61
12:39:32,665.77
12:39:32,665.86
12:39:32,665.52
12:39:32,665.71
12:39:33,665.83
12:39:33,665.5
12:39:33,665.7
12:39:33,665.82
12:39:33,665.89
12:39:33,665.13
12:39:33,665.08
12:39:33,665.45
12:39:33,666.07
12:39:33,664.84
12:39:33,664.9
12:39:33,664.54
12:39:33,664.33
12:39:33,663.8
12:39:33,664.68
12:39:33,664.01
12:39:33,664.0
12:39:33,662.4
12:39:33,663.04
12:39:33,662.62
12:39:33,663.97
12:39:33,664.39
12:39:33,662.23
12:39:33,662.54
12:39:33,663.92
12:39:33,664.35
12:39:33,665.41
12:39:33,663.25
12:39:33,664.35
12:39:33,665.01
12:39:33,664.61
12:39:33,664.76
12:39:33,664.06
12:39:33,664.03
12:39:33,664.02
12:39:33,664.01
12:39:33,663.61
12:39:33,663.36
12:39:33,664.42
12:39:33,665.05
12:39:33,664.23
12:39:33,664.54
12:39:33,663.92
12:39:33,664.75
12:39:33,665.25
12:39:33,665.55
12:39:33,664.93
12:39:33,664.16
12:39:33,663.7
12:39:34,663.42
12:39:34,664.05
12:39:34,664.43
12:39:34,662.26
12:39:34,663.35
12:39:34,664.41
12:39:34,663.85
12:39:34,664.31
12:39:34,663.79
12:39:34,664.27
12:39:34,664.96
12:39:34,664.98
12:39:34,664.19
12:39:34,662.51
12:39:34,662.71
12:39:34,662.82
12:39:34,664.09
12:39:34,664.86
12:39:34,666.51
12:39:34,665.11
12:39:34,664.67
12:39:34,665.2
12:39:34,665.12
12:39:34,667.07
12:39:34,665.44
12:39:34,666.07
12:39:34,664.84
12:39:34,664.1
12:39:34,664.86
12:39:34,665.32
12:39:34,665.59
12:39:34,665.35
12:39:34,665.61
12:39:34,665.77
12:39:34,665.86
12:39:34,666.32
12:39:34,664.99
12:39:34,664.19
12:39:34,664.92
12:39:34,665.35
12:39:34,665.61
12:39:34,664.17
12:39:34,664.9
12:39:34,663.74
12:39:34,664.24
12:39:34,664.95
12:39:34,664.97
12:39:34,663.78
12:39:35,664.27
12:39:35,664.96
12:39:35,664.98
12:39:35,664.99
12:39:35,664.59
12:39:35,664.76
12:39:35,664.05
12:39:35,664.03
12:39:35,663.62
12:39:35,664.57
12:39:35,665.14
12:39:35,664.29
12:39:35,664.97
12:39:35,664.98
12:39:35,664.19
12:39:35,664.91
12:39:35,663.35
12:39:35,664.41
12:39:35,663.85
12:39:35,663.51
12:39:35,664.5
12:39:35,662.7
12:39:35,664.02
12:39:35,664.01
12:39:35,663.61
12:39:35,664.16
12:39:35,663.7
12:39:35,664.62
12:39:35,665.17
12:39:35,664.3
12:39:35,664.98
12:39:35,663.39
12:39:35,664.43
12:39:35,665.06
12:39:35,663.84
12:39:35,663.5
12:39:35,663.3
12:39:35,664.38
12:39:35,664.63
12:39:35,663.98
12:39:35,663.59
12:39:35,663.35
12:39:35,664.41
12:39:35,663.85
12:39:35,665.11
12:39:35,665.06
12:39:35,664.64
12:39:35,665.18
12:39:36,665.51
12:39:36,664.51
12:39:36,664.7
12:39:36,663.22
12:39:36,664.33
12:39:36,663.8
12:39:36,664.28
12:39:36,664.57
12:39:36,663.94
12:39:36,664.76
12:39:36,665.26
12:39:36,665.16
12:39:36,665.89
12:39:36,663.94
12:39:36,664.36
12:39:36,665.02
12:39:36,664.61
12:39:36,664.77
12:39:36,666.46
12:39:36,666.28
12:39:36,666.17
12:39:36,666.1
12:39:36,666.06
12:39:36,667.64
12:39:36,667.38
12:39:36,666.83
12:39:36,666.5
12:39:36,665.9
12:39:36,665.94
12:39:36,665.56
12:39:36,665.74
12:39:36,665.84
12:39:36,664.71
12:39:36,664.82
12:39:36,665.29
12:39:36,665.58
12:39:36,665.35
12:39:36,665.61
12:39:36,665.36
12:39:36,665.62
12:39:36,665.77
12:39:36,665.86
12:39:36,665.52
12:39:36,665.71
12:39:36,664.63
12:39:36,665.18
12:39:36,665.51
12:39:36,665.7
12:39:36,664.22
12:39:37,663.73
12:39:37,664.24
12:39:37,664.94
12:39:37,664.17
12:39:37,664.5
12:39:37,663.5
12:39:37,664.5
12:39:37,664.7
12:39:37,664.02
12:39:37,664.01
12:39:37,662.81
12:39:37,664.08
12:39:37,663.65
12:39:37,664.19
12:39:37,664.91
12:39:37,663.35
12:39:37,664.01
12:39:37,664.01
12:39:37,664.0
12:39:37,664.8
12:39:37,663.28
12:39:37,664.37
12:39:37,665.02
12:39:37,664.61
12:39:37,664.77
12:39:37,664.06
12:39:37,664.04
12:39:37,664.02
12:39:37,664.01
12:39:37,664.01
12:39:37,663.2
12:39:37,664.32
12:39:37,663.79
12:39:37,664.28
12:39:37,664.57
12:39:37,663.94
12:39:37,664.36
12:39:37,665.02
12:39:37,664.61
12:39:37,664.77
12:39:37,662.86
12:39:37,663.72
12:39:37,664.63
12:39:37,665.18
12:39:37,665.51
12:39:37,665.7
12:39:37,665.42
12:39:37,665.25
12:39:37,665.55
12:39:38,665.33
12:39:38,665.6
12:39:38,665.76
12:39:38,665.86
12:39:38,665.11
12:39:38,664.27
12:39:38,664.96
12:39:38,664.98
12:39:38,665.39
12:39:38,665.63
12:39:38,665.78
12:39:38,664.67
12:39:38,665.2
12:39:38,665.12
12:39:38,663.87
12:39:38,663.52
12:39:38,664.11
12:39:38,663.67
12:39:38,664.6
12:39:38,664.76
12:39:38,664.86
12:39:38,664.11
12:39:38,664.87
12:39:38,665.32
12:39:38,664.39
12:39:38,665.04
12:39:38,665.02
12:39:38,663.41
12:39:38,663.25
12:39:38,664.35
12:39:38,665.01
12:39:38,664.61
12:39:38,663.16
12:39:38,663.1
12:39:38,664.26
12:39:38,664.96
12:39:38,664.97
12:39:38,662.98
12:39:38,664.19
12:39:38,664.91
12:39:38,665.75
12:39:38,665.85
12:39:38,663.11
12:39:38,663.47
12:39:38,664.48
12:39:38,663.89
12:39:38,663.53
12:39:38,663.72
12:39:39,664.23
12:39:39,663.74
12:39:39,664.24
12:39:39,664.95
12:39:39,662.97
12:39:39,663.78
12:39:39,664.67
12:39:39,664.8
12:39:39,664.08
12:39:39,663.65
12:39:39,664.59
12:39:39,664.75
12:39:39,665.25
12:39:39,665.55
12:39:39,663.33
12:39:39,663.2
12:39:39,664.32
12:39:39,664.99
12:39:39,664.19
12:39:39,662.12
12:39:39,662.47
12:39:39,663.88
12:39:39,664.33
12:39:39,665.0
12:39:39,664.2
12:39:39,664.92
12:39:39,665.35
12:39:39,665.61
12:39:39,665.77
12:39:39,664.66
12:39:39,665.2
12:39:39,665.52
12:39:39,665.71
12:39:39,665.83
12:39:39,664.7
12:39:39,665.22
12:39:39,664.33
12:39:39,663.8
12:39:39,663.48
12:39:39,663.69
12:39:39,664.21
12:39:39,663.73
12:39:39,664.64
12:39:39,664.78
12:39:39,664.07
12:39:39,663.24
12:39:39,664.34
12:39:39,665.01
12:39:40,664.6
12:39:40,663.16
12:39:40,663.1
12:39:40,663.86
12:39:40,664.32
12:39:40,664.99
12:39:40,666.19
12:39:40,666.12
12:39:40,664.87
12:39:40,665.32
12:39:40,665.59
12:39:40,666.56
12:39:40,666.33
12:39:40,665.0
12:39:40,663.8
12:39:40,663.48
12:39:40,663.29
12:39:40,664.37
12:39:40,665.02
12:39:40,664.61
12:39:40,665.17
12:39:40,665.5
12:39:40,665.3
12:39:40,665.58
12:39:40,665.35
12:39:40,665.61
12:39:40,665.37
12:39:40,665.62
12:39:40,665.77
12:39:40,665.86
12:39:40,664.32
12:39:40,664.99
12:39:40,664.99
12:39:40,665.4
12:39:40,665.64
12:39:40,665.38
12:39:40,664.03
12:39:40,662.82
12:39:40,664.09
12:39:40,663.65
12:39:40,664.59
12:39:40,663.96
12:39:40,661.97
12:39:40,662.78
12:39:40,664.47
12:39:40,664.68
12:39:40,664.01
12:39:40,662.81
12:39:40,664.08
12:39:41,663.65
12:39:41,664.19
12:39:41,664.91
12:39:41,662.55
12:39:41,663.93
12:39:41,664.76
12:39:41,665.25
12:39:41,665.55
12:39:41,663.33
12:39:41,663.2
12:39:41,664.32
12:39:41,663.79
12:39:41,665.08
12:39:41,662.25
12:39:41,662.55
12:39:41,663.93
12:39:41,664.76
12:39:41,665.25
12:39:41,663.15
12:39:41,664.29
12:39:41,664.97
12:39:41,664.98
12:39:41,664.19
12:39:41,662.51
12:39:41,662.71
12:39:41,662.83
12:39:41,664.1
12:39:41,664.46
12:39:41,663.87
12:39:41,664.32
12:39:41,663.79
12:39:41,664.28
12:39:41,664.57
12:39:41,662.74
12:39:41,664.04
12:39:41,663.63
12:39:41,664.18
12:39:41,664.51
12:39:41,666.7
12:39:41,666.02
12:39:41,665.21
12:39:41,664.33
12:39:41,665.0
12:39:41,665.0
12:39:41,664.2
12:39:41,664.92
12:39:41,664.95
12:39:41,664.17
12:39:42,664.9
12:39:42,664.94
12:39:42,664.96
12:39:42,665.38
12:39:42,665.23
12:39:42,665.14
12:39:42,665.08
12:39:42,664.25
12:39:42,664.55
12:39:42,664.73
12:39:42,665.24
12:39:42,665.94
12:39:42,665.57
12:39:42,665.74
12:39:42,665.44
12:39:42,665.27
12:39:42,665.96
12:39:42,665.98
12:39:42,665.99
12:39:42,664.79
12:39:42,664.07
12:39:42,663.24
12:39:42,664.35
12:39:42,665.01
12:39:42,664.6
12:39:42,663.96
12:39:42,663.98
12:39:42,664.39
12:39:42,665.03
12:39:42,664.22
12:39:42,664.53
12:39:42,663.92
12:39:42,664.75
12:39:42,665.25
12:39:42,665.55
12:39:42,665.33
12:39:42,663.2
12:39:42,664.32
12:39:42,663.79
12:39:42,664.27
12:39:42,664.96
12:39:42,662.98
12:39:42,663.79
12:39:42,664.27
12:39:42,665.36
12:39:42,665.62
12:39:42,662.97
12:39:42,664.58
12:39:43,665.15
12:39:43,665.49
12:39:43,664.49
12:39:43,663.1
12:39:43,664.26
12:39:43,664.95
12:39:43,664.97
12:39:43,664.18
12:39:43,662.51
12:39:43,662.71
12:39:43,662.82
12:39:43,664.09
12:39:43,664.86
12:39:43,663.31
12:39:43,662.79
12:39:43,664.07
12:39:43,664.04
12:39:43,664.43
12:39:43,662.66
12:39:43,663.99
12:39:43,664.8
12:39:43,665.28
12:39:43,665.17
12:39:43,664.7
12:39:43,664.82
12:39:43,665.29
12:39:43,665.58
12:39:43,664.55
12:39:43,666.33
12:39:43,665.0
12:39:43,663.8
12:39:43,665.08
12:39:43,665.05
12:39:43,665.03
12:39:43,664.62
12:39:43,665.17
12:39:43,664.3
12:39:43,664.98
12:39:43,664.19
12:39:43,664.91
12:39:43,665.35
12:39:43,665.61
12:39:43,665.77
12:39:43,665.46
12:39:43,665.68
12:39:43,665.41
12:39:43,665.24
12:39:43,665.55
12:39:44,665.33
12:39:44,665.6
12:39:44,665.76
12:39:44,665.45
12:39:44,665.27
12:39:44,665.56
12:39:44,665.74
12:39:44,665.84
12:39:44,666.31
12:39:44,665.78
12:39:44,664.27
12:39:44,665.36
12:39:44,665.22
12:39:44,665.53
12:39:44,665.72
12:39:44,666.23
12:39:44,665.34
12:39:44,665.6
12:39:44,665.36
12:39:44,665.62
12:39:44,665.77
12:39:44,664.26
12:39:44,663.76
12:39:44,664.65
12:39:44,665.59
12:39:44,664.56
12:39:44,663.93
12:39:44,664.76
12:39:44,665.26
12:39:44,665.55
12:39:44,666.13
12:39:44,664.48
12:39:44,664.69
12:39:44,665.61
12:39:44,665.37
12:39:44,665.62
12:39:44,664.97
12:39:44,665.38
12:39:44,665.63
12:39:44,665.78
12:39:44,664.67
12:39:44,662.4
12:39:44,663.44
12:39:44,664.86
12:39:44,664.92
12:39:44,664.95
12:39:44,662.97
12:39:44,663.78
12:39:44,664.27
12:39:45,664.96
12:39:45,664.18
12:39:45,663.71
12:39:45,663.42
12:39:45,664.45
12:39:45,664.67
12:39:45,664.8
12:39:45,664.08
12:39:45,663.25
12:39:45,664.35
12:39:45,665.01
12:39:45,664.61
12:39:45,664.36
12:39:45,665.02
12:39:45,664.61
12:39:45,663.97
12:39:45,664.38
12:39:45,663.03
12:39:45,663.42
12:39:45,664.05
12:39:45,663.63
12:39:45,664.58
12:39:45,662.75
12:39:45,664.05
12:39:45,663.23
12:39:45,663.14
12:39:45,664.28
12:39:45,663.77
12:39:45,664.66
12:39:45,665.2
12:39:45,665.52
12:39:45,666.11
12:39:45,664.07
12:39:45,664.04
12:39:45,664.02
12:39:45,664.01
12:39:45,664.01
12:39:45,665.61
12:39:45,664.56
12:39:45,665.14
12:39:45,664.68
12:39:45,664.01
12:39:45,664.01
12:39:45,663.6
12:39:45,664.96
12:39:45,665.78
12:39:45,664.27
12:39:45,664.96
12:39:46,664.98
12:39:46,665.39
12:39:46,665.63
12:39:46,665.78
12:39:46,664.67
12:39:46,665.2
12:39:46,665.92
12:39:46,665.95
12:39:46,664.77
12:39:46,665.26
12:39:46,664.76
12:39:46,665.25
12:39:46,665.55
12:39:46,665.33
12:39:46,665.6
12:39:46,663.36
12:39:46,664.42
12:39:46,665.45
12:39:46,665.67
12:39:46,665.4
12:39:46,662.84
12:39:46,663.7
12:39:46,664.22
12:39:46,664.93
12:39:46,664.96
12:39:46,662.98
12:39:46,663.79
12:39:46,664.27
12:39:46,664.96
12:39:46,664.18
12:39:46,663.71
12:39:46,663.42
12:39:46,663.65
12:39:46,664.59
12:39:46,663.96
12:39:46,663.57
12:39:46,664.54
12:39:46,665.13
12:39:46,665.08
12:39:46,665.05
12:39:46,664.23
12:39:46,663.74
12:39:46,664.64
12:39:46,664.79
12:39:46,664.07
12:39:46,663.24
12:39:46,664.35
12:39:46,665.01
12:39:47,664.6
12:39:47,664.36
12:39:47,662.62
12:39:47,663.97
12:39:47,665.18
12:39:47,665.51
12:39:47,665.71
12:39:47,663.02
12:39:47,663.41
12:39:47,663.25
12:39:47,663.95
12:39:47,663.57
12:39:47,662.14
12:39:47,662.49
12:39:47,664.29
12:39:47,664.97
12:39:47,664.98
12:39:47,663.79
12:39:47,664.67
12:39:47,665.2
12:39:47,665.52
12:39:47,665.31
12:39:47,664.79
12:39:47,664.87
12:39:47,664.92
12:39:47,665.35
12:39:47,665.61
12:39:47,664.57
12:39:47,665.14
12:39:47,664.28
12:39:47,664.97
12:39:47,664.98
12:39:47,663.39
12:39:47,664.43
12:39:47,664.66
12:39:47,665.2
12:39:47,665.52
12:39:47,666.91
12:39:47,666.15
12:39:47,665.29
12:39:47,665.57
12:39:47,666.14
12:39:47,666.09
12:39:47,664.85
12:39:47,665.71
12:39:47,664.63
12:39:47,665.58
12:39:47,664.15
12:39:47,663.69
12:39:48,664.61
12:39:48,663.97
12:39:48,664.38
12:39:48,664.63
12:39:48,664.78
12:39:48,664.87
12:39:48,665.32
12:39:48,665.59
12:39:48,664.56
12:39:48,665.13
12:39:48,664.28
12:39:48,664.97
12:39:48,664.18
12:39:48,665.31
12:39:48,664.39
12:39:48,665.03
12:39:48,664.62
12:39:48,665.17
12:39:48,665.1
12:39:48,662.66
12:39:48,664.0
12:39:48,663.6
12:39:48,664.96
12:39:48,664.18
12:39:48,664.11
12:39:48,663.26
12:39:48,663.96
12:39:48,663.57
12:39:48,664.54
12:39:48,662.33
12:39:48,662.6
12:39:48,663.96
12:39:48,664.37
12:39:48,665.42
12:39:48,664.45
12:39:48,665.07
12:39:48,664.24
12:39:48,664.95
12:39:48,664.17
12:39:48,664.1
12:39:48,664.86
12:39:48,665.72
12:39:48,666.23
12:39:48,665.74
12:39:48,665.04
12:39:48,663.83
12:39:48,664.7
12:39:48,665.22
12:39:49,665.53
12:39:49,663.32
12:39:49,663.19
12:39:49,664.31
12:39:49,664.59
12:39:49,663.95
12:39:49,663.57
12:39:49,664.54
12:39:49,664.73
12:39:49,665.24
12:39:49,665.94
12:39:49,663.56
12:39:49,664.54
12:39:49,665.12
12:39:49,665.07
12:39:49,664.24
12:39:49,662.55
12:39:49,663.93
12:39:49,664.76
12:39:49,665.65
12:39:49,665.79
12:39:49,663.88
12:39:49,664.33
12:39:49,663.8
12:39:49,664.28
12:39:49,664.57
12:39:49,662.74
12:39:49,664.04
12:39:49,663.63
12:39:49,664.18
12:39:49,665.31
12:39:49,664.38
12:39:49,665.03
12:39:49,664.62
12:39:49,664.77
12:39:49,665.26
12:39:49,662.76
12:39:49,664.05
12:39:49,664.03
12:39:49,664.02
12:39:49,663.21
12:39:49,665.93
12:39:49,665.96
12:39:49,665.57
12:39:49,666.14
12:39:49,666.09
12:39:49,667.65
12:39:49,666.99
12:39:50,666.19
12:39:50,666.12
12:39:50,666.07
12:39:50,667.24
12:39:50,666.75
12:39:50,666.45
12:39:50,666.67
12:39:50,666.4
12:39:50,665.44
12:39:50,665.66
12:39:50,665.8
12:39:50,665.48
12:39:50,664.49
12:39:50,663.89
12:39:50,664.34
12:39:50,665.0
12:39:50,665.0
12:39:50,665.0
12:39:50,665.4
12:39:50,663.24
12:39:50,664.34
12:39:50,665.01
12:39:50,664.6
12:39:50,664.76
12:39:50,664.46
12:39:50,665.07
12:39:50,663.84
12:39:50,663.51
12:39:50,664.5
12:39:50,662.3
12:39:50,663.78
12:39:50,664.27
12:39:50,664.96
12:39:50,663.78
12:39:50,662.67
12:39:50,664.0
12:39:50,663.6
12:39:50,664.56
12:39:50,665.54
12:39:50,664.52
12:39:50,663.91
12:39:50,663.95
12:39:50,665.17
12:39:50,665.5
12:39:50,663.7
12:39:50,664.22
12:39:50,664.93
12:39:50,665.36
12:39:50,665.62
12:39:51,663.37
12:39:51,664.42
12:39:51,665.05
12:39:51,664.23
12:39:51,664.94
12:39:51,663.36
12:39:51,664.42
12:39:51,664.65
12:39:51,665.19
12:39:51,665.51
12:39:51,662.91
12:39:51,664.15
12:39:51,663.69
12:39:51,665.01
12:39:51,665.01
12:39:51,663.4
12:39:51,664.04
12:39:51,663.63
12:39:51,663.38
12:39:51,664.03
12:39:51,665.22
12:39:51,664.33
12:39:51,663.8
12:39:51,664.28
12:39:51,663.77
12:39:51,666.26
12:39:51,665.76
12:39:51,666.25
12:39:51,666.15
12:39:51,666.09
12:39:51,666.05
12:39:51,664.83
12:39:51,665.3
12:39:51,665.58
12:39:51,664.55
12:39:51,665.13
12:39:51,664.28
12:39:51,664.97
12:39:51,664.98
12:39:51,664.19
12:39:51,664.91
12:39:51,665.35
12:39:51,665.61
12:39:51,664.57
12:39:51,664.74
12:39:51,664.84
12:39:51,664.11
12:39:51,663.66
12:39:52,664.2
12:39:52,664.92
12:39:52,664.95
12:39:52,663.77
12:39:52,665.06
12:39:52,665.04
12:39:52,665.02
12:39:52,663.81
12:39:52,663.89
12:39:52,664.33
12:39:52,663.8
12:39:52,664.28
12:39:52,664.97
12:39:52,662.58
12:39:52,663.55
12:39:52,664.53
12:39:52,665.12
12:39:52,665.47
12:39:52,662.88
12:39:52,663.73
12:39:52,664.64
12:39:52,664.78
12:39:52,664.07
12:39:52,663.64
12:39:52,664.59
12:39:52,664.75
12:39:52,664.85
12:39:52,664.91
12:39:52,662.95
12:39:52,664.57
12:39:52,665.14
12:39:52,665.88
12:39:52,664.73
12:39:52,662.44
12:39:52,663.86
12:39:52,664.72
12:39:52,664.83
12:39:52,664.9
12:39:52,663.34
12:39:52,664.4
12:39:52,664.64
12:39:52,665.19
12:39:52,665.51
12:39:52,664.91
12:39:52,664.94
12:39:52,664.97
12:39:52,664.98
12:39:52,664.19
12:39:53,662.51
12:39:53,662.71
12:39:53,662.42
12:39:53,663.85
12:39:53,664.31
12:39:53,664.19
12:39:53,664.91
12:39:53,665.35
12:39:53,665.61
12:39:53,665.77
12:39:53,663.46
12:39:53,664.48
12:39:53,665.09
12:39:53,664.25
12:39:53,664.95
12:39:53,663.37
12:39:53,664.42
12:39:53,665.05
12:39:53,664.23
12:39:53,664.94
12:39:53,663.36
12:39:53,664.42
12:39:53,665.05
12:39:53,664.63
12:39:53,665.18
12:39:53,665.91
12:39:53,665.94
12:39:53,665.97
12:39:53,665.58
12:39:53,664.55
12:39:53,665.13
12:39:53,664.28
12:39:53,664.97
12:39:53,665.78
12:39:53,664.67
12:39:53,665.2
12:39:53,665.12
12:39:53,664.27
12:39:53,664.96
12:39:53,664.18
12:39:53,665.31
12:39:53,664.38
12:39:53,665.43
12:39:53,665.66
12:39:53,665.4
12:39:53,665.24
12:39:53,665.54
12:39:53,665.73
12:39:53,665.84
12:39:54,664.7
12:39:54,664.02
12:39:54,662.81
12:39:54,663.69
12:39:54,664.21
12:39:54,664.53
12:39:54,665.12
12:39:54,663.47
12:39:54,664.08
12:39:54,663.65
12:39:54,664.19
12:39:54,665.31
12:39:54,663.99
12:39:54,664.39
12:39:54,665.44
12:39:54,665.26
12:39:54,665.56
12:39:54,662.93
12:39:54,664.16
12:39:54,663.7
12:39:54,664.22
12:39:54,664.93
12:39:54,662.56
12:39:54,663.94
12:39:54,664.36
12:39:54,664.62
12:39:54,665.57
12:39:54,664.54
12:39:54,665.13
12:39:54,664.28
12:39:54,664.57
12:39:54,665.54
12:39:54,662.92
12:39:54,664.15
12:39:54,664.49
12:39:54,663.9
12:39:54,664.74
12:39:54,664.04
12:39:54,663.23
12:39:54,663.14
12:39:54,664.28
12:39:54,663.77
12:39:54,663.46
12:39:54,664.48
12:39:54,664.69
12:39:54,664.01
12:39:54,663.61
12:39:54,661.76
12:39:54,663.06
12:39:55,662.64
12:39:55,663.98
12:39:55,663.99
12:39:55,662.79
12:39:55,663.68
12:39:55,664.21
12:39:55,663.72
12:39:55,664.63
12:39:55,663.98
12:39:55,664.39
12:39:55,664.63
12:39:55,665.18
12:39:55,665.51
12:39:55,664.9
12:39:55,664.94
12:39:55,664.97
12:39:55,664.98
12:39:55,664.59
12:39:55,663.15
12:39:55,664.29
12:39:55,664.97
12:39:55,664.98
12:39:55,664.19
12:39:55,662.51
12:39:55,662.71
12:39:55,662.83
12:39:55,664.1
12:39:55,664.86
12:39:55,666.91
12:39:55,666.55
12:39:55,666.33
12:39:55,665.0
12:39:55,665.0
12:39:55,667.0
12:39:55,665.0
12:39:55,664.2
12:39:55,664.92
12:39:55,664.95
12:39:55,663.77
12:39:55,664.66
12:39:55,665.2
12:39:55,665.92
12:39:55,666.35
12:39:55,666.21
12:39:55,664.53
12:39:55,663.92
12:39:55,664.75
12:39:56,664.85
12:39:56,663.71
12:39:56,664.63
12:39:56,664.78
12:39:56,664.87
12:39:56,664.12
12:39:56,664.87
12:39:56,664.12
12:39:56,663.27
12:39:56,663.16
12:39:56,664.3
12:39:56,664.18
12:39:56,663.71
12:39:56,663.42
12:39:56,664.45
12:39:56,664.67
12:39:56,664.8
12:39:56,664.08
12:39:56,663.65
12:39:56,664.59
12:39:56,663.95
12:39:56,664.37
12:39:56,663.82
12:39:56,664.69
12:39:56,664.82
12:39:56,664.89
12:39:56,664.13
12:39:56,663.28
12:39:56,664.37
12:39:56,664.62
12:39:56,665.17
12:39:56,665.5
12:39:56,663.3
12:39:56,664.38
12:39:56,665.03
12:39:56,664.22
12:39:56,664.93
12:39:56,664.16
12:39:56,663.7
12:39:56,663.82
12:39:56,664.29
12:39:56,664.57
12:39:56,663.94
12:39:56,664.37
12:39:56,665.02
12:39:56,663.81
12:39:56,664.69
12:39:56,663.21
12:39:56,663.13
12:39:57,663.08
12:39:57,663.05
12:39:57,663.83
12:39:57,662.3
12:39:57,663.38
12:39:57,664.83
12:39:57,665.3
12:39:57,665.58
12:39:57,663.75
12:39:57,664.65
12:39:57,665.19
12:39:57,665.51
12:39:57,665.71
12:39:57,663.02
12:39:57,663.41
12:39:57,663.25
12:39:57,663.15
12:39:57,664.29
12:39:57,663.77
12:39:57,664.66
12:39:57,665.2
12:39:57,665.52
12:39:57,665.31
12:39:57,664.79
12:39:57,664.87
12:39:57,664.92
12:39:57,665.35
12:39:57,665.61
12:39:57,662.97
12:39:57,664.18
12:39:57,664.91
12:39:57,665.34
12:39:57,665.61
12:39:57,662.96
12:39:57,663.78
12:39:57,664.27
12:39:57,664.96
12:39:57,663.78
12:39:57,665.07
12:39:57,664.64
12:39:57,665.18
12:39:57,665.51
12:39:57,665.71
12:39:57,665.82
12:39:57,665.89
12:39:57,665.54
12:39:57,665.72
12:39:57,665.83
12:39:58,665.5
12:39:58,665.7
12:39:58,665.82
12:39:58,665.89
12:39:58,665.14
12:39:58,665.48
12:39:58,665.29
12:39:58,665.17
12:39:58,664.3
12:39:58,664.58
12:39:58,663.95
12:39:58,664.37
12:39:58,665.02
12:39:58,664.61
12:39:58,664.77
12:39:58,665.26
12:39:58,665.56
12:39:58,666.13
12:39:58,664.48
12:39:58,663.89
12:39:58,663.53
12:39:58,662.52
12:39:58,663.91
12:39:58,664.75
12:39:58,664.45
12:39:58,664.67
12:39:58,664.4
12:39:58,664.64
12:39:58,665.58
12:39:58,665.35
12:39:58,666.01
12:39:58,664.01
12:39:58,663.6
12:39:58,664.96
12:39:58,664.98
12:39:58,664.59
12:39:58,662.35
12:39:58,663.81
12:39:58,664.69
12:39:58,664.01
12:39:58,664.01
12:39:58,663.2
12:39:58,664.32
12:39:58,663.79
12:39:58,664.28
12:39:58,664.57
12:39:58,663.94
12:39:58,664.76
12:39:59,665.66
12:39:59,665.79
12:39:59,664.68
12:39:59,662.81
12:39:59,664.48
12:39:59,665.49
12:39:59,665.29
12:39:59,664.38
12:39:59,663.83
12:39:59,664.7
12:39:59,665.22
12:39:59,664.33
12:39:59,665.0
12:39:59,664.6
12:39:59,665.56
12:39:59,665.74
12:39:59,665.84
12:39:59,664.7
12:39:59,663.22
12:39:59,663.13
12:39:59,662.68
12:39:59,664.01
12:39:59,663.6
12:39:59,663.36
12:39:59,664.42
12:39:59,665.05
12:39:59,664.23
12:39:59,664.94
12:39:59,665.76
12:39:59,665.86
12:39:59,666.31
12:39:59,664.59
12:39:59,663.95
12:39:59,666.37
12:39:59,665.82
12:39:59,665.89
12:39:59,665.54
12:39:59,665.32
12:39:59,665.99
12:39:59,665.6
12:39:59,665.76
12:39:59,666.25
12:39:59,666.15
12:39:59,666.49
12:39:59,666.3
12:39:59,665.38
12:39:59,665.63
12:39:59,665.78
12:39:59,664.67
12:40:00,665.2
12:40:00,665.52
12:40:00,665.71
12:40:00,665.83
12:40:00,665.5
12:40:00,666.1
12:40:00,666.06
12:40:00,664.44
12:40:00,665.46
12:40:00,665.28
12:40:00,663.97
12:40:00,664.38
12:40:00,665.03
12:40:00,664.62
12:40:00,665.17
12:40:00,663.5
12:40:00,664.9
12:40:00,664.94
12:40:00,664.56
12:40:00,664.74
12:40:00,664.04
12:40:00,664.03
12:40:00,664.02
12:40:00,663.21
12:40:00,663.93
12:40:00,661.96
12:40:00,663.57
12:40:00,664.54
12:40:00,665.13
12:40:00,665.48
12:40:00,663.29
12:40:00,664.77
12:40:00,665.26
12:40:00,665.16
12:40:00,665.49
12:40:00,664.5
12:40:00,665.1
12:40:00,665.06
12:40:00,665.04
12:40:00,664.22
12:40:00,664.13
12:40:00,663.28
12:40:00,664.77
12:40:00,665.66
12:40:00,666.2
12:40:00,663.32
12:40:00,663.59
12:40:00,664.95
12:40:01,664.17
12:40:01,664.5
12:40:01,663.1
12:40:01,664.26
12:40:01,664.56
12:40:01,665.13
12:40:01,665.08
12:40:01,664.65
12:40:01,665.19
12:40:01,665.51
12:40:01,664.51
12:40:01,664.7
12:40:01,663.22
12:40:01,663.93
12:40:01,664.76
12:40:01,665.26
12:40:01,665.95
12:40:01,664.77
12:40:01,665.26
12:40:01,665.56
12:40:01,665.73
12:40:01,665.84
12:40:01,663.9
12:40:01,664.34
12:40:01,665.01
12:40:01,664.6
12:40:01,664.76
12:40:01,662.86
12:40:01,664.11
12:40:01,663.67
12:40:01,664.6
12:40:01,663.96
12:40:01,663.98
12:40:01,664.39
12:40:01,665.03
12:40:01,664.62
12:40:01,665.17
12:40:01,662.7
12:40:01,664.02
12:40:01,663.21
12:40:01,663.53
12:40:01,664.52
12:40:01,665.51
12:40:01,664.51
12:40:01,664.3
12:40:01,665.38
12:40:01,665.23
12:40:01,665.54
12:40:01,665.72
12:40:02,665.83
12:40:02,665.9
12:40:02,664.74
12:40:02,664.84
12:40:02,664.91
12:40:02,665.34
12:40:02,665.61
12:40:02,665.76
12:40:02,665.46
12:40:02,665.67
12:40:02,665.8
12:40:02,665.88
12:40:02,665.13
12:40:02,665.48
12:40:02,665.29
12:40:02,665.57
12:40:02,665.74
12:40:02,665.45
12:40:02,665.27
12:40:02,665.56
12:40:02,665.74
12:40:02,665.44
12:40:02,665.27
12:40:02,665.16
12:40:02,665.5
12:40:02,664.5
12:40:02,665.1
12:40:02,665.46
12:40:02,665.28
12:40:02,663.97
12:40:02,665.18
12:40:02,665.51
12:40:02,665.3
12:40:02,665.18
12:40:02,665.51
12:40:02,664.51
12:40:02,663.9
12:40:02,663.54
12:40:02,664.53
12:40:02,663.92
12:40:02,664.75
12:40:02,665.65
12:40:02,666.19
12:40:02,666.11
12:40:02,664.47
12:40:02,665.08
12:40:02,664.25
12:40:02,664.95
12:40:03,664.17
12:40:03,662.9
12:40:03,664.14
12:40:03,664.48
12:40:03,663.89
12:40:03,663.13
12:40:03,662.68
12:40:03,664.01
12:40:03,664.01
12:40:03,664.0
12:40:03,664.8
12:40:03,663.28
12:40:03,663.97
12:40:03,664.38
12:40:03,664.63
12:40:03,665.18
12:40:03,664.31
12:40:03,663.38
12:40:03,664.43
12:40:03,665.06
12:40:03,665.03
12:40:03,663.02
12:40:03,663.01
12:40:03,663.01
12:40:03,663.0
12:40:03,663.8
12:40:03,662.68
12:40:03,663.61
12:40:03,663.37
12:40:03,663.22
12:40:03,663.93
12:40:03,662.36
12:40:03,663.82
12:40:03,664.69
12:40:03,664.81
12:40:03,665.29
12:40:03,667.17
12:40:03,665.5
12:40:03,665.7
12:40:03,665.42
12:40:03,665.65
12:40:03,667.39
12:40:03,666.84
12:40:03,666.1
12:40:03,666.06
12:40:03,665.64
12:40:03,666.98
12:40:03,666.59
12:40:04,665.95
12:40:04,665.57
12:40:04,665.34
12:40:04,665.61
12:40:04,664.96
12:40:04,665.38
12:40:04,665.63
12:40:04,665.78
12:40:04,664.67
12:40:04,665.2
12:40:04,665.12
12:40:04,664.27
12:40:04,664.96
12:40:04,664.18
12:40:04,664.91
12:40:04,665.34
12:40:04,665.61
12:40:04,665.76
12:40:04,666.26
12:40:04,664.96
12:40:04,664.97
12:40:04,664.98
12:40:04,664.59
12:40:04,663.55
12:40:04,664.93
12:40:04,665.36
12:40:04,665.62
12:40:04,665.77
12:40:04,665.46
12:40:04,665.68
12:40:04,665.41
12:40:04,664.44
12:40:04,664.67
12:40:04,665.6
12:40:04,664.16
12:40:04,663.7
12:40:04,664.62
12:40:04,665.57
12:40:04,665.34
12:40:04,664.41
12:40:04,663.84
12:40:04,664.71
12:40:04,665.22
12:40:04,665.53
12:40:04,664.92
12:40:04,665.35
12:40:04,665.61
12:40:04,665.77
12:40:04,665.46
12:40:05,662.88
12:40:05,663.73
12:40:05,664.24
12:40:05,665.34
12:40:05,665.2
12:40:05,664.72
12:40:05,664.43
12:40:05,664.66
12:40:05,665.2
12:40:05,665.92
12:40:05,663.15
12:40:05,663.09
12:40:05,663.05
12:40:05,663.83
12:40:05,665.1
12:40:05,664.26
12:40:05,664.16
12:40:05,663.69
12:40:05,664.22
12:40:05,664.93
12:40:05,662.56
12:40:05,664.33
12:40:05,663.8
12:40:05,663.48
12:40:05,663.29
12:40:05,661.97
12:40:05,663.18
12:40:05,664.31
12:40:05,663.79
12:40:05,664.27
12:40:05,662.56
12:40:05,663.14
12:40:05,663.08
12:40:05,663.05
12:40:05,663.83
12:40:05,663.5
12:40:05,664.5
12:40:05,665.5
12:40:05,665.7
12:40:05,665.82
12:40:05,664.69
12:40:05,664.82
12:40:05,665.29
12:40:05,665.97
12:40:05,665.58
12:40:05,663.75
12:40:05,664.65
12:40:05,665.59
12:40:06,666.15
12:40:06,665.69
12:40:06,663.82
12:40:06,665.09
12:40:06,664.25
12:40:06,664.95
12:40:06,664.17
12:40:06,664.1
12:40:06,664.86
12:40:06,665.72
12:40:06,665.83
12:40:06,665.5
12:40:06,664.5
12:40:06,665.5
12:40:06,665.7
12:40:06,665.82
12:40:06,665.49
12:40:06,663.7
12:40:06,663.42
12:40:06,664.45
12:40:06,665.07
12:40:06,665.04
12:40:06,667.03
12:40:06,665.82
12:40:06,665.89
12:40:06,665.53
12:40:06,665.32
12:40:06,665.59
12:40:06,665.36
12:40:06,665.61
12:40:06,664.57
12:40:06,665.54
12:40:06,665.32
12:40:06,664.39
12:40:06,665.44
12:40:06,665.66
12:40:06,665.4
12:40:06,665.24
12:40:06,665.14
12:40:06,665.49
12:40:06,665.29
12:40:06,665.17
12:40:06,665.51
12:40:06,664.5
12:40:06,664.7
12:40:06,664.82
12:40:06,665.69
12:40:06,664.62
12:40:07,665.17
12:40:07,665.5
12:40:07,665.3
12:40:07,665.18
12:40:07,665.51
12:40:07,665.71
12:40:07,664.62
12:40:07,664.37
12:40:07,665.02
12:40:07,663.81
12:40:07,664.69
12:40:07,664.81
12:40:07,664.89
12:40:07,664.13
12:40:07,664.48
12:40:07,662.69
12:40:07,663.61
12:40:07,663.37
12:40:07,664.42
12:40:07,665.05
12:40:07,663.83
12:40:07,664.7
12:40:07,664.82
12:40:07,664.89
12:40:07,664.14
12:40:07,662.88
12:40:07,663.73
12:40:07,664.24
12:40:07,664.94
12:40:07,664.17
12:40:07,662.5
12:40:07,663.9
12:40:07,664.74
12:40:07,664.84
12:40:07,664.11
12:40:07,663.26
12:40:07,664.36
12:40:07,665.02
12:40:07,664.21
12:40:07,664.53
12:40:07,662.72
12:40:07,664.03
12:40:07,664.02
12:40:07,663.61
12:40:07,664.57
12:40:07,663.94
12:40:07,664.36
12:40:07,665.02
12:40:07,663.81
12:40:08,664.69
12:40:08,663.21
12:40:08,662.73
12:40:08,662.84
12:40:08,664.5
12:40:08,663.5
12:40:08,662.5
12:40:08,663.5
12:40:08,664.9
12:40:08,665.34
12:40:08,665.6
12:40:08,663.76
12:40:08,664.66
12:40:08,665.19
12:40:08,665.92
12:40:08,665.95
12:40:08,663.97
12:40:08,665.18
12:40:08,665.11
12:40:08,664.67
12:40:08,664.8
12:40:08,663.68
12:40:08,664.21
12:40:08,663.72
12:40:08,663.43
12:40:08,664.46
12:40:08,666.68
12:40:08,666.01
12:40:08,665.2
12:40:08,665.52
12:40:08,665.71
12:40:08,667.43
12:40:08,666.86
12:40:08,666.91
12:40:08,666.15
12:40:08,666.09
12:40:08,666.05
12:40:08,664.83
12:40:08,665.3
12:40:08,665.58
12:40:08,664.95
12:40:08,664.97
12:40:08,665.38
12:40:08,666.03
12:40:08,665.22
12:40:08,665.13
12:40:08,665.08
12:40:08,665.45
12:40:09,665.67
12:40:09,665.4
12:40:09,664.44
12:40:09,664.66
12:40:09,665.2
12:40:09,665.52
12:40:09,665.71
12:40:09,665.83
12:40:09,665.9
12:40:09,664.34
12:40:09,664.6
12:40:09,664.76
12:40:09,665.66
12:40:09,665.39
12:40:09,662.84
12:40:09,663.7
12:40:09,664.22
12:40:09,664.93
12:40:09,664.96
12:40:09,662.98
12:40:09,663.39
12:40:09,664.83
12:40:09,665.7
12:40:09,665.82
12:40:09,663.09
12:40:09,663.05
12:40:09,662.63
12:40:09,663.98
12:40:09,663.59
12:40:09,662.55
12:40:09,663.93
12:40:09,664.76
12:40:09,664.86
12:40:09,665.31
12:40:09,664.79
12:40:09,664.87
12:40:09,664.92
12:40:09,664.95
12:40:09,664.17
12:40:09,663.7
12:40:09,664.22
12:40:09,663.73
12:40:09,664.64
12:40:09,665.58
12:40:09,663.35
12:40:09,664.41
12:40:09,665.05
12:40:09,664.23
12:40:10,664.94
12:40:10,663.36
12:40:10,664.42
12:40:10,665.05
12:40:10,664.23
12:40:10,664.54
12:40:10,664.32
12:40:10,663.79
12:40:10,664.68
12:40:10,664.81
12:40:10,665.68
12:40:10,663.81
12:40:10,664.69
12:40:10,664.81
12:40:10,665.29
12:40:10,664.37
12:40:10,662.62
12:40:10,663.97
12:40:10,664.38
12:40:10,665.03
12:40:10,663.82
12:40:10,663.49
12:40:10,664.89
12:40:10,665.34
12:40:10,665.6
12:40:10,664.56
12:40:10,662.74
12:40:10,664.04
12:40:10,663.23
12:40:10,663.14
12:40:10,664.28
12:40:10,666.57
12:40:10,666.34
12:40:10,666.2
12:40:10,666.12
12:40:10,666.07
12:40:10,667.64
12:40:10,666.99
12:40:10,666.59
12:40:10,665.96
12:40:10,665.97
12:40:10,664.78
12:40:10,665.67
12:40:10,665.8
12:40:10,665.48
12:40:10,664.49
12:40:10,663.89
12:40:10,664.34
12:40:10,665.0
12:40:11,664.2
12:40:11,664.52
12:40:11,665.51
12:40:11,664.51
12:40:11,663.9
12:40:11,664.34
12:40:11,665.01
12:40:11,664.6
12:40:11,662.36
12:40:11,663.82
12:40:11,664.69
12:40:11,664.01
12:40:11,663.61
12:40:11,662.97
12:40:11,663.78
12:40:11,664.27
12:40:11,665.36
12:40:11,666.02
12:40:11,664.01
12:40:11,664.01
12:40:11,663.6
12:40:11,663.36
12:40:11,664.42
12:40:11,662.65
12:40:11,663.99
12:40:11,664.79
12:40:11,665.68
12:40:11,664.61
12:40:11,664.36
12:40:11,665.02
12:40:11,664.61
12:40:11,663.97
12:40:11,664.38
12:40:11,663.83
12:40:11,664.7
12:40:11,665.62
12:40:11,665.77
12:40:11,666.26
12:40:11,663.76
12:40:11,664.65
12:40:11,665.19
12:40:11,665.52
12:40:11,665.31
12:40:11,664.79
12:40:11,664.87
12:40:11,664.92
12:40:11,665.75
12:40:11,666.25
12:40:12,663.35
12:40:12,664.41
12:40:12,663.85
12:40:12,664.31
12:40:12,664.58
12:40:12,663.95
12:40:12,664.37
12:40:12,665.02
12:40:12,664.61
12:40:12,665.17
12:40:12,664.7
12:40:12,664.82
12:40:12,665.69
12:40:12,665.82
12:40:12,665.49
12:40:12,663.69
12:40:12,664.22
12:40:12,664.93
12:40:12,665.36
12:40:12,665.61
12:40:12,664.97
12:40:12,665.78
12:40:12,666.27
12:40:12,666.16
12:40:12,666.1
12:40:12,663.26
12:40:12,664.35
12:40:12,664.61
12:40:12,663.97
12:40:12,663.58
12:40:12,664.95
12:40:12,665.77
12:40:12,665.86
12:40:12,665.52
12:40:12,665.71
12:40:12,667.43
12:40:12,666.86
12:40:12,666.11
12:40:12,664.47
12:40:12,664.68
12:40:12,666.01
12:40:12,664.81
12:40:12,665.28
12:40:12,665.97
12:40:12,665.98
12:40:12,664.79
12:40:12,664.87
12:40:12,664.92
12:40:12,665.35
12:40:13,665.21
12:40:13,665.53
12:40:13,665.72
12:40:13,665.83
12:40:13,665.9
12:40:13,664.74
12:40:13,665.64
12:40:13,665.79
12:40:13,665.47
12:40:13,665.28
12:40:13,664.77
12:40:13,665.66
12:40:13,666.2
12:40:13,666.12
12:40:13,664.87
12:40:13,664.92
12:40:13,664.95
12:40:13,664.17
12:40:13,663.7
12:40:13,664.22
12:40:13,664.93
12:40:13,664.96
12:40:13,664.18
12:40:13,664.91
12:40:13,664.94
12:40:13,664.17
12:40:13,664.5
12:40:13,662.7
12:40:13,664.42
12:40:13,665.05
12:40:13,665.03
12:40:13,664.62
12:40:13,663.97
12:40:13,664.38
12:40:13,665.43
12:40:13,665.66
12:40:13,665.39
12:40:13,663.24
12:40:13,664.74
12:40:13,665.25
12:40:13,665.95
12:40:13,664.77
12:40:13,664.06
12:40:13,664.04
12:40:13,663.22
12:40:13,662.73
12:40:13,664.04
12:40:13,663.62
12:40:14,664.57
12:40:14,665.14
12:40:14,665.49
12:40:14,664.49
12:40:14,663.1
12:40:14,663.06
12:40:14,662.63
12:40:14,663.58
12:40:14,662.95
12:40:14,663.37
12:40:14,664.42
12:40:14,665.05
12:40:14,664.23
12:40:14,664.94
12:40:14,663.36
12:40:14,664.42
12:40:14,665.05
12:40:14,664.63
12:40:14,665.18
12:40:14,667.11
12:40:14,665.86
12:40:14,666.32
12:40:14,664.99
12:40:14,664.59
12:40:14,666.36
12:40:14,666.21
12:40:14,664.93
12:40:14,665.76
12:40:14,665.45
12:40:14,666.87
12:40:14,666.52
12:40:14,666.31
12:40:14,664.59
12:40:14,665.15
12:40:14,665.49
12:40:14,665.3
12:40:14,663.98
12:40:14,664.39
12:40:14,664.63
12:40:14,665.18
12:40:14,665.51
12:40:14,664.5
12:40:14,665.1
12:40:14,665.06
12:40:14,665.04
12:40:15,663.82
12:40:15,664.69
12:40:15,664.82
12:40:15,664.89
12:40:15,664.13
12:40:15,663.68
12:40:15,664.21
12:40:15,663.72
12:40:15,664.64
12:40:15,664.78
12:40:15,664.07
12:40:15,664.04
12:40:15,664.02
12:40:15,664.01
12:40:15,663.61
12:40:15,662.97
12:40:15,664.58
12:40:15,664.75
12:40:15,664.85
12:40:15,664.91
12:40:15,664.15
12:40:15,663.69
12:40:15,665.01
12:40:15,664.61
12:40:15,665.16
12:40:15,664.3
12:40:15,664.58
12:40:15,664.75
12:40:15,665.25
12:40:15,665.55
12:40:15,664.93
12:40:15,665.36
12:40:15,665.61
12:40:15,665.77
12:40:15,666.26
12:40:15,664.16
12:40:15,663.69
12:40:15,664.22
12:40:15,664.93
12:40:15,664.96
12:40:15,662.57
12:40:15,663.94
12:40:15,664.77
12:40:15,664.86
12:40:15,664.92
12:40:15,664.55
12:40:15,665.53
12:40:15,665.32
12:40:15,665.59
12:40:15,664.55
12:40:15,663.93
12:40:16,664.76
12:40:16,665.26
12:40:16,665.55
12:40:16,665.73
12:40:16,664.64
12:40:16,665.18
12:40:16,665.51
12:40:16,665.71
12:40:16,665.82
12:40:16,663.09
12:40:16,663.06
12:40:16,662.63
12:40:16,663.98
12:40:16,663.99
12:40:16,662.79
12:40:16,663.68
12:40:16,664.61
12:40:16,665.16
12:40:16,665.5
12:40:16,664.5
12:40:16,665.1
12:40:16,665.46
12:40:16,665.68
12:40:16,664.61
12:40:16,662.36
12:40:16,663.82
12:40:16,664.69
12:40:16,664.81
12:40:16,665.69
12:40:16,663.81
12:40:16,665.09
12:40:16,664.25
12:40:16,664.95
12:40:16,664.17
12:40:16,664.9
12:40:16,665.34
12:40:16,666.01
12:40:16,665.2
12:40:16,664.72
12:40:16,665.23
12:40:16,665.54
12:40:16,665.72
12:40:16,665.83
12:40:16,666.3
12:40:16,665.78
12:40:16,666.27
12:40:16,664.96
12:40:16,665.78
12:40:16,664.67
12:40:17,665.2
12:40:17,665.52
12:40:17,665.71
12:40:17,664.63
12:40:17,665.18
12:40:17,665.91
12:40:17,665.94
12:40:17,665.57
12:40:17,666.14
12:40:17,666.08
12:40:17,666.05
12:40:17,665.63
12:40:17,665.78
12:40:17,665.47
12:40:17,665.28
12:40:17,665.97
12:40:17,664.78
12:40:17,665.27
12:40:17,665.96
12:40:17,665.58
12:40:17,664.95
12:40:17,662.97
12:40:17,663.78
12:40:17,664.27
12:40:17,664.96
12:40:17,664.18
12:40:17,664.11
12:40:17,664.06
12:40:17,662.84
12:40:17,662.9
12:40:17,662.94
12:40:17,662.97
12:40:17,663.78
12:40:17,665.07
12:40:17,664.24
12:40:17,664.94
12:40:17,663.37
12:40:17,664.42
12:40:17,665.05
12:40:17,664.23
12:40:17,664.94
12:40:17,663.76
12:40:17,664.66
12:40:17,665.59
12:40:17,665.76
12:40:17,665.45
12:40:17,663.27
12:40:17,664.36
12:40:18,665.02
12:40:18,664.61
12:40:18,664.77
12:40:18,664.06
12:40:18,664.04
12:40:18,663.62
12:40:18,664.57
12:40:18,664.74
12:40:18,663.65
12:40:18,664.59
12:40:18,664.75
12:40:18,665.65
12:40:18,665.79
12:40:18,665.07
12:40:18,664.64
12:40:18,665.59
12:40:18,666.15
12:40:18,666.09
12:40:18,665.25
12:40:18,665.55
12:40:18,665.73
12:40:18,665.84
12:40:18,664.7
12:40:18,666.82
12:40:18,666.49
12:40:18,665.9
12:40:18,666.34
12:40:18,666.2
12:40:18,667.72
12:40:18,667.03
12:40:18,665.82
12:40:18,665.89
12:40:18,664.74
12:40:18,666.84
12:40:18,666.1
12:40:18,666.06
12:40:18,664.44
12:40:18,665.46
12:40:18,665.28
12:40:18,665.97
12:40:18,666.38
12:40:18,666.23
12:40:18,666.14
12:40:18,666.08
12:40:18,664.85
12:40:18,665.31
12:40:18,664.39
12:40:18,664.63
12:40:19,665.58
12:40:19,666.15
12:40:19,664.89
12:40:19,665.33
12:40:19,665.6
12:40:19,665.36
12:40:19,665.62
12:40:19,665.77
12:40:19,665.86
12:40:19,664.72
12:40:19,665.23
12:40:19,665.94
12:40:19,665.56
12:40:19,666.14
12:40:19,666.08
12:40:19,666.05
12:40:19,664.43
12:40:19,665.06
12:40:19,664.23
12:40:19,664.94
12:40:19,664.16
12:40:19,662.9
12:40:19,664.14
12:40:19,664.88
12:40:19,664.13
12:40:19,664.48
12:40:19,663.89
12:40:19,664.33
12:40:19,663.8
12:40:19,663.48
12:40:19,663.29
12:40:19,661.97
12:40:19,663.18
12:40:19,664.31
12:40:19,664.59
12:40:19,663.95
12:40:19,662.37
12:40:19,663.82
12:40:19,664.69
12:40:19,664.82
12:40:19,664.89
12:40:19,663.33
12:40:19,663.2
12:40:19,664.32
12:40:19,664.99
12:40:19,664.6
12:40:19,662.36
12:40:19,663.81
12:40:19,664.69
12:40:20,664.81
12:40:20,665.69
12:40:20,663.81
12:40:20,664.69
12:40:20,665.21
12:40:20,664.33
12:40:20,665.0
12:40:20,664.6
12:40:20,665.56
12:40:20,666.14
12:40:20,664.88
12:40:20,664.53
12:40:20,662.72
12:40:20,663.63
12:40:20,664.58
12:40:20,664.75
12:40:20,665.25
12:40:20,663.15
12:40:20,663.09
12:40:20,663.05
12:40:20,663.43
12:40:20,664.86
12:40:20,663.72
12:40:20,663.43
12:40:20,664.46
12:40:20,665.47
12:40:20,665.28
12:40:20,664.77
12:40:20,665.26
12:40:20,664.76
12:40:20,665.25
12:40:20,665.95
12:40:20,665.97
12:40:20,665.98
12:40:20,665.99
12:40:20,665.59
12:40:20,664.56
12:40:20,665.13
12:40:20,664.68
12:40:20,665.61
12:40:20,664.96
12:40:20,664.98
12:40:20,664.59
12:40:20,663.55
12:40:20,664.53
12:40:20,665.12
12:40:20,665.47
12:40:20,665.28
12:40:21,664.77
12:40:21,665.26
12:40:21,665.56
12:40:21,665.33
12:40:21,665.6
12:40:21,663.36
12:40:21,664.42
12:40:21,665.05
12:40:21,665.03
12:40:21,663.82
12:40:21,663.89
12:40:21,664.33
12:40:21,664.2
12:40:21,664.52
12:40:21,665.11
12:40:21,663.87
12:40:21,664.32
12:40:21,664.19
12:40:21,664.92
12:40:21,665.35
12:40:21,664.81
12:40:21,665.29
12:40:21,665.57
12:40:21,665.34
12:40:21,665.61
12:40:21,663.76
12:40:21,665.06
12:40:21,663.83
12:40:21,664.7
12:40:21,664.02
12:40:21,662.81
12:40:21,664.09
12:40:21,663.65
12:40:21,664.99
12:40:21,664.19
12:40:21,662.52
12:40:21,663.91
12:40:21,664.75
12:40:21,665.25
12:40:21,665.55
12:40:21,664.53
12:40:21,665.12
12:40:21,664.27
12:40:21,664.96
12:40:21,664.18
12:40:21,662.51
12:40:21,663.9
12:40:21,664.74
12:40:21,665.25
12:40:22,665.95
12:40:22,665.17
12:40:22,664.3
12:40:22,664.98
12:40:22,664.99
12:40:22,664.19
12:40:22,662.12
12:40:22,662.47
12:40:22,663.88
12:40:22,664.73
12:40:22,665.24
12:40:22,663.14
12:40:22,663.09
12:40:22,663.05
12:40:22,662.63
12:40:22,663.98
12:40:22,665.99
12:40:22,665.99
12:40:22,666.0
12:40:22,665.2
12:40:22,665.52
12:40:22,665.71
12:40:22,664.63
12:40:22,663.98
12:40:22,664.39
12:40:22,665.03
12:40:22,663.82
12:40:22,664.69
12:40:22,665.21
12:40:22,664.33
12:40:22,665.0
12:40:22,665.0
12:40:22,665.0
12:40:22,664.2
12:40:22,664.92
12:40:22,665.35
12:40:22,666.01
12:40:22,664.01
12:40:22,664.0
12:40:22,663.6
12:40:22,664.56
12:40:22,665.54
12:40:22,664.92
12:40:22,665.35
12:40:22,665.61
12:40:22,665.77
12:40:22,665.46
12:40:22,664.88
12:40:23,664.93
12:40:23,665.36
12:40:23,665.21
12:40:23,665.53
12:40:23,664.52
12:40:23,664.31
12:40:23,663.79
12:40:23,664.27
12:40:23,665.36
12:40:23,664.42
12:40:23,665.05
12:40:23,664.23
12:40:23,664.54
12:40:23,665.52
12:40:23,663.71
12:40:23,663.43
12:40:23,664.46
12:40:23,664.67
12:40:23,665.2
12:40:23,663.12
12:40:23,662.67
12:40:23,664.4
12:40:23,664.64
12:40:23,665.59
12:40:23,663.35
12:40:23,664.41
12:40:23,663.85
12:40:23,664.31
12:40:23,664.98
12:40:23,664.59
12:40:23,664.75
12:40:23,665.25
12:40:23,665.55
12:40:23,665.33
12:40:23,664.8
12:40:23,664.88
12:40:23,664.93
12:40:23,664.96
12:40:23,664.97
12:40:23,662.98
12:40:23,663.79
12:40:23,664.27
12:40:23,665.36
12:40:23,665.62
12:40:23,663.37
12:40:23,664.42
12:40:23,665.05
12:40:23,664.23
12:40:24,664.54
12:40:24,662.72
12:40:24,664.03
12:40:24,664.02
12:40:24,664.01
12:40:24,664.01
12:40:24,663.2
12:40:24,664.72
12:40:24,664.83
12:40:24,665.7
12:40:24,664.62
12:40:24,664.37
12:40:24,663.82
12:40:24,664.69
12:40:24,664.82
12:40:24,664.89
12:40:24,663.33
12:40:24,663.2
12:40:24,664.32
12:40:24,663.79
12:40:24,663.48
12:40:24,665.29
12:40:24,665.57
12:40:24,665.74
12:40:24,666.25
12:40:24,666.15
12:40:24,666.09
12:40:24,664.85
12:40:24,665.71
12:40:24,664.63
12:40:24,665.58
12:40:24,665.75
12:40:24,665.85
12:40:24,665.51
12:40:24,664.51
12:40:24,664.7
12:40:24,663.62
12:40:24,663.37
12:40:24,663.22
12:40:24,663.53
12:40:24,664.52
12:40:24,665.51
12:40:24,664.51
12:40:24,663.9
12:40:24,664.34
12:40:24,665.41
12:40:24,665.24
12:40:24,665.55
12:40:24,665.73
12:40:25,665.84
12:40:25,664.7
12:40:25,664.82
12:40:25,663.69
12:40:25,665.02
12:40:25,664.61
12:40:25,664.77
12:40:25,664.86
12:40:25,662.92
12:40:25,664.15
12:40:25,664.09
12:40:25,664.85
12:40:25,665.31
12:40:25,664.39
12:40:25,665.03
12:40:25,663.82
12:40:25,664.29
12:40:25,664.58
12:40:25,662.35
12:40:25,663.81
12:40:25,664.68
12:40:25,664.01
12:40:25,663.61
12:40:25,663.76
12:40:25,664.66
12:40:25,665.2
12:40:25,664.72
12:40:25,665.23
12:40:25,663.14
12:40:25,663.08
12:40:25,663.05
12:40:25,663.43
12:40:25,664.46
12:40:25,662.67
12:40:25,664.0
12:40:25,663.6
12:40:25,664.96
12:40:25,664.98
12:40:25,663.79
12:40:25,664.67
12:40:25,665.6
12:40:25,665.36
12:40:25,665.62
12:40:25,663.37
12:40:25,664.42
12:40:25,665.05
12:40:25,664.23
12:40:25,664.54
12:40:26,663.92
12:40:26,664.75
12:40:26,665.65
12:40:26,665.39
12:40:26,665.23
12:40:26,664.74
12:40:26,665.64
12:40:26,665.79
12:40:26,665.47
12:40:26,665.28
12:40:26,664.77
12:40:26,665.26
12:40:26,665.56
12:40:26,666.13
12:40:26,666.08
12:40:26,665.25
12:40:26,665.55
12:40:26,665.73
12:40:26,665.04
12:40:26,665.02
12:40:26,666.21
12:40:26,664.93
12:40:26,665.36
12:40:26,665.61
12:40:26,665.77
12:40:26,666.26
12:40:26,666.16
12:40:26,664.89
12:40:26,664.94
12:40:26,664.16
12:40:26,664.9
12:40:26,664.94
12:40:26,664.56
12:40:26,664.74
12:40:26,664.84
12:40:26,664.11
12:40:26,664.06
12:40:26,664.04
12:40:26,663.62
12:40:26,664.97
12:40:26,664.98
12:40:26,665.39
12:40:26,666.03
12:40:26,665.22
12:40:26,665.53
12:40:26,666.12
12:40:26,665.67
12:40:26,665.8
12:40:27,665.48
12:40:27,664.49
12:40:27,663.49
12:40:27,662.1
12:40:27,662.46
12:40:27,664.27
12:40:27,664.96
12:40:27,664.98
12:40:27,664.19
12:40:27,664.91
12:40:27,664.15
12:40:27,664.89
12:40:27,664.53
12:40:27,664.32
12:40:27,663.79
12:40:27,664.28
12:40:27,664.97
12:40:27,664.18
12:40:27,663.71
12:40:27,663.42
12:40:27,664.45
12:40:27,665.07
12:40:27,664.24
12:40:27,664.15
12:40:27,663.69
12:40:27,664.21
12:40:27,664.93
12:40:27,665.36
12:40:27,664.81
12:40:27,664.89
12:40:27,664.93
12:40:27,665.36
12:40:27,665.22
12:40:27,663.13
12:40:27,663.08
12:40:27,663.05
12:40:27,663.43
12:40:27,664.46
12:40:27,663.87
12:40:27,665.12
12:40:27,664.27
12:40:27,663.76
12:40:27,664.26
12:40:27,662.56
12:40:27,663.93
12:40:27,665.16
12:40:27,664.3
12:40:27,664.58
12:40:27,663.15
12:40:28,664.29
12:40:28,664.57
12:40:28,665.14
12:40:28,665.09
12:40:28,662.65
12:40:28,663.99
12:40:28,664.39
12:40:28,665.04
12:40:28,665.42
12:40:28,663.25
12:40:28,664.35
12:40:28,665.01
12:40:28,664.61
12:40:28,665.16
12:40:28,665.5
12:40:28,666.1
12:40:28,665.26
12:40:28,665.56
12:40:28,665.33
12:40:28,667.2
12:40:28,666.32
12:40:28,665.39
12:40:28,665.64
12:40:28,665.38
12:40:28,666.43
12:40:28,665.86
12:40:28,665.51
12:40:28,664.51
12:40:28,665.11
12:40:28,667.06
12:40:28,665.44
12:40:28,665.66
12:40:28,665.8
12:40:28,664.68
12:40:28,664.01
12:40:28,664.0
12:40:28,663.6
12:40:28,664.56
12:40:28,665.54
12:40:28,665.32
12:40:28,665.59
12:40:28,665.36
12:40:28,665.61
12:40:28,665.77
12:40:28,665.46
12:40:28,664.08
12:40:28,663.65
12:40:28,664.59
12:40:29,664.75
12:40:29,664.85
12:40:29,662.51
12:40:29,662.71
12:40:29,662.42
12:40:29,663.85
12:40:29,664.31
12:40:29,663.39
12:40:29,664.43
12:40:29,665.06
12:40:29,665.44
12:40:29,665.26
12:40:29,664.76
12:40:29,665.65
12:40:29,665.79
12:40:29,664.68
12:40:29,664.01
12:40:29,662.8
12:40:29,663.68
12:40:29,664.61
12:40:29,665.17
12:40:29,665.5
12:40:29,663.3
12:40:29,664.38
12:40:29,665.03
12:40:29,664.62
12:40:29,665.17
12:40:29,662.7
12:40:29,664.42
12:40:29,664.65
12:40:29,665.59
12:40:29,665.35
12:40:29,663.21
12:40:29,663.13
12:40:29,663.08
12:40:29,662.65
12:40:29,663.59
12:40:29,662.15
12:40:29,662.49
12:40:29,663.5
12:40:29,664.9
12:40:29,664.94
12:40:29,663.36
12:40:29,664.42
12:40:29,665.45
12:40:29,666.07
12:40:29,665.64
12:40:29,664.99
12:40:30,665.39
12:40:30,665.63
12:40:30,665.78
12:40:30,665.07
12:40:30,666.64
12:40:30,666.38
12:40:30,666.63
12:40:30,665.18
12:40:30,665.51
12:40:30,667.3
12:40:30,667.18
12:40:30,666.71
12:40:30,665.23
12:40:30,665.54
12:40:30,666.92
12:40:30,666.95
12:40:30,666.17
12:40:30,665.3
12:40:30,665.58
12:40:30,666.55
12:40:30,666.33
12:40:30,665.4
12:40:30,665.24
12:40:30,665.94
12:40:30,667.17
12:40:30,665.5
12:40:30,666.1
12:40:30,664.86
12:40:30,664.92
12:40:30,666.55
12:40:30,666.33
12:40:30,666.2
12:40:30,666.12
12:40:30,665.67
12:40:30,667.4
12:40:30,666.44
12:40:30,666.27
12:40:30,666.16
12:40:30,666.1
12:40:30,667.66
12:40:30,667.39
12:40:30,667.24
12:40:30,666.74
12:40:30,666.05
12:40:30,665.63
12:40:30,665.78
12:40:30,666.27
12:40:30,666.16
12:40:30,666.5
12:40:31,666.3
12:40:31,666.18
12:40:31,666.11
12:40:31,664.86
12:40:31,664.12
12:40:31,664.87
12:40:31,664.92
12:40:31,665.35
12:40:31,665.61
12:40:31,665.77
12:40:31,665.46
12:40:31,665.68
12:40:31,665.81
12:40:31,665.88
12:40:31,664.73
12:40:31,665.24
12:40:31,665.94
12:40:31,665.57
12:40:31,665.34
12:40:31,665.6
12:40:31,664.16
12:40:31,663.3
12:40:31,664.38
12:40:31,665.03
12:40:31,664.22
12:40:31,664.93
12:40:31,662.16
12:40:31,662.49
12:40:31,663.5
12:40:31,664.5
12:40:31,663.9
12:40:31,662.34
12:40:31,663.8
12:40:31,664.68
12:40:31,664.01
12:40:31,663.61
12:40:31,661.76
12:40:31,663.46
12:40:31,664.47
12:40:31,665.48
12:40:31,665.29
12:40:31,664.37
12:40:31,665.02
12:40:31,664.61
12:40:31,664.77
12:40:31,665.66
12:40:31,664.6
12:40:31,665.16
12:40:32,665.49
12:40:32,664.5
12:40:32,664.7
12:40:32,662.82
12:40:32,664.09
12:40:32,663.65
12:40:32,664.59
12:40:32,663.96
12:40:32,663.57
12:40:32,664.54
12:40:32,665.53
12:40:32,665.72
12:40:32,666.23
12:40:32,663.34
12:40:32,664.4
12:40:32,665.44
12:40:32,665.67
12:40:32,666.2
12:40:32,663.72
12:40:32,664.63
12:40:32,665.18
12:40:32,665.51
12:40:32,665.3
12:40:32,664.78
12:40:32,665.27
12:40:32,665.56
12:40:32,665.74
12:40:32,665.44
12:40:32,664.47
12:40:32,664.68
12:40:32,664.81
12:40:32,664.88
12:40:32,664.13
12:40:32,663.68
12:40:32,664.21
12:40:32,663.72
12:40:32,664.63
12:40:32,665.18
12:40:32,664.31
12:40:32,664.59
12:40:32,665.15
12:40:32,664.29
12:40:32,665.37
12:40:32,663.22
12:40:32,663.53
12:40:32,664.12
12:40:32,663.67
12:40:32,665.0
12:40:33,664.6
12:40:33,665.16
12:40:33,664.7
12:40:33,665.22
12:40:33,665.53
12:40:33,662.92
12:40:33,664.15
12:40:33,663.69
12:40:33,665.01
12:40:33,664.61
12:40:33,666.77
12:40:33,666.46
12:40:33,666.28
12:40:33,666.17
12:40:33,666.5
12:40:33,667.9
12:40:33,666.74
12:40:33,666.44
12:40:33,665.87
12:40:33,664.72
12:40:33,665.23
12:40:33,664.74
12:40:33,665.24
12:40:33,665.55
12:40:33,666.13
12:40:33,667.28
12:40:33,666.77
12:40:33,666.86
12:40:33,666.12
12:40:33,666.07
12:40:33,665.64
12:40:33,665.79
12:40:33,665.47
12:40:33,665.68
12:40:33,664.61
12:40:33,665.17
12:40:33,665.1
12:40:33,665.46
12:40:33,665.68
12:40:33,664.61
12:40:33,665.16
12:40:33,664.3
12:40:33,664.98
12:40:33,665.39
12:40:33,665.23
12:40:33,665.54
12:40:33,664.12
12:40:33,663.67
12:40:33,664.6
12:40:34,663.96
12:40:34,664.38
12:40:34,662.23
12:40:34,662.94
12:40:34,664.16
12:40:34,664.9
12:40:34,664.14
12:40:34,662.88
12:40:34,663.73
12:40:34,664.24
12:40:34,664.54
12:40:34,664.73
12:40:34,664.04
12:40:34,663.22
12:40:34,663.13
12:40:34,663.88
12:40:34,663.93
12:40:34,663.96
12:40:34,664.77
12:40:34,665.26
12:40:34,665.56
12:40:34,665.34
12:40:34,664.8
12:40:34,664.88
12:40:34,664.93
12:40:34,664.96
12:40:34,664.17
12:40:34,663.3
12:40:34,664.78
12:40:34,665.27
12:40:34,665.56
12:40:34,665.74
12:40:34,665.04
12:40:34,663.83
12:40:34,664.7
12:40:34,665.62
12:40:34,665.77
12:40:34,664.66
12:40:34,665.2
12:40:34,665.52
12:40:34,665.31
12:40:34,665.19
12:40:34,664.71
12:40:34,664.03
12:40:34,664.02
12:40:34,664.01
12:40:34,664.01
12:40:34,663.2
12:40:35,664.32
12:40:35,663.79
12:40:35,664.28
12:40:35,664.97
12:40:35,663.38
12:40:35,664.43
12:40:35,665.06
12:40:35,664.23
12:40:35,664.94
12:40:35,663.36
12:40:35,664.42
12:40:35,665.05
12:40:35,664.23
12:40:35,665.34
12:40:35,662.8
12:40:35,663.68
12:40:35,664.21
12:40:35,663.73
12:40:35,664.64
12:40:35,663.98
12:40:35,664.79
12:40:35,664.87
12:40:35,664.92
12:40:35,665.35
12:40:35,663.21
12:40:35,663.13
12:40:35,662.68
12:40:35,663.61
12:40:35,664.56
12:40:35,666.74
12:40:35,666.44
12:40:35,666.67
12:40:35,666.4
12:40:35,665.84
12:40:35,666.3
12:40:35,666.58
12:40:35,665.95
12:40:35,666.37
12:40:35,666.22
12:40:35,666.13
12:40:35,664.48
12:40:35,665.49
12:40:35,665.29
12:40:35,665.18
12:40:35,667.11
12:40:35,665.06
12:40:35,664.64
12:40:35,665.18
12:40:36,665.51
12:40:36,665.71
12:40:36,664.62
12:40:36,664.37
12:40:36,665.02
12:40:36,664.21
12:40:36,664.93
12:40:36,665.36
12:40:36,665.61
12:40:36,664.57
12:40:36,664.74
12:40:36,664.84
12:40:36,664.91
12:40:36,665.34
12:40:36,665.61
12:40:36,665.76
12:40:36,666.26
12:40:36,665.36
12:40:36,665.21
12:40:36,664.33
12:40:36,665.0
12:40:36,665.0
12:40:36,663.8
12:40:36,664.28
12:40:36,665.37
12:40:36,665.62
12:40:36,665.77
12:40:36,663.06
12:40:36,663.04
12:40:36,663.42
12:40:36,664.85
12:40:36,664.91
12:40:36,664.15
12:40:36,664.09
12:40:36,663.65
12:40:36,664.59
12:40:36,663.96
12:40:36,662.37
12:40:36,663.82
12:40:36,664.69
12:40:36,664.02
12:40:36,663.21
12:40:36,663.53
12:40:36,664.52
12:40:36,665.11
12:40:36,664.27
12:40:36,664.96
12:40:36,663.38
12:40:36,664.83
12:40:37,665.3
12:40:37,664.38
12:40:37,665.03
12:40:37,663.82
12:40:37,664.69
12:40:37,665.21
12:40:37,664.33
12:40:37,665.0
12:40:37,664.6
12:40:37,665.56
12:40:37,665.74
12:40:37,665.84
12:40:37,664.7
12:40:37,664.02
12:40:37,664.01
12:40:37,663.61
12:40:37,663.77
12:40:37,664.66
12:40:37,662.8
12:40:37,664.08
12:40:37,663.65
12:40:37,664.59
12:40:37,663.95
12:40:37,665.97
12:40:37,666.38
12:40:37,666.23
12:40:37,664.94
12:40:37,664.96
12:40:37,666.18
12:40:37,666.11
12:40:37,665.26
12:40:37,665.56
12:40:37,665.74
12:40:37,667.44
12:40:37,666.86
12:40:37,666.12
12:40:37,664.87
12:40:37,664.92
12:40:37,665.75
12:40:37,665.85
12:40:37,665.51
12:40:37,664.91
12:40:37,665.34
12:40:37,666.01
12:40:37,665.2
12:40:37,665.52
12:40:37,665.31
12:40:37,665.59
12:40:38,664.55
12:40:38,665.13
12:40:38,664.28
12:40:38,664.97
12:40:38,664.18
12:40:38,664.91
12:40:38,665.34
12:40:38,665.61
12:40:38,664.96
12:40:38,665.38
12:40:38,664.03
12:40:38,662.82
12:40:38,664.09
12:40:38,663.65
12:40:38,664.99
12:40:38,664.2
12:40:38,662.92
12:40:38,664.55
12:40:38,665.13
12:40:38,665.48
12:40:38,664.49
12:40:38,662.29
12:40:38,663.38
12:40:38,664.43
12:40:38,665.06
12:40:38,665.03
12:40:38,663.82
12:40:38,665.09
12:40:38,664.26
12:40:38,663.75
12:40:38,664.25
12:40:38,662.15
12:40:38,663.69
12:40:38,664.21
12:40:38,663.73
12:40:38,664.24
12:40:38,662.54
12:40:38,663.93
12:40:38,664.76
12:40:38,665.65
12:40:38,666.19
12:40:38,663.72
12:40:38,664.23
12:40:38,664.14
12:40:38,663.68
12:40:38,663.41
12:40:38,663.25
12:40:38,664.35
12:40:39,665.01
12:40:39,664.61
12:40:39,664.76
12:40:39,662.86
12:40:39,663.71
12:40:39,663.83
12:40:39,664.7
12:40:39,664.82
12:40:39,664.09
12:40:39,663.65
12:40:39,664.59
12:40:39,664.76
12:40:39,664.85
12:40:39,664.51
12:40:39,663.91
12:40:39,664.74
12:40:39,665.25
12:40:39,665.15
12:40:39,662.69
12:40:39,663.61
12:40:39,663.37
12:40:39,663.22
12:40:39,663.93
12:40:39,665.96
12:40:39,665.58
12:40:39,666.15
12:40:39,664.49
12:40:39,663.89
12:40:39,665.54
12:40:39,665.72
12:40:39,665.83
12:40:39,665.9
12:40:39,665.14
12:40:39,665.48
12:40:39,665.29
12:40:39,665.97
12:40:39,665.58
12:40:39,664.95
12:40:39,665.37
12:40:39,665.62
12:40:39,665.77
12:40:39,665.86
12:40:39,664.72
12:40:39,665.23
12:40:39,664.34
12:40:39,664.6
12:40:39,665.56
12:40:39,666.14
12:40:39,666.08
12:40:40,665.25
12:40:40,665.55
12:40:40,665.73
12:40:40,665.84
12:40:40,664.7
12:40:40,662.82
12:40:40,664.09
12:40:40,663.66
12:40:40,664.59
12:40:40,663.56
12:40:40,663.73
12:40:40,664.64
12:40:40,665.58
12:40:40,665.35
12:40:40,665.61
12:40:40,663.77
12:40:40,664.66
12:40:40,665.2
12:40:40,665.52
12:40:40,665.71
12:40:40,663.83
12:40:40,665.1
12:40:40,664.26
12:40:40,664.95
12:40:40,665.37
12:40:40,664.42
12:40:40,665.05
12:40:40,663.83
12:40:40,664.3
12:40:40,664.98
12:40:40,664.19
12:40:40,664.91
12:40:40,665.75
12:40:40,666.25
12:40:40,666.55
12:40:40,665.53
12:40:40,665.72
12:40:40,665.43
12:40:40,666.06
12:40:40,664.84
12:40:40,662.9
12:40:40,662.94
12:40:40,664.56
12:40:40,665.14
12:40:40,665.48
12:40:40,663.69
12:40:40,664.21
12:40:40,663.73
12:40:41,663.44
12:40:41,664.06
12:40:41,664.04
12:40:41,663.22
12:40:41,663.13
12:40:41,662.68
12:40:41,662.41
12:40:41,663.04
12:40:41,663.03
12:40:41,663.42
12:40:41,664.45
12:40:41,664.67
12:40:41,664.0
12:40:41,663.6
12:40:41,664.16
12:40:41,663.7
12:40:41,665.02
12:40:41,663.41
12:40:41,664.45
12:40:41,665.47
12:40:41,665.68
12:40:41,665.81
12:40:41,665.89
12:40:41,665.53
12:40:41,664.52
12:40:41,665.11
12:40:41,665.07
12:40:41,665.84
12:40:41,665.5
12:40:41,665.7
12:40:41,665.42
12:40:41,666.05
12:40:41,665.63
12:40:41,665.78
12:40:41,665.47
12:40:41,665.68
12:40:41,664.61
12:40:41,665.16
12:40:41,664.3
12:40:41,664.98
12:40:41,665.39
12:40:41,665.23
12:40:41,665.54
12:40:41,666.12
12:40:41,664.87
12:40:41,665.32
12:40:41,665.59
12:40:41,664.56
12:40:42,665.53
12:40:42,665.32
12:40:42,664.39
12:40:42,665.04
12:40:42,665.42
12:40:42,665.65
12:40:42,665.79
12:40:42,665.48
12:40:42,664.49
12:40:42,663.89
12:40:42,663.53
12:40:42,663.72
12:40:42,664.63
12:40:42,665.18
12:40:42,665.11
12:40:42,663.86
12:40:42,664.32
12:40:42,664.19
12:40:42,665.31
12:40:42,665.59
12:40:42,663.35
12:40:42,664.81
12:40:42,664.09
12:40:42,664.45
12:40:42,665.47
12:40:42,664.88
12:40:42,665.33
12:40:42,664.4
12:40:42,664.64
12:40:42,665.18
12:40:42,664.71
12:40:42,664.03
12:40:42,664.02
12:40:42,664.01
12:40:42,664.01
12:40:42,663.2
12:40:42,664.32
12:40:42,663.79
12:40:42,663.48
12:40:42,663.69
12:40:42,662.61
12:40:42,662.77
12:40:42,664.06
12:40:42,663.64
12:40:42,664.98
12:40:42,663.79
12:40:42,665.07
12:40:42,664.64
12:40:42,665.59
12:40:43,664.55
12:40:43,663.93
12:40:43,664.76
12:40:43,665.66
12:40:43,665.79
12:40:43,665.88
12:40:43,663.93
12:40:43,665.16
12:40:43,664.29
12:40:43,664.98
12:40:43,664.19
12:40:43,662.51
12:40:43,662.71
12:40:43,662.82
12:40:43,664.09
12:40:43,664.86
12:40:43,666.11
12:40:43,665.27
12:40:43,665.16
12:40:43,665.5
12:40:43,665.3
12:40:43,665.98
12:40:43,665.59
12:40:43,665.35
12:40:43,665.61
12:40:43,665.77
12:40:43,665.46
12:40:43,666.08
12:40:43,664.85
12:40:43,665.31
12:40:43,665.58
12:40:43,664.55
12:40:43,665.13
12:40:43,664.28
12:40:43,664.97
12:40:43,664.98
12:40:43,664.19
12:40:43,664.91
12:40:43,665.35
12:40:43,665.61
12:40:43,665.77
12:40:43,665.46
12:40:43,664.08
12:40:43,663.65
12:40:43,664.99
12:40:43,664.19
12:40:43,665.32
12:40:43,663.59
12:40:44,664.15
12:40:44,663.69
12:40:44,664.22
12:40:44,664.93
12:40:44,662.56
12:40:44,663.93
12:40:44,664.76
12:40:44,664.86
12:40:44,663.71
12:40:44,663.03
12:40:44,663.42
12:40:44,664.45
12:40:44,664.67
12:40:44,665.6
12:40:44,662.96
12:40:44,664.18
12:40:44,664.91
12:40:44,665.34
12:40:44,665.61
12:40:44,663.76
12:40:44,664.66
12:40:44,665.19
12:40:44,665.52
12:40:44,665.31
12:40:44,663.99
12:40:44,664.39
12:40:44,665.04
12:40:44,665.02
12:40:44,664.21
12:40:44,664.13
12:40:44,663.28
12:40:44,664.37
12:40:44,665.42
12:40:44,665.65
12:40:44,664.59
12:40:44,664.75
12:40:44,665.65
12:40:44,665.39
12:40:44,665.64
12:40:44,663.38
12:40:44,664.43
12:40:44,665.06
12:40:44,664.23
12:40:44,664.94
12:40:44,663.36
12:40:44,664.42
12:40:44,665.05
12:40:44,663.83
12:40:44,664.3
12:40:45,662.18
12:40:45,663.71
12:40:45,663.82
12:40:45,665.09
12:40:45,665.46
12:40:45,664.47
12:40:45,665.08
12:40:45,665.05
12:40:45,664.23
12:40:45,664.94
12:40:45,663.36
12:40:45,664.82
12:40:45,665.29
12:40:45,665.97
12:40:45,665.58
12:40:45,663.35
12:40:45,664.01
12:40:45,663.61
12:40:45,663.36
12:40:45,664.42
12:40:45,665.45
12:40:45,665.67
12:40:45,665.8
12:40:45,665.88
12:40:45,664.73
12:40:45,665.24
12:40:45,665.54
12:40:45,666.13
12:40:45,664.88
12:40:45,664.13
12:40:45,664.88
12:40:45,664.93
12:40:45,665.36
12:40:45,665.61
12:40:45,665.77
12:40:45,665.46
12:40:45,665.68
12:40:45,665.41
12:40:45,664.44
12:40:45,665.07
12:40:45,665.04
12:40:45,665.02
12:40:45,664.61
12:40:45,663.97
12:40:45,664.38
12:40:45,665.43
12:40:45,664.86
12:40:45,665.31
12:40:46,664.39
12:40:46,664.63
12:40:46,665.18
12:40:46,664.71
12:40:46,664.02
12:40:46,664.01
12:40:46,664.01
12:40:46,664.01
12:40:46,662.8
12:40:46,664.08
12:40:46,663.65
12:40:46,664.19
12:40:46,664.51
12:40:46,663.11
12:40:46,663.86
12:40:46,664.32
12:40:46,664.99
12:40:46,664.59
12:40:46,662.76
12:40:46,664.05
12:40:46,664.03
12:40:46,664.02
12:40:46,663.21
12:40:46,663.53
12:40:46,664.12
12:40:46,663.67
12:40:46,664.6
12:40:46,664.76
12:40:46,664.46
12:40:46,665.07
12:40:46,664.24
12:40:46,665.35
12:40:46,665.61
12:40:46,662.96
12:40:46,664.18
12:40:46,664.51
12:40:46,664.7
12:40:46,664.02
12:40:46,662.41
12:40:46,663.85
12:40:46,664.71
12:40:46,664.03
12:40:46,663.62
12:40:46,661.77
12:40:46,663.46
12:40:46,664.88
12:40:46,664.93
12:40:46,664.96
12:40:47,666.97
12:40:47,666.18
12:40:47,665.71
12:40:47,664.63
12:40:47,665.18
12:40:47,667.11
12:40:47,665.06
12:40:47,664.64
12:40:47,665.58
12:40:47,664.55
12:40:47,665.13
12:40:47,664.28
12:40:47,665.37
12:40:47,665.22
12:40:47,665.53
12:40:47,665.72
12:40:47,665.83
12:40:47,666.3
12:40:47,666.18
12:40:47,666.51
12:40:47,666.3
12:40:47,666.58
12:40:47,665.95
12:40:47,666.37
12:40:47,666.22
12:40:47,666.13
12:40:47,664.88
12:40:47,664.93
12:40:47,665.36
12:40:47,666.01
12:40:47,665.21
12:40:47,664.33
12:40:47,663.8
12:40:47,664.68
12:40:47,664.41
12:40:47,665.04
12:40:47,663.83
12:40:47,664.7
12:40:47,665.22
12:40:47,665.53
12:40:47,665.72
12:40:47,665.03
12:40:47,664.62
12:40:47,665.17
12:40:47,665.5
12:40:47,664.5
12:40:47,662.3
12:40:47,663.78
12:40:47,664.27
12:40:48,665.36
12:40:48,665.62
12:40:48,664.57
12:40:48,665.14
12:40:48,664.29
12:40:48,664.57
12:40:48,665.54
12:40:48,664.93
12:40:48,665.36
12:40:48,665.61
12:40:48,665.77
12:40:48,665.46
12:40:48,662.88
12:40:48,663.73
12:40:48,664.64
12:40:48,664.78
12:40:48,664.07
12:40:48,663.24
12:40:48,664.74
12:40:48,665.25
12:40:48,665.95
12:40:48,665.57
12:40:48,663.34
12:40:48,664.4
12:40:48,664.64
12:40:48,664.79
12:40:48,664.07
12:40:48,662.84
12:40:48,663.71
12:40:48,664.22
12:40:48,663.73
12:40:48,664.64
12:40:48,663.98
12:40:48,664.79
12:40:48,664.87
12:40:48,664.92
12:40:48,665.75
12:40:48,663.45
12:40:48,664.47
12:40:48,665.48
12:40:48,665.69
12:40:48,665.41
12:40:48,662.85
12:40:48,664.51
12:40:48,663.91
12:40:48,664.74
12:40:48,665.25
12:40:48,663.15
12:40:49,663.09
12:40:49,663.05
12:40:49,663.03
12:40:49,663.42
12:40:49,662.05
12:40:49,662.03
12:40:49,662.82
12:40:49,664.09
12:40:49,664.45
12:40:49,666.27
12:40:49,664.96
12:40:49,665.38
12:40:49,666.03
12:40:49,665.22
12:40:49,665.53
12:40:49,665.72
12:40:49,665.83
12:40:49,665.9
12:40:49,664.74
12:40:49,665.64
12:40:49,665.79
12:40:49,665.47
12:40:49,665.68
12:40:49,664.61
12:40:49,665.17
12:40:49,665.5
12:40:49,666.1
12:40:49,666.06
12:40:49,665.64
12:40:49,665.38
12:40:49,664.43
12:40:49,665.06
12:40:49,664.23
12:40:49,664.94
12:40:49,664.16
12:40:49,662.9
12:40:49,664.14
12:40:49,664.88
12:40:49,663.73
12:40:49,664.64
12:40:49,664.38
12:40:49,665.43
12:40:49,665.66
12:40:49,665.39
12:40:49,665.24
12:40:49,662.74
12:40:49,664.05
12:40:49,663.63
12:40:50,664.58
12:40:50,663.95
12:40:50,662.77
12:40:50,663.66
12:40:50,664.2
12:40:50,664.52
12:40:50,665.11
12:40:50,664.27
12:40:50,664.96
12:40:50,664.98
12:40:50,664.59
12:40:50,665.15
12:40:50,662.69
12:40:50,664.41
12:40:50,663.85
12:40:50,663.51
12:40:50,664.51
12:40:50,664.3
12:40:50,665.38
12:40:50,665.63
12:40:50,665.78
12:40:50,664.67
12:40:50,662.8
12:40:50,663.68
12:40:50,665.01
12:40:50,664.6
12:40:50,663.96
12:40:50,662.38
12:40:50,664.23
12:40:50,664.14
12:40:50,663.68
12:40:50,664.21
12:40:50,664.13
12:40:50,663.28
12:40:50,664.37
12:40:50,665.02
12:40:50,665.01
12:40:50,663.81
12:40:50,664.68
12:40:50,664.81
12:40:50,664.49
12:40:50,663.49
12:40:50,662.5
12:40:50,662.7
12:40:50,664.02
12:40:50,664.01
12:40:50,664.01
12:40:50,665.6
12:40:50,665.76
12:40:51,665.86
12:40:51,665.51
12:40:51,665.71
12:40:51,665.83
12:40:51,666.3
12:40:51,664.98
12:40:51,664.99
12:40:51,664.19
12:40:51,664.92
12:40:51,665.35
12:40:51,666.01
12:40:51,665.21
12:40:51,665.12
12:40:51,665.07
12:40:51,665.04
12:40:51,663.83
12:40:51,665.1
12:40:51,665.46
12:40:51,665.67
12:40:51,666.2
12:40:51,666.52
12:40:51,666.31
12:40:51,666.19
12:40:51,665.71
12:40:51,665.83
12:40:51,665.9
12:40:51,665.54
12:40:51,665.72
12:40:51,666.23
12:40:51,665.34
12:40:51,666.0
12:40:51,664.8
12:40:51,664.08
12:40:51,664.85
12:40:51,662.91
12:40:51,664.15
12:40:51,664.09
12:40:51,664.85
12:40:51,664.11
12:40:51,663.27
12:40:51,664.36
12:40:51,665.02
12:40:51,664.21
12:40:51,664.93
12:40:51,662.96
12:40:51,664.57
12:40:51,665.14
12:40:51,665.49
12:40:52,664.49
12:40:52,664.3
12:40:52,663.78
12:40:52,664.27
12:40:52,664.96
12:40:52,664.18
12:40:52,662.11
12:40:52,662.06
12:40:52,662.04
12:40:52,662.82
12:40:52,664.09
12:40:52,664.06
12:40:52,664.03
12:40:52,664.02
12:40:52,664.01
12:40:52,664.01
12:40:52,663.2
12:40:52,664.32
12:40:52,663.39
12:40:52,664.44
12:40:52,664.66
12:40:52,666.8
12:40:52,666.48
12:40:52,665.89
12:40:52,665.53
12:40:52,665.72
12:40:52,666.23
12:40:52,664.94
12:40:52,665.76
12:40:52,665.86
12:40:52,664.71
12:40:52,666.83
12:40:52,666.9
12:40:52,666.94
12:40:52,666.16
12:40:52,666.1
12:40:52,666.46
12:40:52,666.68
12:40:52,666.01
12:40:52,665.2
12:40:52,665.12
12:40:52,665.47
12:40:52,666.08
12:40:52,664.85
12:40:52,664.91
12:40:52,665.35
12:40:52,665.61
12:40:52,664.56
12:40:53,665.14
12:40:53,665.48
12:40:53,664.49
12:40:53,663.89
12:40:53,663.54
12:40:53,664.52
12:40:53,665.11
12:40:53,665.07
12:40:53,665.44
12:40:53,662.86
12:40:53,664.52
12:40:53,665.11
12:40:53,665.07
12:40:53,665.44
12:40:53,662.86
12:40:53,663.72
12:40:53,664.23
12:40:53,664.94
12:40:53,664.16
12:40:53,663.3
12:40:53,664.38
12:40:53,665.43
12:40:53,665.66
12:40:53,665.39
12:40:53,662.84
12:40:53,663.7
12:40:53,664.22
12:40:53,664.93
12:40:53,665.76
12:40:53,663.46
12:40:53,664.47
12:40:53,665.48
12:40:53,664.49
12:40:53,664.69
12:40:53,663.22
12:40:53,664.33
12:40:53,664.2
12:40:53,664.92
12:40:53,665.35
12:40:53,663.21
12:40:53,663.13
12:40:53,662.68
12:40:53,663.61
12:40:53,664.96
12:40:53,663.38
12:40:53,664.83
12:40:53,665.3
12:40:53,665.58
12:40:53,664.55
12:40:54,662.33
12:40:54,662.6
12:40:54,663.96
12:40:54,664.77
12:40:54,665.66
12:40:54,663.8
12:40:54,664.28
12:40:54,664.57
12:40:54,665.54
12:40:54,665.32
12:40:54,662.79
12:40:54,663.68
12:40:54,664.21
12:40:54,663.72
12:40:54,664.63
12:40:54,662.78
12:40:54,664.47
12:40:54,665.08
12:40:54,664.25
12:40:54,664.95
12:40:54,666.17
12:40:54,664.9
12:40:54,664.94
12:40:54,665.76
12:40:54,665.46
12:40:54,666.88
12:40:54,666.53
12:40:54,666.32
12:40:54,666.19
12:40:54,665.71
12:40:54,667.43
12:40:54,666.46
12:40:54,666.27
12:40:54,666.16
12:40:54,665.7
12:40:54,667.42
12:40:54,667.25
12:40:54,666.75
12:40:54,666.85
12:40:54,665.31
12:40:54,666.39
12:40:54,666.23
12:40:54,665.34
12:40:54,665.6
12:40:54,664.56
12:40:54,665.54
12:40:54,665.72
12:40:54,665.83
12:40:55,666.3
12:40:55,666.58
12:40:55,665.15
12:40:55,664.69
12:40:55,665.61
12:40:55,664.57
12:40:55,665.54
12:40:55,665.32
12:40:55,664.39
12:40:55,665.44
12:40:55,665.66
12:40:55,665.4
12:40:55,665.64
12:40:55,666.18
12:40:55,666.11
12:40:55,664.87
12:40:55,664.92
12:40:55,664.95
12:40:55,663.77
12:40:55,665.06
12:40:55,664.64
12:40:55,664.78
12:40:55,664.07
12:40:55,663.64
12:40:55,664.99
12:40:55,664.99
12:40:55,664.59
12:40:55,663.96
12:40:55,661.97
12:40:55,663.98
12:40:55,664.39
12:40:55,664.63
12:40:55,665.58
12:40:55,663.35
12:40:55,664.41
12:40:55,663.85
12:40:55,663.51
12:40:55,664.5
12:40:55,663.1
12:40:55,664.26
12:40:55,665.36
12:40:55,665.61
12:40:55,665.77
12:40:55,663.46
12:40:55,664.48
12:40:55,664.69
12:40:55,664.81
12:40:55,665.69
12:40:56,664.21
12:40:56,664.13
12:40:56,663.68
12:40:56,664.21
12:40:56,664.52
12:40:56,662.71
12:40:56,662.83
12:40:56,664.1
12:40:56,664.06
12:40:56,663.23
12:40:56,661.54
12:40:56,663.32
12:40:56,663.59
12:40:56,664.96
12:40:56,664.97
12:40:56,663.38
12:40:56,664.43
12:40:56,665.06
12:40:56,663.84
12:40:56,663.1
12:40:56,665.86
12:40:56,665.52
12:40:56,665.71
12:40:56,664.63
12:40:56,665.18
12:40:56,667.11
12:40:56,665.86
12:40:56,665.52
12:40:56,665.71
12:40:56,665.83
12:40:56,665.9
12:40:56,666.34
12:40:56,666.2
12:40:56,666.52
12:40:56,666.31
12:40:56,668.19
12:40:56,667.31
12:40:56,665.99
12:40:56,666.39
12:40:56,665.84
12:40:56,666.3
12:40:56,666.18
12:40:56,666.11
12:40:56,665.27
12:40:56,665.56
12:40:56,667.34
12:40:56,666.8
12:40:56,666.48
12:40:56,665.89
12:40:57,665.13
12:40:57,665.08
12:40:57,664.25
12:40:57,664.95
12:40:57,664.97
12:40:57,664.18
12:40:57,664.91
12:40:57,665.35
12:40:57,665.61
12:40:57,664.96
12:40:57,664.98
12:40:57,664.59
12:40:57,663.95
12:40:57,664.77
12:40:57,665.26
12:40:57,665.56
12:40:57,666.13
12:40:57,666.08
12:40:57,664.85
12:40:57,664.91
12:40:57,665.75
12:40:57,666.25
12:40:57,665.35
12:40:57,665.61
12:40:57,664.97
12:40:57,665.38
12:40:57,664.03
12:40:57,663.22
12:40:57,663.13
12:40:57,662.68
12:40:57,662.81
12:40:57,664.48
12:40:57,662.69
12:40:57,663.61
12:40:57,663.77
12:40:57,665.06
12:40:57,665.04
12:40:57,663.02
12:40:57,663.41
12:40:57,663.25
12:40:57,664.35
12:40:57,665.41
12:40:57,664.85
12:40:57,665.31
12:40:57,664.38
12:40:57,665.03
12:40:57,664.22
12:40:57,662.13
12:40:58,662.48
12:40:58,663.89
12:40:58,664.73
12:40:58,665.24
12:40:58,664.74
12:40:58,665.65
12:40:58,665.79
12:40:58,666.27
12:40:58,666.56
12:40:58,663.94
12:40:58,664.36
12:40:58,665.02
12:40:58,664.61
12:40:58,664.77
12:40:58,662.86
12:40:58,664.52
12:40:58,663.91
12:40:58,663.55
12:40:58,664.13
12:40:58,663.68
12:40:58,664.21
12:40:58,663.72
12:40:58,663.43
12:40:58,664.86
12:40:58,664.12
12:40:58,663.67
12:40:58,664.6
12:40:58,664.76
12:40:58,664.86
12:40:58,664.51
12:40:58,663.91
12:40:58,664.75
12:40:58,665.25
12:40:58,665.15
12:40:58,662.69
12:40:58,663.61
12:40:58,663.37
12:40:58,664.42
12:40:58,665.05
12:40:58,664.63
12:40:58,665.18
12:40:58,665.51
12:40:58,664.5
12:40:58,663.9
12:40:58,665.54
12:40:58,665.72
12:40:58,665.83
12:40:58,665.9
12:40:58,664.74
12:40:59,666.44
12:40:59,666.27
12:40:59,666.16
12:40:59,664.9
12:40:59,664.94
12:40:59,664.16
12:40:59,663.7
12:40:59,664.62
12:40:59,665.17
12:40:59,665.9
12:40:59,664.74
12:40:59,665.25
12:40:59,665.55
12:40:59,665.73
12:40:59,666.24
12:40:59,666.14
12:40:59,664.89
12:40:59,664.93
12:40:59,665.36
12:40:59,666.02
12:40:59,664.41
12:40:59,665.05
12:40:59,664.23
12:40:59,663.74
12:40:59,665.04
12:40:59,665.03
12:40:59,663.82
12:40:59,665.09
12:40:59,664.25
12:40:59,664.95
12:40:59,664.17
12:40:59,662.9
12:40:59,663.74
12:40:59,665.05
12:40:59,665.03
12:40:59,664.22
12:40:59,663.73
12:40:59,664.64
12:40:59,665.58
12:40:59,665.35
12:40:59,666.01
12:40:59,664.01
12:40:59,663.6
12:40:59,664.16
12:40:59,664.9
12:40:59,664.14
12:40:59,662.08
12:40:59,662.05
12:41:00,662.43
12:41:00,663.86
12:41:00,663.51
12:41:00,663.71
12:41:00,663.43
12:41:00,664.46
12:41:00,665.07
12:41:00,665.44
12:41:00,664.47
12:41:00,665.08
12:41:00,664.25
12:41:00,664.95
12:41:00,664.17
12:41:00,666.5
12:41:00,665.9
12:41:00,665.54
12:41:00,666.12
12:41:00,666.07
12:41:00,667.64
12:41:00,666.99
12:41:00,666.19
12:41:00,666.52
12:41:00,666.31
12:41:00,667.79
12:41:00,666.67
12:41:00,666.8
12:41:00,666.08
12:41:00,666.05
12:41:00,665.63
12:41:00,665.78
12:41:00,666.27
12:41:00,665.76
12:41:00,665.46
12:41:00,665.27
12:41:00,665.56
12:41:00,666.14
12:41:00,665.68
12:41:00,664.61
12:41:00,665.17
12:41:00,665.5
12:41:00,665.7
12:41:00,665.82
12:41:00,665.49
12:41:00,664.1
12:41:00,665.26
12:41:00,664.75
12:41:00,664.85
12:41:00,664.91
12:41:01,665.35
12:41:01,665.61
12:41:01,664.56
12:41:01,665.14
12:41:01,665.48
12:41:01,664.49
12:41:01,663.49
12:41:01,664.1
12:41:01,664.86
12:41:01,664.11
12:41:01,663.27
12:41:01,662.36
12:41:01,663.82
12:41:01,664.69
12:41:01,664.01
12:41:01,663.61
12:41:01,662.17
12:41:01,662.5
12:41:01,663.5
12:41:01,664.1
12:41:01,665.26
12:41:01,664.36
12:41:01,665.01
12:41:01,664.61
12:41:01,665.16
12:41:01,665.5
12:41:01,662.9
12:41:01,663.74
12:41:01,665.04
12:41:01,665.03
12:41:01,664.22
12:41:01,664.13
12:41:01,663.68
12:41:01,664.21
12:41:01,664.92
12:41:01,665.35
12:41:01,663.21
12:41:01,662.73
12:41:01,663.24
12:41:01,664.74
12:41:01,665.25
12:41:01,662.75
12:41:01,663.65
12:41:01,664.59
12:41:01,663.95
12:41:01,663.17
12:41:01,663.1
12:41:01,664.26
12:41:02,664.96
12:41:02,664.97
12:41:02,664.18
12:41:02,662.51
12:41:02,662.71
12:41:02,663.22
12:41:02,663.13
12:41:02,664.28
12:41:02,664.17
12:41:02,663.7
12:41:02,664.62
12:41:02,665.17
12:41:02,665.9
12:41:02,664.34
12:41:02,665.01
12:41:02,664.6
12:41:02,665.56
12:41:02,665.74
12:41:02,663.44
12:41:02,664.07
12:41:02,663.24
12:41:02,664.34
12:41:02,665.01
12:41:02,663.0
12:41:02,663.0
12:41:02,663.0
12:41:02,663.0
12:41:02,664.2
12:41:02,664.52
12:41:02,665.11
12:41:02,664.27
12:41:02,664.96
12:41:02,665.38
12:41:02,665.23
12:41:02,664.34
12:41:02,664.6
12:41:02,664.76
12:41:02,664.86
12:41:02,664.11
12:41:02,664.07
12:41:02,663.24
12:41:02,664.34
12:41:02,665.41
12:41:02,665.64
12:41:02,664.19
12:41:02,664.91
12:41:02,665.35
12:41:02,665.61
12:41:02,665.77
12:41:03,665.86
12:41:03,665.52
12:41:03,665.71
12:41:03,665.83
12:41:03,665.5
12:41:03,666.1
12:41:03,664.86
12:41:03,664.92
12:41:03,665.75
12:41:03,666.25
12:41:03,666.15
12:41:03,664.89
12:41:03,664.93
12:41:03,665.76
12:41:03,666.26
12:41:03,666.15
12:41:03,664.89
12:41:03,664.94
12:41:03,664.16
12:41:03,664.9
12:41:03,662.94
12:41:03,663.76
12:41:03,665.06
12:41:03,664.23
12:41:03,664.94
12:41:03,662.56
12:41:03,663.94
12:41:03,664.36
12:41:03,665.42
12:41:03,666.05
12:41:03,664.43
12:41:03,663.86
12:41:03,664.72
12:41:03,664.83
12:41:03,665.7
12:41:03,663.02
12:41:03,663.41
12:41:03,663.25
12:41:03,664.35
12:41:03,665.41
12:41:03,662.85
12:41:03,664.51
12:41:03,663.9
12:41:03,663.54
12:41:03,664.13
12:41:03,663.68
12:41:03,664.61
12:41:03,664.36
12:41:04,665.02
12:41:04,663.81
12:41:04,661.89
12:41:04,663.13
12:41:04,663.08
12:41:04,663.05
12:41:04,663.83
12:41:04,663.5
12:41:04,664.5
12:41:04,665.1
12:41:04,665.46
12:41:04,665.28
12:41:04,664.37
12:41:04,665.02
12:41:04,664.21
12:41:04,663.73
12:41:04,664.64
12:41:04,663.98
12:41:04,665.19
12:41:04,665.51
12:41:04,664.51
12:41:04,664.7
12:41:04,663.22
12:41:04,664.33
12:41:04,663.8
12:41:04,664.28
12:41:04,664.97
12:41:04,664.58
12:41:04,664.75
12:41:04,665.65
12:41:04,665.79
12:41:04,664.67
12:41:04,664.0
12:41:04,663.6
12:41:04,664.96
12:41:04,665.38
12:41:04,665.23
12:41:04,662.74
12:41:04,664.04
12:41:04,663.22
12:41:04,663.14
12:41:04,664.28
12:41:04,665.37
12:41:04,665.62
12:41:04,665.77
12:41:04,665.86
12:41:04,664.72
12:41:04,665.23
12:41:05,665.54
12:41:05,666.12
12:41:05,664.87
12:41:05,665.72
12:41:05,666.23
12:41:05,664.94
12:41:05,664.96
12:41:05,665.78
12:41:05,664.67
12:41:05,665.6
12:41:05,665.76
12:41:05,665.86
12:41:05,665.91
12:41:05,665.95
12:41:05,665.97
12:41:05,665.58
12:41:05,665.35
12:41:05,665.61
12:41:05,665.77
12:41:05,665.46
12:41:05,666.08
12:41:05,664.85
12:41:05,665.31
12:41:05,665.58
12:41:05,664.55
12:41:05,664.33
12:41:05,663.8
12:41:05,664.28
12:41:05,665.37
12:41:05,665.62
12:41:05,664.97
12:41:05,665.78
12:41:05,666.27
12:41:05,666.16
12:41:05,666.1
12:41:05,665.26
12:41:05,665.56
12:41:05,666.13
12:41:05,666.08
12:41:05,666.05
12:41:05,664.43
12:41:05,665.06
12:41:05,663.83
12:41:05,664.3
12:41:05,664.58
12:41:05,662.75
12:41:05,664.05
12:41:05,663.23
12:41:05,664.34
12:41:06,665.0
12:41:06,663.0
12:41:06,663.0
12:41:06,663.0
12:41:06,663.0
12:41:06,664.2
12:41:06,662.52
12:41:06,663.91
12:41:06,664.35
12:41:06,665.01
12:41:06,664.61
12:41:06,664.36
12:41:06,664.62
12:41:06,664.77
12:41:06,665.26
12:41:06,665.16
12:41:06,664.69
12:41:06,664.82
12:41:06,664.89
12:41:06,665.33
12:41:06,665.6
12:41:06,663.76
12:41:06,664.66
12:41:06,665.59
12:41:06,665.76
12:41:06,665.45
12:41:06,664.47
12:41:06,665.08
12:41:06,664.65
12:41:06,665.19
12:41:06,665.91
12:41:06,663.55
12:41:06,664.53
12:41:06,664.72
12:41:06,665.23
12:41:06,665.54
12:41:06,666.92
12:41:06,666.55
12:41:06,666.33
12:41:06,665.0
12:41:06,665.4
12:41:06,667.24
12:41:06,666.74
12:41:06,666.85
12:41:06,666.11
12:41:06,665.26
12:41:06,665.56
12:41:06,665.74
12:41:07,665.84
12:41:07,665.5
12:41:07,664.5
12:41:07,664.7
12:41:07,664.82
12:41:07,665.29
12:41:07,665.18
12:41:07,665.11
12:41:07,665.06
12:41:07,664.64
12:41:07,665.18
12:41:07,665.51
12:41:07,666.11
12:41:07,664.86
12:41:07,664.52
12:41:07,665.11
12:41:07,664.67
12:41:07,665.6
12:41:07,666.16
12:41:07,664.9
12:41:07,665.74
12:41:07,665.84
12:41:07,664.71
12:41:07,665.22
12:41:07,665.53
12:41:07,665.72
12:41:07,665.83
12:41:07,665.5
12:41:07,665.7
12:41:07,664.62
12:41:07,665.17
12:41:07,664.3
12:41:07,664.98
12:41:07,664.19
12:41:07,664.11
12:41:07,664.07
12:41:07,664.04
12:41:07,664.82
12:41:07,665.29
12:41:07,664.78
12:41:07,665.67
12:41:07,665.8
12:41:07,664.28
12:41:07,664.57
12:41:07,664.34
12:41:07,665.0
12:41:07,664.2
12:41:07,664.52
12:41:08,665.51
12:41:08,664.11
12:41:08,664.06
12:41:08,663.24
12:41:08,664.34
12:41:08,665.01
12:41:08,663.0
12:41:08,663.0
12:41:08,663.0
12:41:08,663.0
12:41:08,664.2
12:41:08,663.72
12:41:08,663.43
12:41:08,664.06
12:41:08,663.64
12:41:08,664.18
12:41:08,662.51
12:41:08,662.71
12:41:08,662.82
12:41:08,664.09
12:41:08,664.86
12:41:08,664.51
12:41:08,663.91
12:41:08,664.35
12:41:08,665.01
12:41:08,664.6
12:41:08,664.36
12:41:08,664.62
12:41:08,665.57
12:41:08,665.74
12:41:08,665.45
12:41:08,663.27
12:41:08,664.36
12:41:08,665.02
12:41:08,664.61
12:41:08,665.17
12:41:08,667.1
12:41:08,666.66
12:41:08,666.4
12:41:08,666.24
12:41:08,665.74
12:41:08,667.45
12:41:08,666.87
12:41:08,666.12
12:41:08,664.87
12:41:08,664.92
12:41:08,665.35
12:41:08,665.61
12:41:08,664.57
12:41:09,665.14
12:41:09,665.48
12:41:09,664.49
12:41:09,664.69
12:41:09,664.82
12:41:09,665.29
12:41:09,665.17
12:41:09,665.1
12:41:09,665.46
12:41:09,666.08
12:41:09,664.85
12:41:09,664.91
12:41:09,665.34
12:41:09,665.61
12:41:09,665.76
12:41:09,665.86
12:41:09,665.52
12:41:09,666.11
12:41:09,665.27
12:41:09,665.16
12:41:09,664.3
12:41:09,664.98
12:41:09,664.19
12:41:09,665.31
12:41:09,664.39
12:41:09,665.43
12:41:09,665.66
12:41:09,665.4
12:41:09,666.04
12:41:09,664.42
12:41:09,665.05
12:41:09,665.03
12:41:09,663.82
12:41:09,663.89
12:41:09,664.73
12:41:09,665.24
12:41:09,664.74
12:41:09,665.65
12:41:09,664.99
12:41:09,664.99
12:41:09,665.0
12:41:09,665.0
12:41:09,664.2
12:41:09,662.12
12:41:09,662.47
12:41:09,663.88
12:41:09,663.93
12:41:09,665.16
12:41:10,664.29
12:41:10,664.58
12:41:10,664.75
12:41:10,664.85
12:41:10,664.11
12:41:10,662.87
12:41:10,664.52
12:41:10,665.11
12:41:10,665.47
12:41:10,665.28
12:41:10,662.77
12:41:10,664.06
12:41:10,663.24
12:41:10,664.34
12:41:10,665.41
12:41:10,664.84
12:41:10,664.91
12:41:10,664.94
12:41:10,664.97
12:41:10,664.98
12:41:10,663.79
12:41:10,665.07
12:41:10,663.84
12:41:10,665.11
12:41:10,664.26
12:41:10,662.16
12:41:10,662.5
12:41:10,664.3
12:41:10,664.58
12:41:10,663.95
12:41:10,663.57
12:41:10,664.54
12:41:10,665.52
12:41:10,665.71
12:41:10,665.83
12:41:10,664.7
12:41:10,665.22
12:41:10,664.73
12:41:10,664.84
12:41:10,664.1
12:41:10,662.46
12:41:10,664.28
12:41:10,664.97
12:41:10,664.98
12:41:10,664.59
12:41:10,665.95
12:41:10,666.37
12:41:10,666.22
12:41:10,665.73
12:41:11,665.44
12:41:11,666.06
12:41:11,664.84
12:41:11,664.9
12:41:11,664.94
12:41:11,664.17
12:41:11,664.9
12:41:11,664.94
12:41:11,664.96
12:41:11,664.98
12:41:11,664.19
12:41:11,664.91
12:41:11,665.35
12:41:11,665.61
12:41:11,664.57
12:41:11,665.14
12:41:11,665.88
12:41:11,665.53
12:41:11,665.72
12:41:11,665.83
12:41:11,665.9
12:41:11,664.74
12:41:11,665.64
12:41:11,665.79
12:41:11,665.47
12:41:11,665.28
12:41:11,664.37
12:41:11,663.02
12:41:11,663.41
12:41:11,663.25
12:41:11,664.35
12:41:11,665.41
12:41:11,663.25
12:41:11,664.35
12:41:11,665.01
12:41:11,664.61
12:41:11,665.16
12:41:11,664.3
12:41:11,664.98
12:41:11,664.59
12:41:11,663.55
12:41:11,664.93
12:41:11,664.56
12:41:11,665.14
12:41:11,665.48
12:41:11,664.49
12:41:11,663.89
12:41:11,663.54
12:41:12,664.52
12:41:12,665.11
12:41:12,665.07
12:41:12,665.04
12:41:12,664.62
12:41:12,663.97
12:41:12,664.78
12:41:12,664.07
12:41:12,663.64
12:41:12,662.19
12:41:12,664.11
12:41:12,664.07
12:41:12,663.24
12:41:12,664.74
12:41:12,662.85
12:41:12,663.71
12:41:12,663.42
12:41:12,663.25
12:41:12,664.35
12:41:12,662.61
12:41:12,663.17
12:41:12,663.1
12:41:12,664.26
12:41:12,664.96
12:41:12,663.37
12:41:12,664.42
12:41:12,665.05
12:41:12,664.23
12:41:12,664.54
12:41:12,663.92
12:41:12,664.75
12:41:12,665.25
12:41:12,665.55
12:41:12,665.33
12:41:12,662.8
12:41:12,663.68
12:41:12,664.61
12:41:12,663.96
12:41:12,664.38
12:41:12,664.23
12:41:12,663.74
12:41:12,665.04
12:41:12,663.83
12:41:12,664.7
12:41:12,666.82
12:41:12,666.89
12:41:12,666.13
12:41:12,664.88
12:41:13,664.53
12:41:13,665.12
12:41:13,664.27
12:41:13,664.16
12:41:13,663.7
12:41:13,664.22
12:41:13,664.93
12:41:13,664.96
12:41:13,664.98
12:41:13,664.99
12:41:13,664.19
12:41:13,664.91
12:41:13,665.35
12:41:13,665.61
12:41:13,664.57
12:41:13,664.74
12:41:13,664.84
12:41:13,664.91
12:41:13,665.34
12:41:13,665.61
12:41:13,665.76
12:41:13,666.26
12:41:13,665.76
12:41:13,665.85
12:41:13,665.51
12:41:13,665.71
12:41:13,665.82
12:41:13,665.89
12:41:13,665.54
12:41:13,666.12
12:41:13,665.67
12:41:13,666.2
12:41:13,664.52
12:41:13,664.71
12:41:13,663.63
12:41:13,664.18
12:41:13,665.31
12:41:13,665.18
12:41:13,665.51
12:41:13,664.51
12:41:13,665.1
12:41:13,665.86
12:41:13,664.32
12:41:13,663.79
12:41:13,664.27
12:41:13,664.96
12:41:13,664.18
12:41:13,663.71
12:41:13,663.42
12:41:14,664.05
12:41:14,664.43
12:41:14,665.06
12:41:14,663.84
12:41:14,664.3
12:41:14,665.38
12:41:14,665.63
12:41:14,665.78
12:41:14,664.67
12:41:14,665.2
12:41:14,665.52
12:41:14,666.11
12:41:14,664.87
12:41:14,662.92
12:41:14,664.15
12:41:14,663.69
12:41:14,664.21
12:41:14,664.53
12:41:14,664.32
12:41:14,663.79
12:41:14,664.27
12:41:14,665.36
12:41:14,665.62
12:41:14,664.57
12:41:14,665.14
12:41:14,664.29
12:41:14,665.37
12:41:14,665.62
12:41:14,664.57
12:41:14,665.14
12:41:14,665.49
12:41:14,664.49
12:41:14,663.9
12:41:14,662.34
12:41:14,663.8
12:41:14,664.68
12:41:14,664.01
12:41:14,664.01
12:41:14,663.2
12:41:14,663.52
12:41:14,664.51
12:41:14,663.91
12:41:14,664.74
12:41:14,664.05
12:41:14,663.23
12:41:14,663.54
12:41:14,664.52
12:41:14,665.11
12:41:15,663.07
12:41:15,663.04
12:41:15,663.42
12:41:15,663.25
12:41:15,664.35
12:41:15,662.61
12:41:15,662.77
12:41:15,664.06
12:41:15,664.04
12:41:15,664.82
12:41:15,662.89
12:41:15,663.74
12:41:15,664.64
12:41:15,665.18
12:41:15,665.51
12:41:15,665.71
12:41:15,664.62
12:41:15,663.97
12:41:15,664.78
12:41:15,664.07
12:41:15,663.64
12:41:15,664.59
12:41:15,665.15
12:41:15,665.49
12:41:15,664.49
12:41:15,663.9
12:41:15,664.34
12:41:15,665.0
12:41:15,664.2
12:41:15,664.52
12:41:15,665.11
12:41:15,663.87
12:41:15,664.72
12:41:15,665.23
12:41:15,665.94
12:41:15,664.76
12:41:15,664.46
12:41:15,665.47
12:41:15,666.09
12:41:15,665.65
12:41:15,665.39
12:41:15,662.83
12:41:15,664.5
12:41:15,664.7
12:41:15,664.02
12:41:15,664.01
12:41:15,662.81
12:41:15,663.68
12:41:16,664.21
12:41:16,664.53
12:41:16,665.52
12:41:16,664.51
12:41:16,663.91
12:41:16,664.74
12:41:16,664.85
12:41:16,664.11
12:41:16,663.66
12:41:16,664.6
12:41:16,665.16
12:41:16,665.5
12:41:16,665.7
12:41:16,663.02
12:41:16,663.41
12:41:16,662.85
12:41:16,664.11
12:41:16,664.46
12:41:16,663.88
12:41:16,664.33
12:41:16,663.8
12:41:16,665.08
12:41:16,665.05
12:41:16,664.63
12:41:16,663.98
12:41:16,664.39
12:41:16,664.63
12:41:16,665.18
12:41:16,663.11
12:41:16,663.06
12:41:16,663.44
12:41:16,664.46
12:41:16,665.48
12:41:16,664.89
12:41:16,664.93
12:41:16,665.76
12:41:16,665.86
12:41:16,664.71
12:41:16,664.03
12:41:16,664.02
12:41:16,664.01
12:41:16,663.61
12:41:16,664.16
12:41:16,666.5
12:41:16,665.9
12:41:16,665.54
12:41:16,665.32
12:41:16,665.59
12:41:16,666.56
12:41:17,666.33
12:41:17,665.0
12:41:17,664.2
12:41:17,664.52
12:41:17,665.11
12:41:17,663.87
12:41:17,665.12
12:41:17,664.27
12:41:17,664.96
12:41:17,664.18
12:41:17,664.51
12:41:17,663.9
12:41:17,664.74
12:41:17,664.85
12:41:17,664.91
12:41:17,665.34
12:41:17,665.61
12:41:17,664.56
12:41:17,665.14
12:41:17,665.48
12:41:17,665.29
12:41:17,664.77
12:41:17,665.26
12:41:17,665.56
12:41:17,665.34
12:41:17,665.6
12:41:17,665.36
12:41:17,665.62
12:41:17,665.77
12:41:17,665.46
12:41:17,664.48
12:41:17,664.69
12:41:17,664.81
12:41:17,665.29
12:41:17,665.17
12:41:17,665.5
12:41:17,665.3
12:41:17,665.58
12:41:17,664.55
12:41:17,665.13
12:41:17,663.88
12:41:17,664.33
12:41:17,663.8
12:41:17,664.28
12:41:17,663.77
12:41:17,663.86
12:41:17,664.32
12:41:17,663.79
12:41:18,664.27
12:41:18,664.96
12:41:18,662.98
12:41:18,663.79
12:41:18,664.27
12:41:18,664.96
12:41:18,664.18
12:41:18,664.11
12:41:18,663.26
12:41:18,664.36
12:41:18,665.02
12:41:18,663.81
12:41:18,663.49
12:41:18,664.49
12:41:18,665.49
12:41:18,665.3
12:41:18,665.98
12:41:18,664.79
12:41:18,665.27
12:41:18,665.56
12:41:18,666.14
12:41:18,666.08
12:41:18,664.45
12:41:18,665.07
12:41:18,663.84
12:41:18,664.31
12:41:18,664.58
12:41:18,663.15
12:41:18,663.09
12:41:18,663.05
12:41:18,663.43
12:41:18,664.46
12:41:18,662.68
12:41:18,663.61
12:41:18,664.16
12:41:18,663.7
12:41:18,664.22
12:41:18,662.53
12:41:18,663.92
12:41:18,664.75
12:41:18,665.25
12:41:18,665.55
12:41:18,664.53
12:41:18,663.92
12:41:18,664.75
12:41:18,665.25
12:41:18,665.15
12:41:18,662.29
12:41:18,663.77
12:41:19,664.66
12:41:19,665.2
12:41:19,665.12
12:41:19,662.67
12:41:19,664.0
12:41:19,663.6
12:41:19,664.96
12:41:19,664.18
12:41:19,662.51
12:41:19,662.7
12:41:19,664.42
12:41:19,663.85
12:41:19,664.31
12:41:19,666.59
12:41:19,665.95
12:41:19,666.37
12:41:19,666.22
12:41:19,666.13
12:41:19,667.28
12:41:19,667.17
12:41:19,665.5
12:41:19,665.3
12:41:19,664.38
12:41:19,665.03
12:41:19,664.62
12:41:19,665.17
12:41:19,665.5
12:41:19,664.5
12:41:19,663.9
12:41:19,664.34
12:41:19,665.0
12:41:19,664.2
12:41:19,665.32
12:41:19,665.19
12:41:19,665.52
12:41:19,665.71
12:41:19,664.63
12:41:19,665.18
12:41:19,665.11
12:41:19,664.26
12:41:19,664.96
12:41:19,664.97
12:41:19,664.98
12:41:19,664.19
12:41:19,664.11
12:41:19,663.27
12:41:19,664.36
12:41:19,665.02
12:41:20,663.81
12:41:20,662.69
12:41:20,663.61
12:41:20,663.37
12:41:20,664.42
12:41:20,665.05
12:41:20,663.83
12:41:20,665.1
12:41:20,665.46
12:41:20,664.88
12:41:20,664.13
12:41:20,663.28
12:41:20,664.37
12:41:20,665.02
12:41:20,663.81
12:41:20,664.69
12:41:20,662.81
12:41:20,664.09
12:41:20,663.65
12:41:20,664.19
12:41:20,664.91
12:41:20,662.95
12:41:20,664.57
12:41:20,665.14
12:41:20,665.49
12:41:20,664.49
12:41:20,663.89
12:41:20,664.34
12:41:20,665.0
12:41:20,664.6
12:41:20,663.96
12:41:20,663.58
12:41:20,664.95
12:41:20,664.97
12:41:20,664.98
12:41:20,664.59
12:41:20,663.95
12:41:20,664.37
12:41:20,665.02
12:41:20,664.61
12:41:20,665.17
12:41:20,662.7
12:41:20,663.62
12:41:20,664.57
12:41:20,665.54
12:41:20,666.13
12:41:20,665.28
12:41:20,665.57
12:41:21,666.14
12:41:21,666.08
12:41:21,666.05
12:41:21,664.83
12:41:21,665.3
12:41:21,665.58
12:41:21,665.75
12:41:21,665.45
12:41:21,664.47
12:41:21,665.08
12:41:21,664.25
12:41:21,664.55
12:41:21,664.73
12:41:21,662.44
12:41:21,663.86
12:41:21,665.12
12:41:21,664.27
12:41:21,664.96
12:41:21,666.18
12:41:21,666.11
12:41:21,664.86
12:41:21,665.72
12:41:21,665.83
12:41:21,666.3
12:41:21,666.18
12:41:21,666.11
12:41:21,665.26
12:41:21,665.56
12:41:21,667.34
12:41:21,666.8
12:41:21,666.08
12:41:21,664.85
12:41:21,664.91
12:41:21,665.75
12:41:21,665.85
12:41:21,665.51
12:41:21,664.51
12:41:21,665.1
12:41:21,665.06
12:41:21,663.84
12:41:21,665.1
12:41:21,665.46
12:41:21,665.28
12:41:21,665.17
12:41:21,664.3
12:41:21,664.98
12:41:21,665.39
12:41:21,665.23
12:41:21,665.54
12:41:22,666.12
12:41:22,664.47
12:41:22,665.08
12:41:22,665.45
12:41:22,666.07
12:41:22,664.04
12:41:22,663.63
12:41:22,663.38
12:41:22,664.43
12:41:22,665.46
12:41:22,662.87
12:41:22,664.12
12:41:22,663.67
12:41:22,665.0
12:41:22,665.0
12:41:22,663.4
12:41:22,664.44
12:41:22,664.66
12:41:22,665.6
12:41:22,665.76
12:41:22,665.06
12:41:22,664.63
12:41:22,664.78
12:41:22,664.07
12:41:22,664.44
12:41:22,663.86
12:41:22,665.12
12:41:22,664.27
12:41:22,664.96
12:41:22,665.38
12:41:22,663.23
12:41:22,664.34
12:41:22,665.0
12:41:22,664.2
12:41:22,664.52
12:41:22,662.71
12:41:22,662.83
12:41:22,664.1
12:41:22,663.66
12:41:22,664.19
12:41:22,662.52
12:41:22,663.91
12:41:22,664.75
12:41:22,665.65
12:41:22,665.79
12:41:22,663.87
12:41:22,664.32
12:41:22,664.59
12:41:23,664.76
12:41:23,664.85
12:41:23,664.11
12:41:23,663.27
12:41:23,664.36
12:41:23,665.02
12:41:23,663.81
12:41:23,661.89
12:41:23,663.13
12:41:23,663.08
12:41:23,663.05
12:41:23,663.83
12:41:23,662.3
12:41:23,663.78
12:41:23,664.27
12:41:23,664.96
12:41:23,664.18
12:41:23,664.91
12:41:23,665.34
12:41:23,665.61
12:41:23,664.56
12:41:23,665.14
12:41:23,665.48
12:41:23,665.29
12:41:23,665.17
12:41:23,665.1
12:41:23,665.06
12:41:23,664.24
12:41:23,664.94
12:41:23,664.97
12:41:23,665.38
12:41:23,665.23
12:41:23,665.54
12:41:23,666.12
12:41:23,664.47
12:41:23,665.08
12:41:23,665.45
12:41:23,666.07
12:41:23,664.04
12:41:23,663.63
12:41:23,664.58
12:41:23,663.95
12:41:23,664.37
12:41:23,664.22
12:41:23,663.73
12:41:23,664.64
12:41:23,664.78
12:41:23,664.07
12:41:23,662.84
12:41:24,663.71
12:41:24,663.42
12:41:24,664.45
12:41:24,665.07
12:41:24,664.24
12:41:24,664.95
12:41:24,664.97
12:41:24,665.38
12:41:24,665.23
12:41:24,663.54
12:41:24,664.92
12:41:24,665.35
12:41:24,665.61
12:41:24,665.77
12:41:24,665.06
12:41:24,664.64
12:41:24,665.18
12:41:24,665.11
12:41:24,665.07
12:41:24,663.84
12:41:24,664.7
12:41:24,664.82
12:41:24,664.89
12:41:24,664.54
12:41:24,662.72
12:41:24,664.03
12:41:24,664.02
12:41:24,664.01
12:41:24,664.01
12:41:24,663.2
12:41:24,663.52
12:41:24,664.11
12:41:24,664.07
12:41:24,663.64
12:41:24,663.38
12:41:24,664.43
12:41:24,665.06
12:41:24,664.24
12:41:24,664.94
12:41:24,663.36
12:41:24,664.42
12:41:24,665.05
12:41:24,663.83
12:41:24,665.1
12:41:24,665.46
12:41:24,665.68
12:41:24,665.41
12:41:24,664.44
12:41:25,664.67
12:41:25,666.4
12:41:25,666.24
12:41:25,666.14
12:41:25,664.89
12:41:25,664.13
12:41:25,666.48
12:41:25,665.89
12:41:25,665.93
12:41:25,665.96
12:41:25,664.38
12:41:25,665.43
12:41:25,665.66
12:41:25,665.79
12:41:25,665.48
12:41:25,664.09
12:41:25,664.45
12:41:25,665.07
12:41:25,663.84
12:41:25,665.11
12:41:25,664.26
12:41:25,664.96
12:41:25,664.17
12:41:25,663.7
12:41:25,664.22
12:41:25,664.53
12:41:25,665.12
12:41:25,664.67
12:41:25,665.2
12:41:25,665.92
12:41:25,665.95
12:41:25,664.77
12:41:25,662.46
12:41:25,664.28
12:41:25,664.97
12:41:25,664.18
12:41:25,664.91
12:41:25,664.54
12:41:25,665.13
12:41:25,664.28
12:41:25,665.37
12:41:25,665.62
12:41:25,664.57
12:41:25,664.74
12:41:25,665.25
12:41:25,665.55
12:41:25,666.13
12:41:25,664.48
12:41:26,665.49
12:41:26,665.29
12:41:26,664.38
12:41:26,664.63
12:41:26,663.18
12:41:26,664.71
12:41:26,664.02
12:41:26,663.61
12:41:26,664.17
12:41:26,662.9
12:41:26,663.34
12:41:26,664.4
12:41:26,663.84
12:41:26,664.31
12:41:26,662.18
12:41:26,663.71
12:41:26,663.43
12:41:26,664.46
12:41:26,664.67
12:41:26,662.8
12:41:26,663.68
12:41:26,664.61
12:41:26,665.17
12:41:26,665.5
12:41:26,664.9
12:41:26,664.94
12:41:26,664.56
12:41:26,664.74
12:41:26,664.84
12:41:26,662.91
12:41:26,664.14
12:41:26,664.89
12:41:26,664.93
12:41:26,664.96
12:41:26,663.38
12:41:26,664.43
12:41:26,665.46
12:41:26,665.67
12:41:26,665.4
12:41:26,663.64
12:41:26,664.59
12:41:26,665.55
12:41:26,665.73
12:41:26,665.84
12:41:26,664.3
12:41:26,664.98
12:41:26,665.39
12:41:26,666.03
12:41:27,665.22
12:41:27,662.73
12:41:27,663.64
12:41:27,664.98
12:41:27,664.59
12:41:27,663.95
12:41:27,662.77
12:41:27,664.06
12:41:27,663.24
12:41:27,663.94
12:41:27,663.57
12:41:27,664.54
12:41:27,665.12
12:41:27,664.27
12:41:27,663.76
12:41:27,664.66
12:41:27,665.2
12:41:27,664.72
12:41:27,664.83
12:41:27,665.3
12:41:27,665.18
12:41:27,667.11
12:41:27,665.86
12:41:27,666.32
12:41:27,664.99
12:41:27,664.19
12:41:27,664.92
12:41:27,665.35
12:41:27,665.21
12:41:27,664.33
12:41:27,664.6
12:41:27,664.76
12:41:27,665.25
12:41:27,665.55
12:41:27,666.13
12:41:27,665.68
12:41:27,664.61
12:41:27,663.96
12:41:27,664.38
12:41:27,665.03
12:41:27,663.82
12:41:27,664.69
12:41:27,664.01
12:41:27,663.61
12:41:27,663.37
12:41:27,664.42
12:41:27,665.45
12:41:27,664.87
12:41:27,665.72
12:41:28,665.83
12:41:28,665.5
12:41:28,664.5
12:41:28,662.7
12:41:28,664.42
12:41:28,665.05
12:41:28,665.03
12:41:28,664.62
12:41:28,663.97
12:41:28,664.38
12:41:28,665.03
12:41:28,664.22
12:41:28,664.93
12:41:28,662.56
12:41:28,663.94
12:41:28,664.36
12:41:28,665.02
12:41:28,663.81
12:41:28,662.29
12:41:28,663.77
12:41:28,665.06
12:41:28,664.64
12:41:28,664.78
12:41:28,663.27
12:41:28,664.36
12:41:28,665.02
12:41:28,664.61
12:41:28,665.17
12:41:28,662.7
12:41:28,664.02
12:41:28,664.01
12:41:28,664.41
12:41:28,665.04
12:41:28,664.63
12:41:28,663.98
12:41:28,664.39
12:41:28,665.03
12:41:28,664.22
12:41:28,662.13
12:41:28,662.08
12:41:28,662.45
12:41:28,663.87
12:41:28,663.92
12:41:28,664.75
12:41:28,665.65
12:41:28,665.79
12:41:28,665.07
12:41:28,665.04
12:41:29,665.43
12:41:29,665.66
12:41:29,665.79
12:41:29,665.48
12:41:29,664.49
12:41:29,663.89
12:41:29,663.53
12:41:29,664.52
12:41:29,663.91
12:41:29,664.75
12:41:29,664.85
12:41:29,664.11
12:41:29,663.27
12:41:29,664.36
12:41:29,665.02
12:41:29,663.81
12:41:29,662.69
12:41:29,663.61
12:41:29,663.37
12:41:29,664.42
12:41:29,665.05
12:41:29,663.83
12:41:29,665.1
12:41:29,665.46
12:41:29,665.28
12:41:29,665.17
12:41:29,663.5
12:41:29,664.9
12:41:29,664.94
12:41:29,664.16
12:41:29,664.9
12:41:29,662.94
12:41:29,663.76
12:41:29,664.66
12:41:29,664.79
12:41:29,664.08
12:41:29,662.45
12:41:29,663.87
12:41:29,664.32
12:41:29,664.99
12:41:29,664.6
12:41:29,662.36
12:41:29,663.81
12:41:29,664.29
12:41:29,664.97
12:41:29,664.98
12:41:29,663.79
12:41:29,664.67
12:41:30,665.2
12:41:30,665.52
12:41:30,665.71
12:41:30,663.03
12:41:30,663.42
12:41:30,664.45
12:41:30,665.07
12:41:30,665.04
12:41:30,664.63
12:41:30,665.18
12:41:30,665.51
12:41:30,664.5
12:41:30,664.7
12:41:30,663.22
12:41:30,663.13
12:41:30,663.48
12:41:30,664.09
12:41:30,664.85
12:41:30,664.11
12:41:30,664.07
12:41:30,664.04
12:41:30,663.22
12:41:30,664.33
12:41:30,665.0
12:41:30,664.2
12:41:30,664.52
12:41:30,664.71
12:41:30,665.23
12:41:30,665.54
12:41:30,665.72
12:41:30,665.83
12:41:30,665.9
12:41:30,664.74
12:41:30,665.64
12:41:30,665.79
12:41:30,665.87
12:41:30,665.52
12:41:30,665.71
12:41:30,665.83
12:41:30,665.9
12:41:30,665.54
12:41:30,666.12
12:41:30,665.67
12:41:30,665.4
12:41:30,665.24
12:41:30,665.55
12:41:30,665.73
12:41:30,665.84
12:41:30,664.3
12:41:31,663.38
12:41:31,664.83
12:41:31,665.3
12:41:31,665.58
12:41:31,664.55
12:41:31,664.33
12:41:31,663.8
12:41:31,665.08
12:41:31,665.45
12:41:31,665.27
12:41:31,664.76
12:41:31,665.26
12:41:31,665.55
12:41:31,665.73
12:41:31,665.84
12:41:31,663.5
12:41:31,664.1
12:41:31,665.26
12:41:31,665.56
12:41:31,665.33
12:41:31,663.6
12:41:31,664.16
12:41:31,663.7
12:41:31,664.62
12:41:31,665.17
12:41:31,663.5
12:41:31,664.9
12:41:31,664.94
12:41:31,664.16
12:41:31,664.9
12:41:31,662.94
12:41:31,663.76
12:41:31,664.66
12:41:31,664.79
12:41:31,664.08
12:41:31,663.65
12:41:31,664.99
12:41:31,664.99
12:41:31,664.2
12:41:31,664.92
12:41:31,664.15
12:41:31,663.69
12:41:31,664.21
12:41:31,664.13
12:41:31,664.48
12:41:31,663.09
12:41:31,663.05
12:41:31,663.43
12:41:32,663.26
12:41:32,664.36
12:41:32,662.61
12:41:32,662.77
12:41:32,664.46
12:41:32,665.08
12:41:32,665.45
12:41:32,663.27
12:41:32,664.36
12:41:32,664.62
12:41:32,665.17
12:41:32,665.5
12:41:32,663.7
12:41:32,665.02
12:41:32,664.61
12:41:32,663.97
12:41:32,664.38
12:41:32,663.83
12:41:32,664.7
12:41:32,665.62
12:41:32,664.57
12:41:32,665.14
12:41:32,662.69
12:41:32,664.41
12:41:32,663.85
12:41:32,664.31
12:41:32,664.58
12:41:32,663.15
12:41:32,664.29
12:41:32,665.37
12:41:32,664.42
12:41:32,665.05
12:41:32,667.03
12:41:32,665.82
12:41:32,665.89
12:41:32,665.54
12:41:32,665.32
12:41:32,665.59
12:41:32,666.16
12:41:32,664.89
12:41:32,665.34
12:41:32,665.2
12:41:32,665.12
12:41:32,664.27
12:41:32,664.56
12:41:32,665.14
12:41:32,665.48
12:41:32,664.49
12:41:32,665.49
12:41:33,666.1
12:41:33,664.86
12:41:33,663.71
12:41:33,664.23
12:41:33,663.74
12:41:33,665.04
12:41:33,664.63
12:41:33,664.78
12:41:33,664.07
12:41:33,663.24
12:41:33,664.34
12:41:33,665.41
12:41:33,665.64
12:41:33,665.79
12:41:33,663.07
12:41:33,662.64
12:41:33,664.39
12:41:33,664.63
12:41:33,665.18
12:41:33,664.71
12:41:33,664.02
12:41:33,664.01
12:41:33,664.01
12:41:33,664.01
12:41:33,662.8
12:41:33,664.08
12:41:33,663.65
12:41:33,664.59
12:41:33,663.95
12:41:33,663.97
12:41:33,665.18
12:41:33,665.51
12:41:33,664.51
12:41:33,665.1
12:41:33,663.86
12:41:33,664.32
12:41:33,664.99
12:41:33,664.99
12:41:33,664.6
12:41:33,662.36
12:41:33,663.81
12:41:33,664.69
12:41:33,664.81
12:41:33,665.69
12:41:33,665.01
12:41:33,664.21
12:41:33,663.32
12:41:33,663.19
12:41:34,664.32
12:41:34,662.59
12:41:34,663.55
12:41:34,664.53
12:41:34,665.12
12:41:34,665.47
12:41:34,664.48
12:41:34,664.69
12:41:34,664.81
12:41:34,665.29
12:41:34,665.17
12:41:34,662.3
12:41:34,663.78
12:41:34,664.67
12:41:34,665.6
12:41:34,664.56
12:41:34,663.94
12:41:34,665.16
12:41:34,664.3
12:41:34,664.98
12:41:34,664.19
12:41:34,664.91
12:41:34,665.35
12:41:34,665.61
12:41:34,664.57
12:41:34,664.74
12:41:34,666.84
12:41:34,666.11
12:41:34,665.26
12:41:34,665.56
12:41:34,665.33
12:41:34,665.6
12:41:34,665.76
12:41:34,665.86
12:41:34,665.51
12:41:34,665.71
12:41:34,665.83
12:41:34,666.3
12:41:34,665.38
12:41:34,665.63
12:41:34,665.78
12:41:34,664.67
12:41:34,664.8
12:41:34,665.28
12:41:34,665.57
12:41:34,665.34
12:41:34,665.6
12:41:34,665.36
12:41:35,665.62
12:41:35,665.77
12:41:35,665.46
12:41:35,665.28
12:41:35,665.97
12:41:35,666.38
12:41:35,666.23
12:41:35,666.14
12:41:35,666.08
12:41:35,664.85
12:41:35,665.31
12:41:35,663.99
12:41:35,663.59
12:41:35,662.95
12:41:35,661.77
12:41:35,663.46
12:41:35,664.88
12:41:35,664.13
12:41:35,664.48
12:41:35,662.69
12:41:35,663.61
12:41:35,664.57
12:41:35,664.74
12:41:35,664.84
12:41:35,662.51
12:41:35,662.7
12:41:35,664.02
12:41:35,663.21
12:41:35,663.93
12:41:35,662.36
12:41:35,664.21
12:41:35,663.73
12:41:35,664.64
12:41:35,664.78
12:41:35,663.27
12:41:35,663.96
12:41:35,664.38
12:41:35,663.83
12:41:35,664.7
12:41:35,664.02
12:41:35,664.01
12:41:35,663.61
12:41:35,662.96
12:41:35,663.78
12:41:35,662.67
12:41:35,664.4
12:41:35,665.04
12:41:35,664.22
12:41:36,664.93
12:41:36,664.16
12:41:36,663.7
12:41:36,664.62
12:41:36,665.17
12:41:36,665.5
12:41:36,663.3
12:41:36,664.78
12:41:36,665.67
12:41:36,665.8
12:41:36,665.08
12:41:36,664.25
12:41:36,663.75
12:41:36,664.65
12:41:36,665.19
12:41:36,665.51
12:41:36,662.91
12:41:36,663.75
12:41:36,664.65
12:41:36,665.59
12:41:36,665.35
12:41:36,663.21
12:41:36,663.13
12:41:36,662.68
12:41:36,663.61
12:41:36,664.96
12:41:36,666.98
12:41:36,666.19
12:41:36,666.11
12:41:36,665.27
12:41:36,665.56
12:41:36,667.34
12:41:36,666.8
12:41:36,666.08
12:41:36,664.85
12:41:36,664.91
12:41:36,665.75
12:41:36,665.85
12:41:36,666.31
12:41:36,665.39
12:41:36,665.23
12:41:36,665.54
12:41:36,665.72
12:41:36,665.83
12:41:36,666.3
12:41:36,665.38
12:41:36,666.03
12:41:36,665.22
12:41:36,664.33
12:41:37,663.8
12:41:37,663.48
12:41:37,663.29
12:41:37,664.37
12:41:37,665.02
12:41:37,664.61
12:41:37,665.17
12:41:37,665.5
12:41:37,664.5
12:41:37,665.1
12:41:37,665.46
12:41:37,666.08
12:41:37,666.05
12:41:37,664.43
12:41:37,665.06
12:41:37,664.23
12:41:37,664.94
12:41:37,663.76
12:41:37,663.86
12:41:37,665.12
12:41:37,664.27
12:41:37,664.96
12:41:37,665.38
12:41:37,662.83
12:41:37,664.1
12:41:37,663.66
12:41:37,664.59
12:41:37,663.96
12:41:37,663.97
12:41:37,665.18
12:41:37,665.51
12:41:37,665.31
12:41:37,665.18
12:41:37,664.71
12:41:37,664.03
12:41:37,664.02
12:41:37,664.01
12:41:37,664.01
12:41:37,663.2
12:41:37,664.32
12:41:37,663.79
12:41:37,664.28
12:41:37,665.37
12:41:37,663.22
12:41:37,663.13
12:41:37,663.08
12:41:37,663.05
12:41:37,663.83
12:41:37,663.5
12:41:38,664.5
12:41:38,665.5
12:41:38,666.1
12:41:38,666.06
12:41:38,665.24
12:41:38,665.54
12:41:38,666.12
12:41:38,664.47
12:41:38,665.48
12:41:38,663.69
12:41:38,664.21
12:41:38,663.73
12:41:38,663.44
12:41:38,664.46
12:41:38,662.68
12:41:38,663.61
12:41:38,664.56
12:41:38,665.54
12:41:38,666.12
12:41:38,667.27
12:41:38,666.76
12:41:38,666.46
12:41:38,666.68
12:41:38,665.21
12:41:38,667.12
12:41:38,665.47
12:41:38,665.68
12:41:38,665.81
12:41:38,665.89
12:41:38,666.33
12:41:38,665.0
12:41:38,664.2
12:41:38,664.92
12:41:38,664.95
12:41:38,664.97
12:41:38,664.98
12:41:38,665.39
12:41:38,666.03
12:41:38,664.42
12:41:38,665.05
12:41:38,663.83
12:41:38,665.1
12:41:38,665.06
12:41:38,665.04
12:41:38,665.02
12:41:38,663.81
12:41:38,663.49
12:41:39,664.09
12:41:39,664.86
12:41:39,664.11
12:41:39,663.27
12:41:39,664.36
12:41:39,665.02
12:41:39,664.21
12:41:39,664.53
12:41:39,663.92
12:41:39,664.75
12:41:39,665.65
12:41:39,665.39
12:41:39,665.23
12:41:39,664.34
12:41:39,665.0
12:41:39,664.2
12:41:39,664.52
12:41:39,665.51
12:41:39,664.11
12:41:39,663.66
12:41:39,664.6
12:41:39,664.76
12:41:39,665.66
12:41:39,664.99
12:41:39,665.4
12:41:39,665.64
12:41:39,665.38
12:41:39,665.23
12:41:39,664.34
12:41:39,665.0
12:41:39,664.2
12:41:39,664.52
12:41:39,665.11
12:41:39,663.87
12:41:39,664.72
12:41:39,665.23
12:41:39,665.54
12:41:39,665.32
12:41:39,664.39
12:41:39,665.44
12:41:39,665.66
12:41:39,665.4
12:41:39,665.64
12:41:39,664.58
12:41:39,664.75
12:41:39,665.25
12:41:39,665.55
12:41:39,665.33
12:41:39,663.2
12:41:40,664.32
12:41:40,663.79
12:41:40,664.27
12:41:40,665.36
12:41:40,664.42
12:41:40,665.45
12:41:40,665.67
12:41:40,665.4
12:41:40,664.04
12:41:40,662.82
12:41:40,664.5
12:41:40,664.7
12:41:40,665.62
12:41:40,665.77
12:41:40,663.46
12:41:40,664.48
12:41:40,664.69
12:41:40,664.81
12:41:40,665.29
12:41:40,664.37
12:41:40,665.02
12:41:40,664.61
12:41:40,663.97
12:41:40,664.38
12:41:40,663.83
12:41:40,664.7
12:41:40,665.62
12:41:40,665.77
12:41:40,665.46
12:41:40,664.48
12:41:40,664.69
12:41:40,665.61
12:41:40,664.57
12:41:40,665.54
12:41:40,664.52
12:41:40,664.31
12:41:40,663.79
12:41:40,665.07
12:41:40,664.24
12:41:40,662.15
12:41:40,662.49
12:41:40,664.29
12:41:40,665.38
12:41:40,665.63
12:41:40,662.98
12:41:40,663.79
12:41:40,664.67
12:41:40,665.6
12:41:41,665.36
12:41:41,663.22
12:41:41,663.13
12:41:41,663.48
12:41:41,664.09
12:41:41,664.85
12:41:41,663.31
12:41:41,663.19
12:41:41,664.31
12:41:41,663.79
12:41:41,664.27
12:41:41,664.96
12:41:41,664.98
12:41:41,664.99
12:41:41,664.99
12:41:41,664.2
12:41:41,666.52
12:41:41,666.31
12:41:41,664.59
12:41:41,664.35
12:41:41,665.01
12:41:41,663.81
12:41:41,664.28
12:41:41,664.97
12:41:41,664.98
12:41:41,664.59
12:41:41,663.55
12:41:41,664.53
12:41:41,665.12
12:41:41,664.27
12:41:41,664.96
12:41:41,664.18
12:41:41,664.91
12:41:41,665.34
12:41:41,665.61
12:41:41,665.76
12:41:41,666.26
12:41:41,666.16
12:41:41,665.69
12:41:41,665.42
12:41:41,665.65
12:41:41,665.39
12:41:41,664.03
12:41:41,664.02
12:41:41,664.01
12:41:41,664.01
12:41:41,664.0
12:41:41,663.2
12:41:41,663.92
12:41:42,665.15
12:41:42,665.49
12:41:42,664.5
12:41:42,663.5
12:41:42,664.5
12:41:42,665.5
12:41:42,665.3
12:41:42,665.18
12:41:42,664.31
12:41:42,663.78
12:41:42,664.67
12:41:42,664.8
12:41:42,664.48
12:41:42,663.09
12:41:42,663.05
12:41:42,662.63
12:41:42,663.58
12:41:42,663.35
12:41:42,661.61
12:41:42,662.17
12:41:42,662.5
12:41:42,663.9
12:41:42,663.54
12:41:42,662.12
12:41:42,662.47
12:41:42,664.28
12:41:42,664.97
12:41:42,664.98
12:41:42,663.39
12:41:42,664.43
12:41:42,665.06
12:41:42,664.64
12:41:42,664.78
12:41:42,663.27
12:41:42,664.36
12:41:42,664.62
12:41:42,665.17
12:41:42,665.5
12:41:42,666.1
12:41:42,666.06
12:41:42,664.84
12:41:42,665.3
12:41:42,665.18
12:41:42,665.51
12:41:42,664.11
12:41:42,663.26
12:41:42,663.96
12:41:42,663.57
12:41:43,664.14
12:41:43,663.69
12:41:43,665.01
12:41:43,664.21
12:41:43,664.52
12:41:43,665.51
12:41:43,664.91
12:41:43,664.95
12:41:43,664.97
12:41:43,664.18
12:41:43,664.91
12:41:43,665.34
12:41:43,665.21
12:41:43,664.32
12:41:43,664.59
12:41:43,663.96
12:41:43,664.77
12:41:43,665.66
12:41:43,665.8
12:41:43,664.68
12:41:43,664.01
12:41:43,664.0
12:41:43,663.6
12:41:43,664.16
12:41:43,664.9
12:41:43,663.74
12:41:43,663.84
12:41:43,664.31
12:41:43,663.78
12:41:43,663.47
12:41:43,664.88
12:41:43,664.13
12:41:43,663.68
12:41:43,664.21
12:41:43,664.92
12:41:43,664.95
12:41:43,662.57
12:41:43,663.94
12:41:43,665.17
12:41:43,665.5
12:41:43,665.3
12:41:43,662.78
12:41:43,664.07
12:41:43,663.24
12:41:43,664.34
12:41:43,665.41
12:41:43,662.84
12:41:43,663.71
12:41:44,663.42
12:41:44,664.45
12:41:44,664.67
12:41:44,664.0
12:41:44,663.6
12:41:44,664.56
12:41:44,665.54
12:41:44,665.72
12:41:44,663.43
12:41:44,664.46
12:41:44,665.08
12:41:44,664.25
12:41:44,664.95
12:41:44,662.97
12:41:44,663.78
12:41:44,664.67
12:41:44,665.2
12:41:44,665.12
12:41:44,664.67
12:41:44,665.2
12:41:44,665.12
12:41:44,664.27
12:41:44,664.96
12:41:44,663.38
12:41:44,664.43
12:41:44,665.06
12:41:44,664.23
12:41:44,664.94
12:41:44,664.16
12:41:44,663.7
12:41:44,664.62
12:41:44,665.17
12:41:44,665.5
12:41:44,663.7
12:41:44,664.22
12:41:44,663.73
12:41:44,664.24
12:41:44,665.34
12:41:44,666.01
12:41:44,664.8
12:41:44,664.88
12:41:44,664.93
12:41:44,665.36
12:41:44,665.61
12:41:44,664.57
12:41:44,665.14
12:41:44,664.28
12:41:44,664.57
12:41:44,665.54
12:41:45,665.73
12:41:45,665.84
12:41:45,665.5
12:41:45,664.5
12:41:45,664.7
12:41:45,665.22
12:41:45,664.73
12:41:45,665.24
12:41:45,665.14
12:41:45,665.49
12:41:45,665.29
12:41:45,665.58
12:41:45,665.35
12:41:45,665.61
12:41:45,665.76
12:41:45,665.86
12:41:45,665.92
12:41:45,666.35
12:41:45,666.61
12:41:45,666.37
12:41:45,666.22
12:41:45,664.93
12:41:45,665.36
12:41:45,666.02
12:41:45,665.21
12:41:45,665.13
12:41:45,664.28
12:41:45,665.37
12:41:45,665.62
12:41:45,665.77
12:41:45,665.86
12:41:45,665.52
12:41:45,665.71
12:41:45,665.83
12:41:45,665.5
12:41:45,666.1
12:41:45,666.06
12:41:45,664.84
12:41:45,664.1
12:41:45,664.86
12:41:45,662.92
12:41:45,664.15
12:41:45,664.09
12:41:45,664.45
12:41:45,664.67
12:41:45,662.4
12:41:45,663.44
12:41:45,664.87
12:41:46,664.92
12:41:46,664.95
12:41:46,662.97
12:41:46,663.78
12:41:46,664.27
12:41:46,664.96
12:41:46,664.18
12:41:46,662.11
12:41:46,662.06
12:41:46,662.04
12:41:46,662.82
12:41:46,664.49
12:41:46,663.1
12:41:46,663.86
12:41:46,665.11
12:41:46,664.67
12:41:46,665.6
12:41:46,663.36
12:41:46,664.42
12:41:46,665.05
12:41:46,664.23
12:41:46,664.94
12:41:46,663.36
12:41:46,664.42
12:41:46,665.05
12:41:46,664.23
12:41:46,664.54
12:41:46,663.92
12:41:46,664.75
12:41:46,665.25
12:41:46,665.55
12:41:46,664.93
12:41:46,664.16
12:41:46,663.7
12:41:46,663.02
12:41:46,663.41
12:41:46,664.45
12:41:46,663.87
12:41:46,665.12
12:41:46,664.27
12:41:46,663.76
12:41:46,665.06
12:41:46,663.43
12:41:46,664.46
12:41:46,665.08
12:41:46,664.25
12:41:46,664.95
12:41:46,666.97
12:41:47,666.98
12:41:47,666.19
12:41:47,666.11
12:41:47,664.87
12:41:47,665.72
12:41:47,665.83
12:41:47,665.9
12:41:47,665.54
12:41:47,665.32
12:41:47,665.59
12:41:47,666.16
12:41:47,664.89
12:41:47,664.94
12:41:47,664.16
12:41:47,664.9
12:41:47,664.94
12:41:47,664.96
12:41:47,664.98
12:41:47,664.59
12:41:47,664.75
12:41:47,664.85
12:41:47,664.91
12:41:47,664.95
12:41:47,664.17
12:41:47,664.9
12:41:47,665.34
12:41:47,665.6
12:41:47,665.36
12:41:47,665.62
12:41:47,665.77
12:41:47,664.66
12:41:47,665.2
12:41:47,665.52
12:41:47,666.11
12:41:47,665.67
12:41:47,666.2
12:41:47,666.12
12:41:47,664.47
12:41:47,664.68
12:41:47,663.61
12:41:47,662.17
12:41:47,662.5
12:41:47,664.3
12:41:47,665.38
12:41:47,665.23
12:41:47,664.34
12:41:47,664.6
12:41:47,664.76
12:41:48,665.26
12:41:48,665.95
12:41:48,664.77
12:41:48,665.26
12:41:48,665.56
12:41:48,665.33
12:41:48,665.6
12:41:48,663.36
12:41:48,664.42
12:41:48,665.05
12:41:48,665.03
12:41:48,664.22
12:41:48,663.33
12:41:48,663.2
12:41:48,664.32
12:41:48,664.99
12:41:48,664.19
12:41:48,663.72
12:41:48,663.43
12:41:48,663.66
12:41:48,664.59
12:41:48,663.96
12:41:48,661.97
12:41:48,663.98
12:41:48,664.39
12:41:48,664.63
12:41:48,665.18
12:41:48,663.11
12:41:48,663.47
12:41:48,664.48
12:41:48,663.89
12:41:48,663.53
12:41:48,661.72
12:41:48,663.43
12:41:48,664.46
12:41:48,665.08
12:41:48,665.45
12:41:48,663.27
12:41:48,664.36
12:41:48,665.02
12:41:48,664.61
12:41:48,664.77
12:41:48,664.06
12:41:48,664.04
12:41:48,663.22
12:41:48,663.13
12:41:48,663.88
12:41:48,662.73
12:41:48,664.04
12:41:49,663.62
12:41:49,664.57
12:41:49,664.74
12:41:49,666.45
12:41:49,665.87
12:41:49,665.52
12:41:49,665.71
12:41:49,665.83
12:41:49,667.1
12:41:49,665.46
12:41:49,665.67
12:41:49,666.2
12:41:49,666.52
12:41:49,666.31
12:41:49,664.59
12:41:49,665.15
12:41:49,664.29
12:41:49,664.58
12:41:49,665.95
12:41:49,666.37
12:41:49,666.22
12:41:49,664.93
12:41:49,665.36
12:41:49,665.62
12:41:49,665.77
12:41:49,665.86
12:41:49,666.32
12:41:49,665.79
12:41:49,664.67
12:41:49,665.2
12:41:49,665.92
12:41:49,665.95
12:41:49,664.77
12:41:49,665.26
12:41:49,665.56
12:41:49,665.73
12:41:49,665.84
12:41:49,664.7
12:41:49,664.82
12:41:49,665.29
12:41:49,665.58
12:41:49,665.35
12:41:49,665.61
12:41:49,665.76
12:41:49,664.26
12:41:49,663.76
12:41:49,664.65
12:41:49,665.59
12:41:50,664.56
12:41:50,662.33
12:41:50,662.6
12:41:50,663.96
12:41:50,663.58
12:41:50,664.15
12:41:50,662.89
12:41:50,664.13
12:41:50,663.68
12:41:50,664.21
12:41:50,664.52
12:41:50,663.91
12:41:50,663.55
12:41:50,664.53
12:41:50,665.12
12:41:50,665.47
12:41:50,662.88
12:41:50,663.73
12:41:50,664.64
12:41:50,664.78
12:41:50,664.07
12:41:50,663.24
12:41:50,663.95
12:41:50,664.37
12:41:50,665.02
12:41:50,664.21
12:41:50,664.13
12:41:50,663.68
12:41:50,664.61
12:41:50,665.56
12:41:50,666.14
12:41:50,664.08
12:41:50,663.65
12:41:50,664.99
12:41:50,664.19
12:41:50,664.92
12:41:50,663.35
12:41:50,664.41
12:41:50,665.05
12:41:50,664.63
12:41:50,665.58
12:41:50,663.75
12:41:50,664.65
12:41:50,665.59
12:41:50,666.15
12:41:50,666.09
12:41:50,663.26
12:41:50,663.95
12:41:50,664.37
12:41:51,665.02
12:41:51,664.21
12:41:51,663.73
12:41:51,663.44
12:41:51,664.46
12:41:51,665.08
12:41:51,665.45
12:41:51,664.87
12:41:51,665.32
12:41:51,664.39
12:41:51,665.04
12:41:51,665.02
12:41:51,666.61
12:41:51,665.17
12:41:51,664.3
12:41:51,665.38
12:41:51,666.03
12:41:51,666.42
12:41:51,666.25
12:41:51,665.75
12:41:51,666.25
12:41:51,666.15
12:41:51,666.49
12:41:51,666.69
12:41:51,666.02
12:41:51,665.21
12:41:51,665.53
12:41:51,665.72
12:41:51,665.43
12:41:51,665.26
12:41:51,665.55
12:41:51,666.13
12:41:51,665.28
12:41:51,665.97
12:41:51,665.58
12:41:51,665.35
12:41:51,665.61
12:41:51,665.77
12:41:51,665.86
12:41:51,666.32
12:41:51,665.39
12:41:51,665.23
12:41:51,665.54
12:41:51,666.12
12:41:51,664.87
12:41:51,665.72
12:41:51,666.23
12:41:51,666.14
12:41:52,666.08
12:41:52,664.85
12:41:52,665.31
12:41:52,665.59
12:41:52,664.55
12:41:52,664.33
12:41:52,663.8
12:41:52,663.88
12:41:52,663.53
12:41:52,664.92
12:41:52,664.15
12:41:52,663.69
12:41:52,664.61
12:41:52,665.17
12:41:52,665.5
12:41:52,663.3
12:41:52,664.38
12:41:52,665.43
12:41:52,665.66
12:41:52,666.19
12:41:52,665.32
12:41:52,664.39
12:41:52,665.03
12:41:52,664.22
12:41:52,664.53
12:41:52,663.92
12:41:52,664.75
12:41:52,665.25
12:41:52,665.55
12:41:52,664.93
12:41:52,664.56
12:41:52,665.14
12:41:52,665.48
12:41:52,664.49
12:41:52,663.89
12:41:52,662.34
12:41:52,663.8
12:41:52,664.28
12:41:52,664.57
12:41:52,665.14
12:41:52,663.08
12:41:52,663.05
12:41:52,663.43
12:41:52,663.26
12:41:52,664.36
12:41:52,662.61
12:41:52,662.77
12:41:52,664.06
12:41:53,663.24
12:41:53,664.34
12:41:53,662.61
12:41:53,663.56
12:41:53,664.14
12:41:53,664.88
12:41:53,664.53
12:41:53,662.32
12:41:53,662.59
12:41:53,664.35
12:41:53,663.81
12:41:53,664.69
12:41:53,663.21
12:41:53,663.13
12:41:53,663.48
12:41:53,664.09
12:41:53,664.85
12:41:53,666.11
12:41:53,664.47
12:41:53,665.08
12:41:53,664.25
12:41:53,664.95
12:41:53,664.17
12:41:53,663.7
12:41:53,664.62
12:41:53,665.17
12:41:53,665.5
12:41:53,664.5
12:41:53,665.5
12:41:53,665.3
12:41:53,665.58
12:41:53,664.55
12:41:53,665.53
12:41:53,665.72
12:41:53,665.43
12:41:53,665.66
12:41:53,665.4
12:41:53,664.44
12:41:53,665.06
12:41:53,664.64
12:41:53,665.18
12:41:53,665.11
12:41:53,665.07
12:41:53,663.84
12:41:53,664.7
12:41:53,664.82
12:41:53,664.89
12:41:53,664.54
12:41:53,664.32
12:41:54,663.79
12:41:54,665.08
12:41:54,665.45
12:41:54,665.27
12:41:54,664.76
12:41:54,665.26
12:41:54,665.55
12:41:54,665.33
12:41:54,665.6
12:41:54,663.36
12:41:54,664.42
12:41:54,665.05
12:41:54,665.03
12:41:54,663.82
12:41:54,663.49
12:41:54,664.09
12:41:54,663.66
12:41:54,664.99
12:41:54,664.2
12:41:54,663.72
12:41:54,663.43
12:41:54,664.46
12:41:54,665.48
12:41:54,664.49
12:41:54,662.69
12:41:54,663.61
12:41:54,663.37
12:41:54,664.42
12:41:54,665.05
12:41:54,664.63
12:41:54,664.78
12:41:54,664.87
12:41:54,665.32
12:41:54,665.59
12:41:54,663.76
12:41:54,665.05
12:41:54,664.63
12:41:54,665.18
12:41:54,665.11
12:41:54,664.26
12:41:54,664.16
12:41:54,663.7
12:41:54,663.42
12:41:54,664.45
12:41:54,664.27
12:41:54,664.96
12:41:54,664.98
12:41:54,664.99
12:41:55,664.59
12:41:55,663.16
12:41:55,663.49
12:41:55,664.1
12:41:55,663.66
12:41:55,664.59
12:41:55,663.16
12:41:55,663.89
12:41:55,664.34
12:41:55,665.0
12:41:55,665.4
12:41:55,663.64
12:41:55,664.58
12:41:55,665.15
12:41:55,664.29
12:41:55,664.57
12:41:55,666.74
12:41:55,666.85
12:41:55,666.11
12:41:55,665.26
12:41:55,665.96
12:41:55,666.38
12:41:55,666.23
12:41:55,666.14
12:41:55,666.08
12:41:55,666.05
12:41:55,665.63
12:41:55,665.78
12:41:55,665.47
12:41:55,665.68
12:41:55,664.61
12:41:55,664.76
12:41:55,665.66
12:41:55,666.2
12:41:55,664.92
12:41:55,664.95
12:41:55,664.97
12:41:55,664.98
12:41:55,665.39
12:41:55,666.03
12:41:55,665.22
12:41:55,665.53
12:41:55,665.72
12:41:55,665.83
12:41:55,665.9
12:41:55,665.14
12:41:55,665.48
12:41:55,665.69
12:41:56,665.41
12:41:56,664.45
12:41:56,665.07
12:41:56,665.04
12:41:56,663.82
12:41:56,664.69
12:41:56,664.82
12:41:56,664.89
12:41:56,663.73
12:41:56,663.44
12:41:56,664.46
12:41:56,665.08
12:41:56,665.45
12:41:56,665.27
12:41:56,664.36
12:41:56,665.02
12:41:56,664.61
12:41:56,665.17
12:41:56,665.5
12:41:56,662.9
12:41:56,663.74
12:41:56,664.64
12:41:56,663.99
12:41:56,663.59
12:41:56,662.56
12:41:56,663.93
12:41:56,664.76
12:41:56,665.26
12:41:56,665.55
12:41:56,664.53
12:41:56,663.92
12:41:56,664.75
12:41:56,665.25
12:41:56,665.55
12:41:56,664.53
12:41:56,664.72
12:41:56,665.23
12:41:56,665.54
12:41:56,665.32
12:41:56,662.79
12:41:56,663.68
12:41:56,664.21
12:41:56,663.72
12:41:56,665.03
12:41:56,663.82
12:41:56,664.69
12:41:56,665.22
12:41:56,664.73
12:41:56,665.24
12:41:57,664.34
12:41:57,665.01
12:41:57,664.2
12:41:57,664.92
12:41:57,664.95
12:41:57,664.17
12:41:57,663.7
12:41:57,665.02
12:41:57,664.61
12:41:57,664.77
12:41:57,664.06
12:41:57,663.64
12:41:57,664.98
12:41:57,664.99
12:41:57,664.19
12:41:57,662.52
12:41:57,663.91
12:41:57,664.75
12:41:57,665.25
12:41:57,665.55
12:41:57,663.33
12:41:57,664.0
12:41:57,663.6
12:41:57,664.96
12:41:57,664.98
12:41:57,666.19
12:41:57,666.11
12:41:57,664.47
12:41:57,665.08
12:41:57,665.45
12:41:57,666.07
12:41:57,665.24
12:41:57,665.54
12:41:57,665.33
12:41:57,665.6
12:41:57,666.16
12:41:57,664.89
12:41:57,665.34
12:41:57,665.6
12:41:57,664.56
12:41:57,665.54
12:41:57,665.72
12:41:57,665.43
12:41:57,665.66
12:41:57,665.4
12:41:57,665.24
12:41:57,665.54
12:41:57,665.73
12:41:58,665.84
12:41:58,664.7
12:41:58,663.62
12:41:58,663.37
12:41:58,664.42
12:41:58,665.05
12:41:58,665.03
12:41:58,664.22
12:41:58,662.93
12:41:58,664.16
12:41:58,663.7
12:41:58,664.22
12:41:58,665.33
12:41:58,664.0
12:41:58,663.6
12:41:58,664.56
12:41:58,665.14
12:41:58,665.48
12:41:58,663.29
12:41:58,664.77
12:41:58,665.26
12:41:58,665.56
12:41:58,666.14
12:41:58,664.08
12:41:58,663.65
12:41:58,664.59
12:41:58,663.95
12:41:58,664.37
12:41:58,662.62
12:41:58,663.97
12:41:58,664.38
12:41:58,665.03
12:41:58,664.22
12:41:58,664.13
12:41:58,663.68
12:41:58,664.21
12:41:58,664.92
12:41:58,665.35
12:41:58,663.21
12:41:58,662.73
12:41:58,664.04
12:41:58,663.22
12:41:58,663.93
12:41:58,663.56
12:41:58,664.54
12:41:58,665.12
12:41:58,664.27
12:41:58,664.96
12:41:59,663.38
12:41:59,664.43
12:41:59,665.06
12:41:59,664.23
12:41:59,664.94
12:41:59,662.96
12:41:59,663.78
12:41:59,664.27
12:41:59,664.96
12:41:59,664.18
12:41:59,662.51
12:41:59,662.7
12:41:59,664.42
12:41:59,665.05
12:41:59,665.03
12:41:59,663.42
12:41:59,664.45
12:41:59,665.07
12:41:59,664.24
12:41:59,664.95
12:41:59,665.77
12:41:59,665.86
12:41:59,665.12
12:41:59,664.27
12:41:59,664.96
12:41:59,666.58
12:41:59,665.95
12:41:59,665.57
12:41:59,665.74
12:41:59,665.44
12:41:59,667.27
12:41:59,666.76
12:41:59,666.46
12:41:59,666.27
12:41:59,666.16
12:41:59,666.1
12:41:59,666.06
12:41:59,664.84
12:41:59,665.7
12:41:59,664.62
12:41:59,664.77
12:41:59,665.26
12:41:59,665.56
12:41:59,665.73
12:41:59,666.24
12:41:59,666.14
12:41:59,666.09
12:41:59,664.85
12:41:59,665.71
12:42:00,665.43
12:42:00,665.66
12:42:00,665.79
12:42:00,665.88
12:42:00,665.53
12:42:00,665.72
12:42:00,665.43
12:42:00,665.66
12:42:00,665.79
12:42:00,665.48
12:42:00,664.49
12:42:00,663.89
12:42:00,662.34
12:42:00,663.8
12:42:00,664.68
12:42:00,663.61
12:42:00,664.57
12:42:00,664.34
12:42:00,665.0
12:42:00,664.2
12:42:00,664.52
12:42:00,665.11
12:42:00,663.87
12:42:00,664.32
12:42:00,664.59
12:42:00,663.96
12:42:00,664.37
12:42:00,663.82
12:42:00,664.69
12:42:00,664.82
12:42:00,664.09
12:42:00,664.45
12:42:00,663.47
12:42:00,664.48
12:42:00,664.69
12:42:00,664.01
12:42:00,664.01
12:42:00,663.21
12:42:00,663.12
12:42:00,663.07
12:42:00,663.44
12:42:00,664.07
12:42:00,662.44
12:42:00,663.46
12:42:00,664.48
12:42:00,664.69
12:42:00,664.01
12:42:00,663.21
12:42:01,663.52
12:42:01,664.51
12:42:01,663.91
12:42:01,664.75
12:42:01,662.85
12:46:31,663.87
12:46:31,664.32
12:46:31,664.59
12:46:31,663.96
12:46:31,661.97
12:46:31,662.78
12:46:31,663.67
12:46:31,664.2
12:46:31,664.52
12:46:31,663.11
12:46:31,662.67
12:46:31,664.0
12:46:31,664.8
12:46:31,664.08
12:46:31,663.25
12:46:32,663.95
12:46:32,664.37
12:46:32,665.02
12:46:32,664.21
12:46:32,663.73
12:46:32,664.24
12:46:32,664.94
12:46:32,664.17
12:46:32,664.5
12:46:32,663.9
12:46:32,664.34
12:46:32,665.0
12:46:32,664.2
12:46:32,664.52
12:46:32,662.31
12:46:32,662.19
12:46:32,663.71
12:46:32,663.03
12:46:32,663.02
12:46:32,661.81
12:46:32,663.09
12:46:32,663.05
12:46:32,663.43
12:46:32,664.46
12:46:32,663.88
12:46:32,664.33
12:46:32,663.8
12:46:32,664.28
12:46:32,664.57
12:46:32,663.54
12:46:32,664.52
12:46:32,663.91
12:46:32,663.55
12:46:32,664.53
12:46:32,662.72
12:46:32,663.63
12:46:32,664.58
12:46:32,664.75
12:46:32,664.45
12:46:32,663.87
12:46:32,664.32
12:46:32,663.79
12:46:32,664.68
12:46:32,663.61
12:46:32,663.76
12:46:32,664.66
12:46:32,665.19
12:46:32,665.12
12:46:32,665.07
12:46:32,666.64
12:46:32,666.39
12:46:32,666.63
12:46:32,665.98
12:46:32,664.79
12:46:32,666.07
12:46:32,665.24
12:46:32,665.55
12:46:32,665.33
12:46:32,665.6
12:46:32,664.96
12:46:32,664.97
12:46:32,664.98
12:46:32,664.99
12:46:32,664.59
12:46:32,663.56
12:46:32,664.53
12:46:32,664.72
12:46:32,665.23
12:46:32,665.14
12:46:32,665.48
12:46:32,665.29
12:46:32,665.57
12:46:32,665.74
12:46:32,665.45
12:46:32,664.87
12:46:32,664.12
12:46:32,663.67
12:46:32,664.6
12:46:32,663.56
12:46:32,664.14
12:46:32,662.48
12:46:32,663.49
12:46:32,664.49
12:46:32,663.9
12:46:32,664.74
12:46:32,662.44
12:46:32,663.87
12:46:32,663.92
12:46:32,664.35
12:46:32,665.01
12:46:32,663.41
12:46:32,663.24
12:46:32,664.35
12:46:32,665.01
12:46:32,664.6
12:46:32,662.76
12:46:32,664.06
12:46:32,664.03
12:46:32,664.02
12:46:32,664.01
12:46:32,663.21
12:46:32,663.52
12:46:32,663.31
12:46:32,662.79
12:46:32,662.87
12:46:32,662.52
12:46:32,662.71
12:46:32,662.83
12:46:32,664.1
12:46:32,664.86
12:46:32,663.32
12:46:32,663.19
12:46:32,664.31
12:46:32,663.79
12:46:32,664.27
12:46:32,662.16
12:46:32,662.5
12:46:32,663.9
12:46:32,664.34
12:46:32,665.0
12:46:32,662.6
12:46:32,663.96
12:46:32,663.98
12:46:32,664.39
12:46:32,664.63
12:46:32,665.18
12:46:32,665.51
12:46:32,665.3
12:46:32,665.58
12:46:32,664.55
12:46:32,665.13
12:46:32,664.28
12:46:32,664.97
12:46:32,664.98
12:46:32,664.19
12:46:32,664.91
12:46:32,665.35
12:46:32,665.61
12:46:32,664.57
12:46:32,664.74
12:46:32,664.84
12:46:32,664.91
12:46:32,664.94
12:46:32,665.37
12:46:32,665.62
12:46:32,666.17
12:46:32,665.7
12:46:32,665.42
12:46:32,665.25
12:46:32,665.55
12:46:32,664.93
12:46:32,665.36
12:46:32,665.62
12:46:32,665.77
12:46:32,665.46
12:46:32,665.28
12:46:32,665.57
12:46:32,665.74
12:46:32,665.84
12:46:32,664.71
12:46:33,664.82
12:46:33,665.29
12:46:33,664.78
12:46:33,665.27
12:46:33,665.56
12:46:33,665.74
12:46:33,664.24
12:46:33,664.94
12:46:33,664.97
12:46:33,664.58
12:46:33,663.95
12:46:33,661.97
12:46:33,663.58
12:46:33,664.15
12:46:33,664.89
12:46:33,664.13
12:46:33,663.28
12:46:33,664.37
12:46:33,665.02
12:46:33,664.21
12:46:33,664.53
12:46:33,663.92
12:46:33,664.75
12:46:33,665.25
12:46:33,665.55
12:46:33,664.93
12:46:33,664.16
12:46:33,663.69
12:46:33,664.62
12:46:33,665.17
12:46:33,665.5
12:46:33,662.9
12:46:33,663.74
12:46:33,664.64
12:46:33,665.19
12:46:33,665.11
12:46:33,664.67
12:46:33,665.2
12:46:33,665.52
12:46:33,665.71
12:46:33,665.43
12:46:33,662.86
12:46:33,664.11
12:46:33,663.27
12:46:33,664.36
12:46:33,665.02
12:46:33,663.01
12:46:33,663.01
12:46:33,663.0
12:46:33,663.0
12:46:33,663.8
12:46:33,663.08
12:46:33,663.05
12:46:33,662.63
12:46:33,663.58
12:46:33,663.35
12:46:33,662.01
12:46:33,662.4
12:46:33,663.44
12:46:33,664.47
12:46:33,664.68
12:46:33,665.61
12:46:33,664.16
12:46:33,663.3
12:46:33,663.98
12:46:33,663.99
12:46:33,663.59
12:46:33,663.76
12:46:33,664.65
12:46:33,665.19
12:46:33,665.92
12:46:33,666.35
12:46:33,665.01
12:46:33,664.21
12:46:33,664.12
12:46:33,664.47
12:46:33,664.28
12:46:33,664.97
12:46:33,664.98
12:46:33,664.99
12:46:33,664.19
12:46:33,664.92
12:46:33,663.75
12:46:33,664.65
12:46:33,665.19
12:46:33,665.51
12:46:33,665.71
12:46:33,664.23
12:46:33,663.74
12:46:33,664.64
12:46:33,664.38
12:46:33,665.03
12:46:33,663.82
12:46:33,664.69
12:46:33,664.81
12:46:33,665.29
12:46:33,663.97
12:46:33,661.98
12:46:33,663.19
12:46:33,664.31
12:46:33,664.59
12:46:33,664.75
12:46:33,664.05
12:46:33,663.23
12:46:33,663.14
12:46:33,664.28
12:46:33,665.37
12:46:33,664.42
12:46:33,663.85
12:46:33,664.71
12:46:33,664.83
12:46:33,664.5
12:46:33,662.3
12:46:33,663.78
12:46:33,664.27
12:46:33,664.96
12:46:33,663.78
12:46:33,662.67
12:46:33,664.0
12:46:33,663.2
12:46:33,664.32
12:46:33,664.99
12:46:33,663.4
12:46:33,662.84
12:46:33,664.1
12:46:33,664.86
12:46:33,663.72
12:46:33,662.23
12:46:33,662.54
12:46:33,663.92
12:46:33,664.75
12:46:33,664.85
12:46:33,664.11
12:46:33,664.07
12:46:33,662.84
12:46:33,663.3
12:46:33,663.98
12:46:33,662.79
12:46:33,663.67
12:46:33,664.6
12:46:33,664.76
12:46:33,665.26
12:46:33,663.15
12:46:33,663.09
12:46:33,663.06
12:46:33,663.03
12:46:33,662.62
12:46:33,663.97
12:46:33,664.38
12:46:33,665.03
12:46:33,664.62
12:46:33,664.77
12:46:33,665.26
12:46:33,665.16
12:46:33,664.29
12:46:33,664.98
12:46:33,664.19
12:46:33,664.91
12:46:33,665.35
12:46:33,665.61
12:46:33,664.56
12:46:33,665.14
12:46:33,665.48
12:46:33,665.29
12:46:33,665.57
12:46:33,665.74
12:46:33,665.05
12:46:33,665.03
12:46:33,664.62
12:46:33,665.17
12:46:33,664.3
12:46:33,664.58
12:46:33,663.55
12:46:33,663.33
12:46:33,662.8
12:46:33,663.68
12:46:33,663.41
12:46:33,664.04
12:46:33,663.23
12:46:33,663.14
12:46:33,663.08
12:46:33,663.85
12:46:33,664.31
12:46:33,663.39
12:46:33,664.43
12:46:33,665.06
12:46:33,665.04
12:46:33,664.22
12:46:33,663.33
12:46:33,663.2
12:46:33,664.32
12:46:33,664.99
12:46:33,663.8
12:46:33,662.28
12:46:33,663.77
12:46:33,664.66
12:46:33,665.6
12:46:33,665.76
12:46:33,664.65
12:46:33,665.19
12:46:33,665.52
12:46:33,665.71
12:46:33,665.83
12:46:33,665.1
12:46:33,663.86
12:46:33,664.71
12:46:33,665.23
12:46:33,665.54
12:46:33,662.52
12:46:33,662.71
12:46:33,662.83
12:46:33,664.1
12:46:33,664.86
12:46:33,663.31
12:46:33,662.79
12:46:33,663.67
12:46:33,664.2
12:46:33,664.52
12:46:33,662.71
12:46:33,662.83
12:46:33,664.1
12:46:33,664.86
12:46:33,664.11
12:46:33,662.47
12:46:33,663.88
12:46:34,664.33
12:46:34,665.0
12:46:34,665.0
12:46:34,664.2
12:46:34,664.92
12:46:34,665.35
12:46:34,665.21
12:46:34,665.13
12:46:34,664.28
12:46:34,664.97
12:46:34,664.98
12:46:34,664.99
12:46:34,664.19
12:46:34,662.52
12:46:34,663.51
12:46:34,663.31
12:46:34,663.18
12:46:34,664.31
12:46:34,663.79
12:46:34,664.27
12:46:34,664.96
12:46:34,665.38
12:46:34,664.43
12:46:34,664.26
12:46:34,664.95
12:46:34,664.97
12:46:34,664.98
12:46:34,664.19
12:46:34,663.71
12:46:34,663.43
12:46:34,663.26
12:46:34,663.95
12:46:34,663.57
12:46:34,662.14
12:46:34,663.69
12:46:34,664.21
12:46:34,663.33
12:46:34,664.0
12:46:34,662.8
12:46:34,663.68
12:46:34,664.21
12:46:34,663.72
12:46:34,664.63
12:46:34,662.78
12:46:34,663.67
12:46:34,664.6
12:46:34,664.76
12:46:34,664.86
12:46:34,665.71
12:46:34,664.63
12:46:34,664.78
12:46:34,664.87
12:46:34,663.72
12:46:34,664.63
12:46:34,665.18
12:46:34,665.51
12:46:34,665.3
12:46:34,665.18
12:46:34,665.51
12:46:34,664.51
12:46:34,663.9
12:46:34,664.34
12:46:34,665.01
12:46:34,663.8
12:46:34,663.88
12:46:34,664.33
12:46:34,663.8
12:46:34,663.48
12:46:34,664.09
12:46:34,664.85
12:46:34,664.91
12:46:34,664.95
12:46:34,664.17
12:46:34,664.9
12:46:34,665.34
12:46:34,665.2
12:46:34,665.52
12:46:34,665.71
12:46:34,665.83
12:46:34,665.9
12:46:34,665.54
12:46:34,665.72
12:46:34,665.83
12:46:34,665.9
12:46:34,665.94
12:46:34,665.56
12:46:34,665.34
12:46:34,665.6
12:46:34,665.36
12:46:34,665.62
12:46:34,665.77
12:46:34,665.86
12:46:34,665.52
12:46:34,665.71
12:46:34,664.63
12:46:34,663.98
12:46:34,664.39
12:46:34,665.03
12:46:34,663.82
12:46:34,663.49
12:46:34,664.09
12:46:34,663.66
12:46:34,664.59
12:46:34,663.96
12:46:34,661.97
12:46:34,663.18
12:46:34,664.31
12:46:34,664.59
12:46:34,663.95
12:46:34,661.97
12:46:34,663.58
12:46:34,664.55
12:46:34,664.73
12:46:34,665.24
12:46:34,664.74
12:46:34,665.25
12:46:34,665.15
12:46:34,665.49
12:46:34,664.49
12:46:34,663.1
12:46:34,662.66
12:46:34,663.99
12:46:34,664.4
12:46:34,664.64
12:46:34,663.98
12:46:34,664.39
12:46:34,665.03
12:46:34,664.62
12:46:34,664.77
12:46:34,664.06
12:46:34,663.24
12:46:34,664.34
12:46:34,665.01
12:46:34,664.6
12:46:34,663.16
12:46:34,663.1
12:46:34,663.06
12:46:34,663.44
12:46:34,664.06
12:46:34,663.64
12:46:34,664.58
12:46:34,664.75
12:46:34,665.25
12:46:34,665.55
12:46:34,664.53
12:46:34,663.92
12:46:34,664.75
12:46:34,665.25
12:46:34,665.55
12:46:34,664.53
12:46:34,665.12
12:46:34,664.27
12:46:34,664.56
12:46:34,665.54
12:46:34,664.52
12:46:34,664.71
12:46:34,664.03
12:46:34,663.62
12:46:34,664.57
12:46:34,663.94
12:46:34,663.97
12:46:34,664.78
12:46:34,664.87
12:46:34,664.92
12:46:34,664.15
12:46:34,663.69
12:46:34,664.61
12:46:34,663.57
12:46:34,664.54
12:46:34,663.92
12:46:34,664.75
12:46:34,665.25
12:46:34,665.55
12:46:34,665.33
12:46:35,664.8
12:46:35,664.88
12:46:35,664.93
12:46:35,665.36
12:46:35,665.61
12:46:35,662.97
12:46:35,664.18
12:46:35,664.91
12:46:35,664.95
12:46:35,664.17
12:46:35,666.5
12:46:35,665.9
12:46:35,665.54
12:46:35,665.32
12:46:35,665.59
12:46:35,666.16
12:46:35,664.89
12:46:35,664.94
12:46:35,664.56
12:46:35,664.74
12:46:35,665.24
12:46:35,665.55
12:46:35,665.73
12:46:35,665.44
12:46:35,665.26
12:46:35,665.56
12:46:35,665.73
12:46:35,665.84
12:46:35,665.5
12:46:35,664.1
12:46:35,664.46
12:46:35,665.08
12:46:35,665.05
12:46:35,663.83
12:46:35,664.7
12:46:35,664.82
12:46:35,665.29
12:46:35,665.57
12:46:35,665.74
12:46:35,665.45
12:46:35,665.27
12:46:35,665.56
12:46:35,665.74
12:46:35,665.84
12:46:35,664.71
12:46:35,664.82
12:46:35,663.29
12:46:35,664.38
12:46:35,665.43
12:46:35,665.66
12:46:35,665.39
12:46:35,664.84
12:46:35,664.9
12:46:35,664.94
12:46:35,664.16
12:46:35,664.9
12:46:35,662.94
12:46:35,664.16
12:46:35,664.1
12:46:35,664.86
12:46:35,664.12
12:46:35,662.47
12:46:35,663.88
12:46:35,664.33
12:46:35,664.6
12:46:35,665.56
12:46:35,664.54
12:46:35,665.12
12:46:35,664.27
12:46:35,664.96
12:46:35,664.18
12:46:35,663.71
12:46:35,663.42
12:46:35,663.25
12:46:35,664.35
12:46:35,665.01
12:46:35,663.41
12:46:35,663.24
12:46:35,663.95
12:46:35,663.57
12:46:35,664.54
12:46:35,663.92
12:46:35,664.75
12:46:35,665.25
12:46:35,665.55
12:46:35,665.33
12:46:35,663.6
12:46:35,664.16
12:46:35,663.7
12:46:35,664.62
12:46:35,665.17
12:46:35,663.5
12:46:35,664.1
12:46:35,664.86
12:46:35,664.12
12:46:35,664.47
12:46:35,663.88
12:46:35,664.33
12:46:35,664.2
12:46:35,664.92
12:46:35,664.95
12:46:35,662.97
12:46:35,664.58
12:46:35,664.35
12:46:35,665.01
12:46:35,664.61
12:46:35,662.36
12:46:35,663.42
12:46:35,664.45
12:46:35,665.07
12:46:35,665.04
12:46:35,664.23
12:46:35,663.74
12:46:35,664.24
12:46:35,664.94
12:46:35,664.17
12:46:35,664.1
12:46:35,664.86
12:46:35,664.92
12:46:35,665.35
12:46:35,664.81
12:46:35,662.89
12:46:35,663.73
12:46:35,664.24
12:46:35,664.94
12:46:35,664.17
12:46:35,663.7
12:46:35,664.62
12:46:35,665.17
12:46:35,664.3
12:46:35,664.58
12:46:35,663.15
12:46:35,663.09
12:46:35,663.45
12:46:35,664.47
12:46:35,664.68
12:46:35,663.21
12:46:35,663.13
12:46:35,663.08
12:46:35,663.05
12:46:35,663.83
12:46:35,665.9
12:46:35,665.94
12:46:35,665.96
12:46:35,665.98
12:46:35,665.19
12:46:35,665.51
12:46:35,664.51
12:46:35,663.9
12:46:35,664.34
12:46:35,665.01
12:46:35,663.8
12:46:35,664.28
12:46:35,664.97
12:46:35,664.58
12:46:35,664.75
12:46:35,664.85
12:46:35,664.91
12:46:35,664.15
12:46:35,663.69
12:46:35,663.01
12:46:35,663.41
12:46:35,663.64
12:46:35,664.59
12:46:35,664.75
12:46:35,665.25
12:46:35,665.55
12:46:35,665.73
12:46:35,665.84
12:46:35,665.5
12:46:35,664.5
12:46:35,664.7
12:46:35,662.82
12:46:35,663.69
12:46:35,664.22
12:46:35,664.93
12:46:35,665.76
12:46:35,665.05
12:46:35,663.83
12:46:35,664.7
12:46:35,664.82
12:46:35,665.69
12:46:35,663.42
12:46:35,664.45
12:46:35,665.47
12:46:35,665.28
12:46:35,665.57
12:46:35,664.54
12:46:35,665.12
12:46:35,664.27
12:46:35,664.96
12:46:35,664.18
12:46:35,663.71
12:46:35,663.42
12:46:35,664.05
12:46:35,664.43
12:46:35,665.06
12:46:35,663.84
12:46:36,664.7
12:46:36,664.82
12:46:36,665.29
12:46:36,665.18
12:46:36,663.11
12:46:36,663.06
12:53:18,663.67
12:53:18,665.2
12:53:18,665.92
12:53:18,665.95
12:53:18,664.77
12:53:18,665.26
12:53:18,665.96
12:53:18,665.97
12:53:18,665.98
12:53:18,664.79
12:53:18,665.27
12:53:18,665.96
12:53:18,665.58
12:53:18,665.35
12:53:18,666.01
12:53:18,665.21
12:53:18,664.32
12:53:18,663.79
12:53:18,665.08
12:53:18,665.05
12:53:18,665.03
12:53:18,663.42
12:53:18,664.45
12:53:18,665.47
12:53:18,665.28
12:53:18,665.17
12:53:18,663.5
12:53:18,664.1
12:53:18,664.86
12:53:18,664.12
12:53:18,664.87
